model,path,evidence_in,mask_area,concentration,correct
dinov2,001.Black_footed_Albatross/Black_Footed_Albatross_0002_55.jpg,0.24272457459605207,0.18359375,1.3220742066399864,1
dinov2,001.Black_footed_Albatross/Black_Footed_Albatross_0024_796089.jpg,0.2750869241164176,0.13671875,2.0120642120833865,0
dinov2,001.Black_footed_Albatross/Black_Footed_Albatross_0005_796090.jpg,0.20283429250168342,0.16015625,1.266477454591431,1
dinov2,001.Black_footed_Albatross/Black_Footed_Albatross_0058_796074.jpg,0.12765337268301397,0.08984375,1.4208373812829513,1
dinov2,002.Laysan_Albatross/Laysan_Albatross_0102_611.jpg,0.1831262106636821,0.11328125,1.6165622686725245,1
dinov2,002.Laysan_Albatross/Laysan_Albatross_0098_621.jpg,0.1386163282893682,0.171875,0.8064949540329813,0
dinov2,002.Laysan_Albatross/Laysan_Albatross_0064_674.jpg,0.29469258830981515,0.1796875,1.6400282262791397,1
dinov2,003.Sooty_Albatross/Sooty_Albatross_0048_1130.jpg,0.10763302885174167,0.07421875,1.450213245973682,1
dinov2,003.Sooty_Albatross/Sooty_Albatross_0050_796351.jpg,0.2163137624868945,0.14453125,1.4966572801406042,0
dinov2,004.Groove_billed_Ani/Groove_Billed_Ani_0029_1620.jpg,0.107409310604952,0.08203125,1.309370483946632,1
dinov2,005.Crested_Auklet/Crested_Auklet_0036_794905.jpg,0.43327422399276305,0.3515625,1.2324244243015647,1
dinov2,006.Least_Auklet/Least_Auklet_0039_795081.jpg,0.3225942814908631,0.234375,1.3764022089678551,0
dinov2,006.Least_Auklet/Least_Auklet_0005_795119.jpg,0.12477590916789642,0.140625,0.887295290986265,1
dinov2,007.Parakeet_Auklet/Parakeet_Auklet_0017_795924.jpg,0.2400348476532254,0.22265625,1.0780511971827131,1
dinov2,007.Parakeet_Auklet/Parakeet_Auklet_0072_795929.jpg,0.12041008563452368,0.09765625,1.2329991506384095,1
dinov2,007.Parakeet_Auklet/Parakeet_Auklet_0067_795964.jpg,0.09036279686657549,0.08203125,1.1015653894207584,1
dinov2,008.Rhinoceros_Auklet/Rhinoceros_Auklet_0044_797502.jpg,0.409634333886802,0.2578125,1.58888462738601,0
dinov2,009.Brewer_Blackbird/Brewer_Blackbird_0028_2682.jpg,0.40624140621860977,0.171875,2.3635862259359857,0
dinov2,009.Brewer_Blackbird/Brewer_Blackbird_0080_2234.jpg,0.21745936719971629,0.11328125,1.9196411409946914,1
dinov2,010.Red_winged_Blackbird/Red_Winged_Blackbird_0017_4116.jpg,0.295106447950661,0.1953125,1.5109449361470035,0
dinov2,010.Red_winged_Blackbird/Red_Winged_Blackbird_0042_3635.jpg,0.10716214842218101,0.08203125,1.3063574596096783,0
dinov2,011.Rusty_Blackbird/Rusty_Blackbird_0109_6698.jpg,0.06664111872876258,0.12109375,0.5503266124428094,0
dinov2,011.Rusty_Blackbird/Rusty_Blackbird_0005_6771.jpg,0.23099584995566322,0.18359375,1.2581900929294287,0
dinov2,012.Yellow_headed_Blackbird/Yellow_Headed_Blackbird_0080_8601.jpg,0.11620953117672353,0.09375,1.2395682003311097,1
dinov2,012.Yellow_headed_Blackbird/Yellow_Headed_Blackbird_0023_7325.jpg,0.1867707423010879,0.125,1.4941658188754376,0
dinov2,013.Bobolink/Bobolink_0074_9311.jpg,0.03741966902742691,0.03125,1.1974290257003728,1
dinov2,013.Bobolink/Bobolink_0097_10861.jpg,0.13304950422385425,0.0234375,5.676776424793173,0
dinov2,013.Bobolink/Bobolink_0110_9496.jpg,0.06355489318687767,0.0390625,1.6270048490708269,1
dinov2,014.Indigo_Bunting/Indigo_Bunting_0025_12532.jpg,0.12066789978686775,0.0625,1.9306860876801102,1
dinov2,014.Indigo_Bunting/Indigo_Bunting_0029_13761.jpg,0.07541111895137899,0.046875,1.6087701944251103,1
dinov2,015.Lazuli_Bunting/Lazuli_Bunting_0037_15021.jpg,0.024393776510181417,0.0234375,1.040800687026114,1
dinov2,015.Lazuli_Bunting/Lazuli_Bunting_0093_15030.jpg,0.06242979259007637,0.046875,1.3318352911301004,1
dinov2,015.Lazuli_Bunting/Lazuli_Bunting_0057_14775.jpg,0.1679192743492432,0.16796875,0.9997053877711737,1
dinov2,016.Painted_Bunting/Painted_Bunting_0004_16641.jpg,0.2509361575162365,0.16796875,1.4939454069687512,1
dinov2,016.Painted_Bunting/Painted_Bunting_0010_16948.jpg,0.19389222624319075,0.171875,1.1281001597800095,1
dinov2,016.Painted_Bunting/Painted_Bunting_0080_16534.jpg,0.07677753559896938,0.046875,1.6379204100216593,0
dinov2,017.Cardinal/Cardinal_0038_19203.jpg,0.12951044739568215,0.12109375,1.0695055417858208,1
dinov2,017.Cardinal/Cardinal_0105_19045.jpg,0.07972570336096813,0.09375,0.8504074118068694,1
dinov2,018.Spotted_Catbird/Spotted_Catbird_0033_796805.jpg,0.28038925552308147,0.18359375,1.5272265000895535,1
dinov2,018.Spotted_Catbird/Spotted_Catbird_0015_796808.jpg,0.29709337646830225,0.1484375,2.001471032950514,1
dinov2,018.Spotted_Catbird/Spotted_Catbird_0032_796828.jpg,0.2954482974623501,0.171875,1.7189718124953133,1
dinov2,019.Gray_Catbird/Gray_Catbird_0028_20598.jpg,0.16406087765660846,0.21484375,0.7636287768218563,1
dinov2,019.Gray_Catbird/Gray_Catbird_0075_21125.jpg,0.20345746907938622,0.17578125,1.1574468693613087,1
dinov2,019.Gray_Catbird/Gray_Catbird_0104_20716.jpg,0.3198285581754657,0.203125,1.5745405165787596,1
dinov2,020.Yellow_breasted_Chat/Yellow_Breasted_Chat_0109_21796.jpg,0.05715554607463493,0.05078125,1.1255243779818564,1
dinov2,020.Yellow_breasted_Chat/Yellow_Breasted_Chat_0035_21870.jpg,0.0794614892081299,0.04296875,1.8492851366464822,1
dinov2,020.Yellow_breasted_Chat/Yellow_Breasted_Chat_0085_21899.jpg,0.226264067606348,0.1640625,1.3791332803962832,0
dinov2,021.Eastern_Towhee/Eastern_Towhee_0095_22594.jpg,0.07575603163852224,0.03515625,2.1548376203419317,1
dinov2,021.Eastern_Towhee/Eastern_Towhee_0085_22674.jpg,0.2398887913760675,0.1640625,1.4621792106927263,1
dinov2,021.Eastern_Towhee/Eastern_Towhee_0105_22675.jpg,0.03256514760669076,0.0234375,1.3894457050553048,1
dinov2,021.Eastern_Towhee/Eastern_Towhee_0112_22231.jpg,0.21763715965885388,0.125,1.7410971379830602,0
dinov2,021.Eastern_Towhee/Eastern_Towhee_0031_22233.jpg,0.07756153082495754,0.05859375,1.3237165668316477,1
dinov2,021.Eastern_Towhee/Eastern_Towhee_0022_22279.jpg,0.15759517453780053,0.09765625,1.6137744220165766,0
dinov2,021.Eastern_Towhee/Eastern_Towhee_0121_22319.jpg,0.19992429908782824,0.13671875,1.4623033377996426,1
dinov2,022.Chuck_will_Widow/Chuck_Will_Widow_0019_22806.jpg,0.15364165812318015,0.06640625,2.3136622680328656,1
dinov2,022.Chuck_will_Widow/Chuck_Will_Widow_0022_796967.jpg,0.5783202035219729,0.4453125,1.2986839366402998,1
dinov2,022.Chuck_will_Widow/Chuck_Will_Widow_0027_796978.jpg,0.7393501543985174,0.5546875,1.332912930378615,0
dinov2,022.Chuck_will_Widow/Chuck_Will_Widow_0031_796981.jpg,0.21822595402676392,0.12890625,1.6929042393035367,1
dinov2,023.Brandt_Cormorant/Brandt_Cormorant_0092_23061.jpg,0.4005253423179223,0.26953125,1.4860070120175386,0
dinov2,024.Red_faced_Cormorant/Red_Faced_Cormorant_0021_796265.jpg,0.13381858635138724,0.08203125,1.6313120918950563,1
dinov2,024.Red_faced_Cormorant/Red_Faced_Cormorant_0054_796301.jpg,0.2892046027773142,0.2578125,1.121763264231492,1
dinov2,025.Pelagic_Cormorant/Pelagic_Cormorant_0042_23522.jpg,0.16724371811275826,0.12109375,1.3811093000395582,0
dinov2,026.Bronzed_Cowbird/Bronzed_Cowbird_0043_796224.jpg,0.10497003923961118,0.12890625,0.8143129685060383,1
dinov2,026.Bronzed_Cowbird/Bronzed_Cowbird_0073_796226.jpg,0.23397409442715894,0.09375,2.4957234076791988,0
dinov2,026.Bronzed_Cowbird/Bronzed_Cowbird_0031_24139.jpg,0.21239868520172908,0.078125,2.7187028225881713,0
dinov2,027.Shiny_Cowbird/Shiny_Cowbird_0057_24345.jpg,0.05056893428197152,0.0390625,1.294564386209988,0
dinov2,027.Shiny_Cowbird/Shiny_Cowbird_0039_24359.jpg,0.01929878799638229,0.03125,0.6175610182647074,0
dinov2,028.Brown_Creeper/Brown_Creeper_0124_24963.jpg,0.07079837210885513,0.1015625,0.6970915952043243,0
dinov2,028.Brown_Creeper/Brown_Creeper_0101_24987.jpg,0.048739068529745036,0.04296875,1.1342907854391198,1
dinov2,028.Brown_Creeper/Brown_Creeper_0006_25034.jpg,0.06809991498602361,0.0625,1.0895984654406234,1
dinov2,030.Fish_Crow/Fish_Crow_0067_26124.jpg,0.2308932243251108,0.1328125,1.738490028726291,0
dinov2,030.Fish_Crow/Fish_Crow_0034_25891.jpg,0.4088934101576878,0.2421875,1.6883340109392422,1
dinov2,031.Black_billed_Cuckoo/Black_Billed_Cuckoo_0030_26240.jpg,0.21890551366134964,0.171875,1.2736320053819903,1
dinov2,031.Black_billed_Cuckoo/Black_Billed_Cuckoo_0008_795305.jpg,0.10817697943964948,0.05859375,1.8462201340151148,1
dinov2,031.Black_billed_Cuckoo/Black_Billed_Cuckoo_0043_795324.jpg,0.10931711377480592,0.078125,1.3992588772123795,1
dinov2,032.Mangrove_Cuckoo/Mangrove_Cuckoo_0018_794593.jpg,0.2299946816775521,0.2265625,1.0151488950115892,1
dinov2,032.Mangrove_Cuckoo/Mangrove_Cuckoo_0035_794595.jpg,0.1556972307785431,0.1484375,1.048907589318516,1
dinov2,032.Mangrove_Cuckoo/Mangrove_Cuckoo_0003_794619.jpg,0.18777753758834456,0.16796875,1.1179313200165588,1
dinov2,033.Yellow_billed_Cuckoo/Yellow_Billed_Cuckoo_0074_26466.jpg,0.09685452207338174,0.0546875,1.7710537940634294,0
dinov2,033.Yellow_billed_Cuckoo/Yellow_Billed_Cuckoo_0043_26492.jpg,0.19012070726635133,0.09765625,1.9468358430514474,0
dinov2,033.Yellow_billed_Cuckoo/Yellow_Billed_Cuckoo_0088_26812.jpg,0.2270779297833184,0.203125,1.1179220608201736,1
dinov2,033.Yellow_billed_Cuckoo/Yellow_Billed_Cuckoo_0006_26578.jpg,0.1669054405870443,0.109375,1.5259924601336659,1
dinov2,034.Gray_crowned_Rosy_Finch/Gray_Crowned_Rosy_Finch_0079_797294.jpg,0.0968413353870998,0.08984375,1.0778860478134464,1
dinov2,034.Gray_crowned_Rosy_Finch/Gray_Crowned_Rosy_Finch_0057_27107.jpg,0.36573466222706813,0.265625,1.3768833824309998,1
dinov2,035.Purple_Finch/Purple_Finch_0021_28235.jpg,0.17818546571302335,0.15625,1.1403869075785873,1
dinov2,035.Purple_Finch/Purple_Finch_0030_27255.jpg,0.07278838582997238,0.1015625,0.7166855745291484,1
dinov2,035.Purple_Finch/Purple_Finch_0065_27473.jpg,0.14951809519897405,0.12109375,1.2347299745170524,1
dinov2,036.Northern_Flicker/Northern_Flicker_0093_28700.jpg,0.32014673111809766,0.1640625,1.9513704326363024,1
dinov2,036.Northern_Flicker/Northern_Flicker_0131_28962.jpg,0.11529567322228494,0.02734375,4.216525935799792,0
dinov2,036.Northern_Flicker/Northern_Flicker_0090_28491.jpg,0.3998007870648875,0.16796875,2.380209195238969,0
dinov2,036.Northern_Flicker/Northern_Flicker_0051_28650.jpg,0.30192583119872307,0.17578125,1.7176224086613276,1
dinov2,037.Acadian_Flycatcher/Acadian_Flycatcher_0051_29077.jpg,0.2616210163837243,0.29296875,0.8929997054420558,1
dinov2,037.Acadian_Flycatcher/Acadian_Flycatcher_0041_795605.jpg,0.1851361546273229,0.140625,1.3165236726192795,0
dinov2,037.Acadian_Flycatcher/Acadian_Flycatcher_0012_795612.jpg,0.27568671364662467,0.19921875,1.3838391206060348,0
dinov2,038.Great_Crested_Flycatcher/Great_Crested_Flycatcher_0028_29696.jpg,0.09413936565259617,0.140625,0.6694354414808303,1
dinov2,038.Great_Crested_Flycatcher/Great_Crested_Flycatcher_0139_29302.jpg,0.0417431452823742,0.03125,1.3357802215863035,0
dinov2,038.Great_Crested_Flycatcher/Great_Crested_Flycatcher_0010_29396.jpg,0.10457088648888498,0.08203125,1.2747687465593602,1
dinov2,039.Least_Flycatcher/Least_Flycatcher_0057_30282.jpg,0.06087019294615619,0.09375,0.6492819888355873,1
dinov2,041.Scissor_tailed_Flycatcher/Scissor_Tailed_Flycatcher_0042_41990.jpg,0.010591058049545911,0.03125,0.33891374913306943,1
dinov2,041.Scissor_tailed_Flycatcher/Scissor_Tailed_Flycatcher_0094_42018.jpg,0.05954198759264999,0.08203125,0.7258450935978552,0
dinov2,041.Scissor_tailed_Flycatcher/Scissor_Tailed_Flycatcher_0076_41597.jpg,0.012200338638739903,0.046875,0.2602738354346997,1
dinov2,042.Vermilion_Flycatcher/Vermilion_Flycatcher_0070_42250.jpg,0.10202376284519393,0.03515625,2.9020084288031187,0
dinov2,042.Vermilion_Flycatcher/Vermilion_Flycatcher_0059_42261.jpg,0.16750291461389802,0.1484375,1.1284406119039454,1
dinov2,042.Vermilion_Flycatcher/Vermilion_Flycatcher_0021_42378.jpg,0.11172143538131565,0.109375,1.0214530300963234,1
dinov2,042.Vermilion_Flycatcher/Vermilion_Flycatcher_0039_42423.jpg,0.04938382703905292,0.04296875,1.1492960708908733,0
dinov2,042.Vermilion_Flycatcher/Vermilion_Flycatcher_0028_42197.jpg,0.155905718668207,0.17578125,0.8869302601893228,0
dinov2,043.Yellow_bellied_Flycatcher/Yellow_Bellied_Flycatcher_0026_795489.jpg,0.2046936600940005,0.1796875,1.139164653647883,0
dinov2,043.Yellow_bellied_Flycatcher/Yellow_Bellied_Flycatcher_0007_795491.jpg,0.7169796893545779,0.625,1.1471674846126447,1
dinov2,043.Yellow_bellied_Flycatcher/Yellow_Bellied_Flycatcher_0065_42635.jpg,0.09791899593247644,0.08203125,1.1936790429950295,1
dinov2,043.Yellow_bellied_Flycatcher/Yellow_Bellied_Flycatcher_0027_42649.jpg,0.10509820494206447,0.08203125,1.2811970088240077,0
dinov2,044.Frigatebird/Frigatebird_0034_43053.jpg,0.20951657223306783,0.15625,1.3409059764736517,1
dinov2,044.Frigatebird/Frigatebird_0091_43066.jpg,0.037182212713931094,0.02734375,1.3598061390946634,1
dinov2,044.Frigatebird/Frigatebird_0120_43300.jpg,0.039749251200033316,0.03125,1.271975631368864,1
dinov2,045.Northern_Fulmar/Northern_Fulmar_0008_43647.jpg,0.028868505296960133,0.02734375,1.055762093324405,0
dinov2,045.Northern_Fulmar/Northern_Fulmar_0015_43658.jpg,0.07752502265297999,0.06640625,1.1674354594428296,1
dinov2,045.Northern_Fulmar/Northern_Fulmar_0016_43958.jpg,0.4005532318182479,0.265625,1.5079650512511902,0
dinov2,047.American_Goldfinch/American_Goldfinch_0084_32295.jpg,0.09076955774008041,0.06640625,1.3668825460141925,1
dinov2,047.American_Goldfinch/American_Goldfinch_0036_31910.jpg,0.18238278846182077,0.1015625,1.7957688172714594,1
dinov2,047.American_Goldfinch/American_Goldfinch_0064_32142.jpg,0.19783705070131477,0.1015625,1.9479338458779207,1
dinov2,048.European_Goldfinch/European_Goldfinch_0017_794638.jpg,0.44689446229447904,0.328125,1.3619640340566512,1
dinov2,048.European_Goldfinch/European_Goldfinch_0034_33256.jpg,0.27153351771009526,0.1484375,1.8292783118639977,0
dinov2,048.European_Goldfinch/European_Goldfinch_0005_33263.jpg,0.17300583076507256,0.09765625,1.7715795256245996,1
dinov2,050.Eared_Grebe/Eared_Grebe_0042_34132.jpg,0.08505803554922968,0.0546875,1.5553466513510978,1
dinov2,050.Eared_Grebe/Eared_Grebe_0001_34433.jpg,0.1669558454855394,0.1328125,1.2570792125345678,0
dinov2,051.Horned_Grebe/Horned_Grebe_0058_34568.jpg,0.03883011427690621,0.0390625,0.9940506710118272,0
dinov2,051.Horned_Grebe/Horned_Grebe_0095_34491.jpg,0.18925560288202709,0.203125,0.9317198452422333,1
dinov2,051.Horned_Grebe/Horned_Grebe_0053_34512.jpg,0.1072357042015682,0.109375,0.980440634488337,1
dinov2,052.Pied_billed_Grebe/Pied_Billed_Grebe_0013_35882.jpg,0.18050995036675,0.16796875,1.0746638265755488,1
dinov2,052.Pied_billed_Grebe/Pied_Billed_Grebe_0053_35262.jpg,0.1448190779476725,0.1484375,0.975623196237073,1
dinov2,052.Pied_billed_Grebe/Pied_Billed_Grebe_0056_35623.jpg,0.13491914722488377,0.1015625,1.328434549568377,0
dinov2,053.Western_Grebe/Western_Grebe_0048_36399.jpg,0.05141413969504229,0.03515625,1.4624462242298324,1
dinov2,054.Blue_Grosbeak/Blue_Grosbeak_0015_36985.jpg,0.12598514592907384,0.078125,1.6126096614781085,0
dinov2,054.Blue_Grosbeak/Blue_Grosbeak_0016_36862.jpg,0.06243935549170199,0.03515625,1.776052273242432,0
dinov2,055.Evening_Grosbeak/Evening_Grosbeak_0141_37398.jpg,0.0883123695862398,0.0546875,1.6148544628607115,1
dinov2,055.Evening_Grosbeak/Evening_Grosbeak_0085_37487.jpg,0.23694578739996347,0.171875,1.3785935919361603,1
dinov2,055.Evening_Grosbeak/Evening_Grosbeak_0098_37532.jpg,0.16562467634864114,0.125,1.3249973047893449,1
dinov2,055.Evening_Grosbeak/Evening_Grosbeak_0038_37228.jpg,0.2830835882617176,0.1953125,1.4493878976913337,1
dinov2,055.Evening_Grosbeak/Evening_Grosbeak_0015_37238.jpg,0.12102585869159659,0.07421875,1.6306639816078388,1
dinov2,055.Evening_Grosbeak/Evening_Grosbeak_0129_37831.jpg,0.2853001439505424,0.23828125,1.197325144035844,1
dinov2,056.Pine_Grosbeak/Pine_Grosbeak_0042_38432.jpg,0.12362578341644197,0.078125,1.5824098251819996,1
dinov2,056.Pine_Grosbeak/Pine_Grosbeak_0016_38743.jpg,0.33826028901802524,0.14453125,2.3403953512757396,0
dinov2,056.Pine_Grosbeak/Pine_Grosbeak_0052_38804.jpg,0.0956715415181586,0.078125,1.2245955746841966,1
dinov2,056.Pine_Grosbeak/Pine_Grosbeak_0009_38609.jpg,0.38264565915652854,0.16796875,2.2780763467952525,1
dinov2,057.Rose_breasted_Grosbeak/Rose_Breasted_Grosbeak_0003_39223.jpg,0.07455438891637368,0.03515625,2.1206575704120314,1
dinov2,057.Rose_breasted_Grosbeak/Rose_Breasted_Grosbeak_0032_39772.jpg,0.0884622008341101,0.03515625,2.5162574413236816,0
dinov2,057.Rose_breasted_Grosbeak/Rose_Breasted_Grosbeak_0126_39361.jpg,0.12084311546556459,0.05859375,2.0623888186312773,0
dinov2,058.Pigeon_Guillemot/Pigeon_Guillemot_0071_40216.jpg,0.16832851931918782,0.19140625,0.8794305855993834,0
dinov2,058.Pigeon_Guillemot/Pigeon_Guillemot_0075_40159.jpg,0.052526403665607894,0.140625,0.37352106617171366,1
dinov2,059.California_Gull/California_Gull_0088_41296.jpg,0.0939798861748343,0.0703125,1.3366026355030465,0
dinov2,059.California_Gull/California_Gull_0001_40786.jpg,0.09004307149218689,0.0859375,1.0477738008954052,0
dinov2,060.Glaucous_winged_Gull/Glaucous_Winged_Gull_0017_45224.jpg,0.19651476306972437,0.125,1.5721179787883568,1
dinov2,061.Heermann_Gull/Heermann_Gull_0109_45619.jpg,0.16931588102111877,0.09375,1.8060358715814406,0
dinov2,061.Heermann_Gull/Heermann_Gull_0027_45864.jpg,0.2789602139900485,0.18359375,1.5194427849293382,1
dinov2,061.Heermann_Gull/Heermann_Gull_0001_45472.jpg,0.12837355592400332,0.0625,2.053976566147803,1
dinov2,062.Herring_Gull/Herring_Gull_0120_48822.jpg,0.4446280065158429,0.5234375,0.8494385633842765,0
dinov2,063.Ivory_Gull/Ivory_Gull_0085_49456.jpg,0.0780921862987693,0.09765625,0.7996639058138136,1
dinov2,063.Ivory_Gull/Ivory_Gull_0007_49364.jpg,0.07304655693792594,0.09375,0.779163190893803,1
dinov2,064.Ring_billed_Gull/Ring_Billed_Gull_0085_51292.jpg,0.2600060364985151,0.21484375,1.210209859008775,1
dinov2,064.Ring_billed_Gull/Ring_Billed_Gull_0115_51891.jpg,0.22503166139555078,0.140625,1.6002250339079143,0
dinov2,065.Slaty_backed_Gull/Slaty_Backed_Gull_0024_796028.jpg,0.2992892782873301,0.14453125,2.070758106497723,1
dinov2,065.Slaty_backed_Gull/Slaty_Backed_Gull_0085_53158.jpg,0.4050664575212056,0.19921875,2.033274665102853,0
dinov2,066.Western_Gull/Western_Gull_0013_54794.jpg,0.09241815004560915,0.04296875,2.1508219005065343,0
dinov2,066.Western_Gull/Western_Gull_0078_53595.jpg,0.15149345569796113,0.10546875,1.436382258575536,1
dinov2,066.Western_Gull/Western_Gull_0069_53553.jpg,0.27104618330705393,0.12890625,2.102661137690706,0
dinov2,066.Western_Gull/Western_Gull_0066_54105.jpg,0.2518653106222666,0.21484375,1.1723184821484534,1
dinov2,067.Anna_Hummingbird/Anna_Hummingbird_0087_56435.jpg,0.2455873367914293,0.140625,1.7463987152173666,0
dinov2,067.Anna_Hummingbird/Anna_Hummingbird_0037_56587.jpg,0.25952229984393027,0.12109375,2.143151718502508,0
dinov2,068.Ruby_throated_Hummingbird/Ruby_Throated_Hummingbird_0118_57536.jpg,0.14082887929383928,0.09375,1.5021745522356669,1
dinov2,068.Ruby_throated_Hummingbird/Ruby_Throated_Hummingbird_0108_57653.jpg,0.05443806111384688,0.0546875,0.9954386497729898,1
dinov2,069.Rufous_Hummingbird/Rufous_Hummingbird_0009_59405.jpg,0.15255147565327143,0.10546875,1.4464138542377045,1
dinov2,069.Rufous_Hummingbird/Rufous_Hummingbird_0134_59449.jpg,0.17977467210764717,0.109375,1.6436539947072661,0
dinov2,069.Rufous_Hummingbird/Rufous_Hummingbird_0046_59647.jpg,0.14186964966510157,0.13671875,1.0376750759376516,1
dinov2,070.Green_Violetear/Green_Violetear_0119_795724.jpg,0.1898521996875797,0.1328125,1.4294752782518731,1
dinov2,071.Long_tailed_Jaeger/Long_Tailed_Jaeger_0033_60955.jpg,0.11331184684434033,0.078125,1.4503914539574503,1
dinov2,071.Long_tailed_Jaeger/Long_Tailed_Jaeger_0044_60968.jpg,0.24747532066805644,0.1171875,2.111789222828068,0
dinov2,072.Pomarine_Jaeger/Pomarine_Jaeger_0033_795749.jpg,0.1545385275285252,0.125,1.236308121323552,1
dinov2,072.Pomarine_Jaeger/Pomarine_Jaeger_0045_795750.jpg,0.19763579174867563,0.13671875,1.4455645424861638,1
dinov2,072.Pomarine_Jaeger/Pomarine_Jaeger_0014_61335.jpg,0.13623242053995852,0.08203125,1.6607378765114484,1
dinov2,072.Pomarine_Jaeger/Pomarine_Jaeger_0062_61351.jpg,0.1270069250593907,0.07421875,1.71125097023166,0
dinov2,072.Pomarine_Jaeger/Pomarine_Jaeger_0002_61361.jpg,0.05450126486053452,0.0390625,1.3952320232502857,1
dinov2,072.Pomarine_Jaeger/Pomarine_Jaeger_0063_61406.jpg,0.04914688454870385,0.02734375,1.7973711204568736,0
dinov2,073.Blue_Jay/Blue_Jay_0083_61492.jpg,0.20621059377149445,0.1484375,1.3892081170823631,1
dinov2,073.Blue_Jay/Blue_Jay_0068_61543.jpg,0.15188354363714193,0.0859375,1.7673719384834625,1
dinov2,074.Florida_Jay/Florida_Jay_0105_64522.jpg,0.13829635623399145,0.125,1.1063707613622706,1
dinov2,074.Florida_Jay/Florida_Jay_0011_64920.jpg,0.20397221293083914,0.203125,1.0041708449926434,1
dinov2,074.Florida_Jay/Florida_Jay_0005_64940.jpg,0.16800670431758297,0.14453125,1.1624246845809203,1
dinov2,074.Florida_Jay/Florida_Jay_0080_64505.jpg,0.1852426084003747,0.1328125,1.3947677699967775,0
dinov2,074.Florida_Jay/Florida_Jay_0099_64735.jpg,0.055939479288745535,0.06640625,0.8423826200834912,1
dinov2,074.Florida_Jay/Florida_Jay_0065_64739.jpg,0.03551973405954877,0.0234375,1.5155080065906648,0
dinov2,076.Dark_eyed_Junco/Dark_Eyed_Junco_0059_66305.jpg,0.1727838204904011,0.0625,2.764540685519908,0
dinov2,076.Dark_eyed_Junco/Dark_Eyed_Junco_0093_67335.jpg,0.09002628678122859,0.06640625,1.3556897614958077,0
dinov2,077.Tropical_Kingbird/Tropical_Kingbird_0063_69589.jpg,0.028331494169538063,0.01953125,1.4505717587876081,1
dinov2,078.Gray_Kingbird/Gray_Kingbird_0077_70191.jpg,0.16019450931629114,0.10546875,1.5188811295049942,0
dinov2,078.Gray_Kingbird/Gray_Kingbird_0043_795032.jpg,0.1133265943430614,0.078125,1.4505802219169177,1
dinov2,078.Gray_Kingbird/Gray_Kingbird_0010_70057.jpg,0.16431322540393709,0.1328125,1.2371818393006584,1
dinov2,079.Belted_Kingfisher/Belted_Kingfisher_0014_70910.jpg,0.07537543658586565,0.109375,0.6891467857773513,1
dinov2,080.Green_Kingfisher/Green_Kingfisher_0057_71096.jpg,0.08556683361149643,0.05859375,1.4603403777381145,0
dinov2,081.Pied_Kingfisher/Pied_Kingfisher_0132_72706.jpg,0.1350711965162432,0.09765625,1.38312891069393,1
dinov2,082.Ringed_Kingfisher/Ringed_Kingfisher_0051_72997.jpg,0.016473320055284756,0.01953125,0.8434335549925993,1
dinov2,082.Ringed_Kingfisher/Ringed_Kingfisher_0083_73053.jpg,0.07596139110272676,0.04296875,1.7678283269688666,0
dinov2,082.Ringed_Kingfisher/Ringed_Kingfisher_0043_72877.jpg,0.16849390289738062,0.10546875,1.5975716685905914,1
dinov2,083.White_breasted_Kingfisher/White_Breasted_Kingfisher_0065_73372.jpg,0.1609857066793686,0.109375,1.4718691836404734,1
dinov2,084.Red_legged_Kittiwake/Red_Legged_Kittiwake_0051_795404.jpg,0.3048598197055116,0.32421875,0.9402904992465939,1
dinov2,085.Horned_Lark/Horned_Lark_0026_74910.jpg,0.10336475188284493,0.07421875,1.392703837720341,1
dinov2,087.Mallard/Mallard_0107_76498.jpg,0.21090924783050977,0.1171875,1.7997587612409358,1
dinov2,087.Mallard/Mallard_0083_77052.jpg,0.6059293363736946,0.46875,1.2926492233540319,1
dinov2,088.Western_Meadowlark/Western_Meadowlark_0034_78869.jpg,0.07272203703550224,0.0390625,1.8616836715178375,1
dinov2,089.Hooded_Merganser/Hooded_Merganser_0037_796731.jpg,0.2826719807649361,0.22265625,1.2695442776454438,1
dinov2,089.Hooded_Merganser/Hooded_Merganser_0009_79012.jpg,0.21047026092777385,0.13671875,1.5394395101869989,1
dinov2,089.Hooded_Merganser/Hooded_Merganser_0020_79046.jpg,0.13243858575512796,0.0859375,1.5411033640040066,0
dinov2,089.Hooded_Merganser/Hooded_Merganser_0068_79057.jpg,0.2631949345151119,0.1796875,1.4647369453509145,1
dinov2,089.Hooded_Merganser/Hooded_Merganser_0063_79064.jpg,0.26265841666784157,0.203125,1.2930875260896804,1
dinov2,090.Red_breasted_Merganser/Red_Breasted_Merganser_0030_79411.jpg,0.06759868089480371,0.06640625,1.0179564531236018,0
dinov2,090.Red_breasted_Merganser/Red_Breasted_Merganser_0014_79205.jpg,0.11762904385931099,0.10546875,1.1152974952897046,1
dinov2,090.Red_breasted_Merganser/Red_Breasted_Merganser_0004_79232.jpg,0.01675298308067353,0.02734375,0.612680300027265,1
dinov2,091.Mockingbird/Mockingbird_0084_80670.jpg,0.08589028824044248,0.0859375,0.9994505104981805,1
dinov2,091.Mockingbird/Mockingbird_0012_81216.jpg,0.11472435813219511,0.09765625,1.1747773069764817,1
dinov2,091.Mockingbird/Mockingbird_0042_81728.jpg,0.07899875846202156,0.05859375,1.3482452476513123,0
dinov2,091.Mockingbird/Mockingbird_0067_79723.jpg,0.0777343249272309,0.0546875,1.4214273958940697,0
dinov2,091.Mockingbird/Mockingbird_0001_79812.jpg,0.21128753920359128,0.17578125,1.2019912657560383,1
dinov2,092.Nighthawk/Nighthawk_0087_82280.jpg,0.059495360534678146,0.04296875,1.3846189774775475,1
dinov2,092.Nighthawk/Nighthawk_0042_83603.jpg,0.45748635592969034,0.19140625,2.390132673454308,0
dinov2,092.Nighthawk/Nighthawk_0020_83869.jpg,0.2055829635916357,0.14453125,1.4224117577860713,1
dinov2,092.Nighthawk/Nighthawk_0028_82636.jpg,0.05141094950822242,0.0546875,0.940085761963242,1
dinov2,093.Clark_Nutcracker/Clark_Nutcracker_0096_84996.jpg,0.15540011491098898,0.14453125,1.0752007206675496,1
dinov2,093.Clark_Nutcracker/Clark_Nutcracker_0131_85701.jpg,0.10130211899677952,0.0859375,1.1787881566126308,1
dinov2,093.Clark_Nutcracker/Clark_Nutcracker_0093_84809.jpg,0.12988401781086978,0.1171875,1.1083435240741082,1
dinov2,093.Clark_Nutcracker/Clark_Nutcracker_0051_84950.jpg,0.15367021326444721,0.09765625,1.5735828226930586,0
dinov2,094.White_breasted_Nuthatch/White_Breasted_Nuthatch_0003_86029.jpg,0.1918519447977172,0.15234375,1.259335760110668,1
dinov2,094.White_breasted_Nuthatch/White_Breasted_Nuthatch_0063_86573.jpg,0.3571126669857647,0.1171875,3.0473611649037062,0
dinov2,095.Baltimore_Oriole/Baltimore_Oriole_0074_87214.jpg,0.26956975407441197,0.15625,1.7252463156604725,1
dinov2,095.Baltimore_Oriole/Baltimore_Oriole_0018_87782.jpg,0.5174090998854086,0.26953125,1.919662676178669,0
dinov2,095.Baltimore_Oriole/Baltimore_Oriole_0037_87337.jpg,0.07962288048660597,0.03515625,2.264827956290173,1
dinov2,095.Baltimore_Oriole/Baltimore_Oriole_0086_88375.jpg,0.2587413735025603,0.1640625,1.577090180459633,0
dinov2,095.Baltimore_Oriole/Baltimore_Oriole_0112_87447.jpg,0.23717054931926368,0.08203125,2.8912215821049645,0
dinov2,096.Hooded_Oriole/Hooded_Oriole_0024_90157.jpg,0.23503942602306274,0.12890625,1.8233360119443598,0
dinov2,096.Hooded_Oriole/Hooded_Oriole_0010_90413.jpg,0.26111078342692673,0.16796875,1.5545199204121454,1
dinov2,097.Orchard_Oriole/Orchard_Oriole_0085_91411.jpg,0.06449193572031219,0.1171875,0.5503311378517403,0
dinov2,097.Orchard_Oriole/Orchard_Oriole_0027_91265.jpg,0.024650813372746605,0.0546875,0.45075764782025374,1
dinov2,099.Ovenbird/Ovenbird_0089_93234.jpg,0.40824228883927505,0.2734375,1.4930003160110514,0
dinov2,099.Ovenbird/Ovenbird_0009_93395.jpg,0.2568531677754047,0.19140625,1.3419266839830875,1
dinov2,099.Ovenbird/Ovenbird_0084_92901.jpg,0.07767357649675574,0.07421875,1.046549100210725,0
dinov2,100.Brown_Pelican/Brown_Pelican_0102_93727.jpg,0.10083865578373707,0.0625,1.6134182343928758,1
dinov2,100.Brown_Pelican/Brown_Pelican_0095_94290.jpg,0.2287589796888071,0.12109375,1.8891062569104065,1
dinov2,100.Brown_Pelican/Brown_Pelican_0073_94823.jpg,0.16688890538443485,0.06640625,2.5131501967500482,0
dinov2,100.Brown_Pelican/Brown_Pelican_0049_94598.jpg,0.18840825334785408,0.109375,1.7225895874007608,1
dinov2,101.White_Pelican/White_Pelican_0083_95840.jpg,0.14690261725162765,0.12890625,1.1396080939096958,1
dinov2,102.Western_Wood_Pewee/Western_Wood_Pewee_0062_98123.jpg,0.03679532102168702,0.0234375,1.5699330270872212,0
dinov2,104.American_Pipit/American_Pipit_0010_99843.jpg,0.04424818142690912,0.02734375,1.6182186146641542,0
dinov2,104.American_Pipit/American_Pipit_0072_99631.jpg,0.040717864059064385,0.046875,0.8686475812818895,0
dinov2,104.American_Pipit/American_Pipit_0104_100147.jpg,0.02232804753283555,0.046875,0.4763315790830882,1
dinov2,104.American_Pipit/American_Pipit_0066_99961.jpg,0.07106966014755997,0.10546875,0.6738456026937263,1
dinov2,104.American_Pipit/American_Pipit_0091_100276.jpg,0.06880371192694329,0.09375,0.7339061822707357,1
dinov2,105.Whip_poor_Will/Whip_Poor_Will_0028_796421.jpg,0.38339942039573366,0.14453125,2.652709319739783,0
dinov2,105.Whip_poor_Will/Whip_Poor_Will_0045_796422.jpg,0.3082549511766735,0.16796875,1.8351921582124766,1
dinov2,105.Whip_poor_Will/Whip_Poor_Will_0041_796428.jpg,0.33552320492443605,0.21875,1.5338202952513513,0
dinov2,105.Whip_poor_Will/Whip_Poor_Will_0015_796435.jpg,0.20848565350342482,0.0703125,2.9651288725637137,1
dinov2,106.Horned_Puffin/Horned_Puffin_0050_100645.jpg,0.13457765882409178,0.10546875,1.275995458978486,1
dinov2,106.Horned_Puffin/Horned_Puffin_0075_100664.jpg,0.09420672929844039,0.0703125,1.339828848357716,0
dinov2,106.Horned_Puffin/Horned_Puffin_0073_100830.jpg,0.06941488504976542,0.03515625,1.9744672797893013,0
dinov2,107.Common_Raven/Common_Raven_0070_101896.jpg,0.25488399281744883,0.1328125,1.9191263896559807,0
dinov2,107.Common_Raven/Common_Raven_0024_101394.jpg,0.29525832011963915,0.22265625,1.3260723957172331,0
dinov2,107.Common_Raven/Common_Raven_0107_101412.jpg,0.3108054157865016,0.2109375,1.473447827209592,0
dinov2,107.Common_Raven/Common_Raven_0075_102530.jpg,0.15632888512078982,0.1171875,1.3340063725288627,1
dinov2,107.Common_Raven/Common_Raven_0129_102094.jpg,0.2861175541491287,0.265625,1.077148398598192,0
dinov2,107.Common_Raven/Common_Raven_0018_101713.jpg,0.2681995847955477,0.16015625,1.6746119370891133,1
dinov2,108.White_necked_Raven/White_Necked_Raven_0029_797349.jpg,0.1435174771551867,0.0546875,2.624319102390778,1
dinov2,109.American_Redstart/American_Redstart_0088_103892.jpg,0.16906445890021732,0.11328125,1.4924309537183584,1
dinov2,110.Geococcyx/Geococcyx_0050_104506.jpg,0.15434697566227054,0.08203125,1.8815629025114395,0
dinov2,111.Loggerhead_Shrike/Loggerhead_Shrike_0059_106086.jpg,0.028997018506724943,0.03125,0.9279042952858236,1
dinov2,111.Loggerhead_Shrike/Loggerhead_Shrike_0118_105157.jpg,0.29360361555436254,0.23828125,1.2321724988123806,0
dinov2,112.Great_Grey_Shrike/Great_Grey_Shrike_0085_797037.jpg,0.07054479174081744,0.05078125,1.3891894714864783,1
dinov2,113.Baird_Sparrow/Baird_Sparrow_0015_794573.jpg,0.5786587927527461,0.30078125,1.9238525457096167,0
dinov2,114.Black_throated_Sparrow/Black_Throated_Sparrow_0074_107113.jpg,0.2643910428352202,0.16796875,1.5740489054942133,1
dinov2,114.Black_throated_Sparrow/Black_Throated_Sparrow_0076_106995.jpg,0.23531289842577058,0.09765625,2.409603833136458,0
dinov2,115.Brewer_Sparrow/Brewer_Sparrow_0034_796693.jpg,0.21809064614681278,0.16796875,1.298400048597208,0
dinov2,116.Chipping_Sparrow/Chipping_Sparrow_0022_107825.jpg,0.11013776889571694,0.078125,1.4097632614154796,1
dinov2,116.Chipping_Sparrow/Chipping_Sparrow_0062_110187.jpg,0.11056458797970475,0.0859375,1.2865696013266472,1
dinov2,116.Chipping_Sparrow/Chipping_Sparrow_0103_109529.jpg,0.08701326416616548,0.0703125,1.2375218032490305,0
dinov2,117.Clay_colored_Sparrow/Clay_Colored_Sparrow_0001_110632.jpg,0.16056186001566752,0.08984375,1.7871231125641618,0
dinov2,117.Clay_colored_Sparrow/Clay_Colored_Sparrow_0048_110653.jpg,0.09754006112326047,0.0390625,2.497024925517087,0
dinov2,117.Clay_colored_Sparrow/Clay_Colored_Sparrow_0094_797250.jpg,0.45101986870283645,0.265625,1.697957088840529,0
dinov2,117.Clay_colored_Sparrow/Clay_Colored_Sparrow_0075_797251.jpg,0.12646414163247718,0.09765625,1.2949926777093161,1
dinov2,117.Clay_colored_Sparrow/Clay_Colored_Sparrow_0073_110718.jpg,0.5872151840165325,0.2578125,2.277683049657026,0
dinov2,118.House_Sparrow/House_Sparrow_0025_111669.jpg,0.16163594732295475,0.140625,1.1494110992273334,0
dinov2,118.House_Sparrow/House_Sparrow_0036_112847.jpg,0.08184552939083767,0.078125,1.047622642107024,0
dinov2,118.House_Sparrow/House_Sparrow_0015_111085.jpg,0.1154460721478164,0.10546875,1.094599691395029,0
dinov2,118.House_Sparrow/House_Sparrow_0049_110976.jpg,0.16640581471922114,0.078125,2.129994155766779,0
dinov2,118.House_Sparrow/House_Sparrow_0098_111073.jpg,0.11347852038408149,0.0625,1.8156560356403382,0
dinov2,119.Field_Sparrow/Field_Sparrow_0120_113953.jpg,0.10191000323197286,0.0390625,2.6088954148612786,0
dinov2,121.Grasshopper_Sparrow/Grasshopper_Sparrow_0117_115983.jpg,0.18751909957643328,0.203125,0.9231709063124885,1
dinov2,121.Grasshopper_Sparrow/Grasshopper_Sparrow_0075_116260.jpg,0.03480456221458889,0.03515625,0.9899961547271777,1
dinov2,121.Grasshopper_Sparrow/Grasshopper_Sparrow_0082_116300.jpg,0.09742396732729486,0.06640625,1.4670901105904002,1
dinov2,121.Grasshopper_Sparrow/Grasshopper_Sparrow_0116_116066.jpg,0.20645895025852687,0.15625,1.3213371970889913,1
dinov2,122.Harris_Sparrow/Harris_Sparrow_0059_116608.jpg,0.16052440298197151,0.140625,1.1415067844757594,1
dinov2,122.Harris_Sparrow/Harris_Sparrow_0067_116707.jpg,0.3596902258292424,0.26953125,1.334502817332737,0
dinov2,123.Henslow_Sparrow/Henslow_Sparrow_0043_116756.jpg,0.13705160692572835,0.08984375,1.5254438029500141,0
dinov2,123.Henslow_Sparrow/Henslow_Sparrow_0104_796541.jpg,0.14537363199057787,0.125,1.162988962885506,0
dinov2,124.Le_Conte_Sparrow/Le_Conte_Sparrow_0050_795143.jpg,0.3621999015421804,0.12890625,2.8097929576281278,0
dinov2,124.Le_Conte_Sparrow/Le_Conte_Sparrow_0023_795156.jpg,0.12789185169800424,0.10546875,1.2126041085341692,1
dinov2,124.Le_Conte_Sparrow/Le_Conte_Sparrow_0086_795170.jpg,0.3132825547976363,0.26171875,1.197019865131702,1
dinov2,124.Le_Conte_Sparrow/Le_Conte_Sparrow_0013_795176.jpg,0.37646588178272783,0.12890625,2.9204623715149896,0
dinov2,125.Lincoln_Sparrow/Lincoln_Sparrow_0033_117303.jpg,0.08523023000807246,0.1171875,0.7272979006727975,1
dinov2,125.Lincoln_Sparrow/Lincoln_Sparrow_0017_117432.jpg,0.08980949350022438,0.0859375,1.045055802759754,0
dinov2,127.Savannah_Sparrow/Savannah_Sparrow_0048_120321.jpg,0.22952287347464131,0.1015625,2.259917300927688,0
dinov2,127.Savannah_Sparrow/Savannah_Sparrow_0139_119444.jpg,0.0891474884159863,0.0546875,1.630125204383712,1
dinov2,127.Savannah_Sparrow/Savannah_Sparrow_0035_120099.jpg,0.1567122267559342,0.08984375,1.744275025398917,0
dinov2,127.Savannah_Sparrow/Savannah_Sparrow_0051_118574.jpg,0.10637558757968918,0.05078125,2.094780389058664,0
dinov2,127.Savannah_Sparrow/Savannah_Sparrow_0135_119620.jpg,0.0847263835882455,0.0390625,2.1689948645963995,0
dinov2,127.Savannah_Sparrow/Savannah_Sparrow_0095_119670.jpg,0.15124172065990016,0.11328125,1.3350992093476024,1
dinov2,127.Savannah_Sparrow/Savannah_Sparrow_0093_118267.jpg,0.0909482842001916,0.09375,0.9701149279897848,1
dinov2,128.Seaside_Sparrow/Seaside_Sparrow_0065_796504.jpg,0.0858050982031869,0.1015625,0.8448501145076751,1
dinov2,128.Seaside_Sparrow/Seaside_Sparrow_0033_796506.jpg,0.1316771230159908,0.12890625,1.0214951780929087,1
dinov2,128.Seaside_Sparrow/Seaside_Sparrow_0037_796531.jpg,0.4891757774491512,0.23828125,2.052934324122473,0
dinov2,128.Seaside_Sparrow/Seaside_Sparrow_0059_120794.jpg,0.06843260812465031,0.0625,1.0949215548069562,1
dinov2,128.Seaside_Sparrow/Seaside_Sparrow_0069_120700.jpg,0.0945009623786368,0.109375,0.8640087198953107,1
dinov2,128.Seaside_Sparrow/Seaside_Sparrow_0029_120828.jpg,0.07405831231559097,0.0703125,1.053273625356156,1
dinov2,129.Song_Sparrow/Song_Sparrow_0009_121025.jpg,0.29921121151940505,0.1328125,2.2528842465171772,0
dinov2,129.Song_Sparrow/Song_Sparrow_0080_121033.jpg,0.06581748306456686,0.046875,1.4041060058348118,0
dinov2,129.Song_Sparrow/Song_Sparrow_0037_121078.jpg,0.1824636929405928,0.109375,1.6682393257892532,0
dinov2,129.Song_Sparrow/Song_Sparrow_0096_121313.jpg,0.14573697714148554,0.078125,1.8654330686355822,1
dinov2,129.Song_Sparrow/Song_Sparrow_0108_121327.jpg,0.37025367473955845,0.12109375,3.0575784808363244,0
dinov2,130.Tree_Sparrow/Tree_Sparrow_0042_124512.jpg,0.24475265239631597,0.13671875,1.7901906980162487,0
dinov2,131.Vesper_Sparrow/Vesper_Sparrow_0083_125718.jpg,0.09610699377335682,0.1328125,0.7236290751026152,1
dinov2,131.Vesper_Sparrow/Vesper_Sparrow_0023_125465.jpg,0.12826283303581326,0.1171875,1.0945094151741364,1
dinov2,132.White_crowned_Sparrow/White_Crowned_Sparrow_0098_127019.jpg,0.24508381394776219,0.15234375,1.608755185954201,0
dinov2,132.White_crowned_Sparrow/White_Crowned_Sparrow_0093_126531.jpg,0.07953765490330471,0.0390625,2.0361634442667587,0
dinov2,132.White_crowned_Sparrow/White_Crowned_Sparrow_0102_127708.jpg,0.10405408519254086,0.05859375,1.7758560842065922,0
dinov2,132.White_crowned_Sparrow/White_Crowned_Sparrow_0054_126068.jpg,0.18065018372692893,0.1953125,0.9249288933255168,0
dinov2,132.White_crowned_Sparrow/White_Crowned_Sparrow_0049_128311.jpg,0.16258232719118934,0.125,1.3006585134768338,0
dinov2,132.White_crowned_Sparrow/White_Crowned_Sparrow_0031_126457.jpg,0.20794604010935805,0.1640625,1.2674805481725109,1
dinov2,133.White_throated_Sparrow/White_Throated_Sparrow_0078_129041.jpg,0.3670815903131667,0.23828125,1.5405390684654205,1
dinov2,133.White_throated_Sparrow/White_Throated_Sparrow_0107_129046.jpg,0.15575865873337624,0.1171875,1.3291404411048264,0
dinov2,133.White_throated_Sparrow/White_Throated_Sparrow_0014_129148.jpg,0.46105921881392115,0.2734375,1.6861593671399404,1
dinov2,133.White_throated_Sparrow/White_Throated_Sparrow_0033_129016.jpg,0.16098997493250183,0.08203125,1.962544217076537,0
dinov2,134.Cape_Glossy_Starling/Cape_Glossy_Starling_0025_129341.jpg,0.19119316824793864,0.1328125,1.4395719819461181,1
dinov2,134.Cape_Glossy_Starling/Cape_Glossy_Starling_0098_129365.jpg,0.1974490370718486,0.171875,1.1487943306699946,1
dinov2,134.Cape_Glossy_Starling/Cape_Glossy_Starling_0079_129399.jpg,0.184720199536423,0.11328125,1.6306333416173426,1
dinov2,134.Cape_Glossy_Starling/Cape_Glossy_Starling_0099_129412.jpg,0.21867789395908213,0.13671875,1.5994724788250139,1
dinov2,135.Bank_Swallow/Bank_Swallow_0013_129563.jpg,0.07206030868650244,0.0859375,0.8385198580515358,1
dinov2,135.Bank_Swallow/Bank_Swallow_0029_129751.jpg,0.254106383812863,0.125,2.0328509078748316,0
dinov2,136.Barn_Swallow/Barn_Swallow_0034_130099.jpg,0.18386346674456636,0.12890625,1.4263346616724926,0
dinov2,136.Barn_Swallow/Barn_Swallow_0014_130403.jpg,0.1232847746257686,0.10546875,1.1689221967317014,1
dinov2,136.Barn_Swallow/Barn_Swallow_0023_130325.jpg,0.26162054223633774,0.109375,2.391959024610263,0
dinov2,136.Barn_Swallow/Barn_Swallow_0072_130474.jpg,0.33209606787200174,0.16015625,2.0735753187043815,0
dinov2,136.Barn_Swallow/Barn_Swallow_0029_132832.jpg,0.17715537920186497,0.16015625,1.106140835218461,1
dinov2,136.Barn_Swallow/Barn_Swallow_0080_131829.jpg,0.058957752630891556,0.046875,1.257765121135794,1
dinov2,137.Cliff_Swallow/Cliff_Swallow_0013_133169.jpg,0.16038254637598787,0.1796875,0.8925636866802142,1
dinov2,137.Cliff_Swallow/Cliff_Swallow_0038_133701.jpg,0.214707403404174,0.15234375,1.4093613247052192,1
dinov2,137.Cliff_Swallow/Cliff_Swallow_0083_133771.jpg,0.34943627436768704,0.31640625,1.1043911532208213,0
dinov2,138.Tree_Swallow/Tree_Swallow_0039_135038.jpg,0.11567196220843257,0.10546875,1.0967414636185404,0
dinov2,139.Scarlet_Tanager/Scarlet_Tanager_0025_138712.jpg,0.0997738201469354,0.06640625,1.5024761241927402,1
dinov2,140.Summer_Tanager/Summer_Tanager_0103_139267.jpg,0.08491602521359837,0.10546875,0.8051296442055295,1
dinov2,140.Summer_Tanager/Summer_Tanager_0052_139804.jpg,0.07217038937611446,0.0625,1.1547260452616641,1
dinov2,140.Summer_Tanager/Summer_Tanager_0127_139297.jpg,0.09870933389773305,0.06640625,1.4864462160304324,1
dinov2,140.Summer_Tanager/Summer_Tanager_0062_140633.jpg,0.12214504144109903,0.1484375,0.8228718026939352,1
dinov2,141.Artic_Tern/Artic_Tern_0093_141880.jpg,0.3134274237631554,0.2421875,1.2941518898441766,1
dinov2,141.Artic_Tern/Artic_Tern_0014_141716.jpg,0.3990043659863266,0.109375,3.6480395840542243,0
dinov2,142.Black_Tern/Black_Tern_0107_144661.jpg,0.08828283288417994,0.06640625,1.3294354008820848,1
dinov2,142.Black_Tern/Black_Tern_0102_144344.jpg,0.08307218943159876,0.078125,1.0633238886190064,0
dinov2,143.Caspian_Tern/Caspian_Tern_0010_145667.jpg,0.04783809982549797,0.06640625,0.7203853947729923,1
dinov2,143.Caspian_Tern/Caspian_Tern_0014_145640.jpg,0.12062863626790876,0.109375,1.1028902878994824,0
dinov2,144.Common_Tern/Common_Tern_0044_148680.jpg,0.04711977472469948,0.09375,0.5026108767849676,1
dinov2,145.Elegant_Tern/Elegant_Tern_0033_150687.jpg,0.06504744089633166,0.03125,2.0815174425970313,0
dinov2,145.Elegant_Tern/Elegant_Tern_0044_150946.jpg,0.16209802995770933,0.109375,1.4820389955412059,0
dinov2,146.Forsters_Tern/Forsters_Tern_0098_151258.jpg,0.08122269312921312,0.0390625,2.0793004118069507,0
dinov2,146.Forsters_Tern/Forsters_Tern_0076_151330.jpg,0.1857041517216421,0.13671875,1.3582931246717136,1
dinov2,146.Forsters_Tern/Forsters_Tern_0071_152142.jpg,0.16250222945277035,0.10546875,1.5407617331688583,1
dinov2,146.Forsters_Tern/Forsters_Tern_0065_152206.jpg,0.13688244646392433,0.0859375,1.592813737143703,0
dinov2,146.Forsters_Tern/Forsters_Tern_0029_151228.jpg,0.1542396032683774,0.0859375,1.794787901911254,0
dinov2,147.Least_Tern/Least_Tern_0128_153732.jpg,0.03906218161016161,0.0625,0.6249948057634169,1
dinov2,147.Least_Tern/Least_Tern_0028_153781.jpg,0.07286295952653321,0.1328125,0.5486151833628715,0
dinov2,147.Least_Tern/Least_Tern_0089_152912.jpg,0.06663111042409627,0.16796875,0.39668751751275816,1
dinov2,148.Green_tailed_Towhee/Green_Tailed_Towhee_0100_154966.jpg,0.24301547796014353,0.171875,1.4139081531407245,1
dinov2,148.Green_tailed_Towhee/Green_Tailed_Towhee_0085_154822.jpg,0.15238701170690855,0.12109375,1.2584216701744875,1
dinov2,149.Brown_Thrasher/Brown_Thrasher_0056_155048.jpg,0.25618149432122483,0.171875,1.4905104256937924,1
dinov2,152.Blue_headed_Vireo/Blue_Headed_Vireo_0058_156261.jpg,0.11342807957458449,0.12890625,0.8799268520751785,0
dinov2,153.Philadelphia_Vireo/Philadelphia_Vireo_0060_156555.jpg,0.21226264290862487,0.125,1.6981010074209184,1
dinov2,153.Philadelphia_Vireo/Philadelphia_Vireo_0035_156596.jpg,0.07596730309485226,0.0859375,0.8839830604220703,0
dinov2,154.Red_eyed_Vireo/Red_Eyed_Vireo_0026_156751.jpg,0.06038282342790296,0.09375,0.6440833811954043,1
dinov2,155.Warbling_Vireo/Warbling_Vireo_0087_158355.jpg,0.01100837992095335,0.046875,0.234845388213322,0
dinov2,155.Warbling_Vireo/Warbling_Vireo_0131_158522.jpg,0.0376253027385649,0.06640625,0.566592708858546,0
dinov2,156.White_eyed_Vireo/White_Eyed_Vireo_0045_159232.jpg,0.09109448561376282,0.09765625,0.9328074371654498,1
dinov2,156.White_eyed_Vireo/White_Eyed_Vireo_0134_158889.jpg,0.08249093262918833,0.0625,1.3198547108902596,1
dinov2,157.Yellow_throated_Vireo/Yellow_Throated_Vireo_0057_159570.jpg,0.1279559730225685,0.1015625,1.2598740718653814,1
dinov2,157.Yellow_throated_Vireo/Yellow_Throated_Vireo_0048_794982.jpg,0.1288901279526792,0.08984375,1.4346030036218342,0
dinov2,158.Bay_breasted_Warbler/Bay_Breasted_Warbler_0057_159818.jpg,0.20839928039223723,0.13671875,1.5242917679493089,1
dinov2,158.Bay_breasted_Warbler/Bay_Breasted_Warbler_0008_797115.jpg,0.1760547466700404,0.1484375,1.1860529502956523,1
dinov2,158.Bay_breasted_Warbler/Bay_Breasted_Warbler_0007_797118.jpg,0.1501545972688874,0.12109375,1.23998624924098,0
dinov2,158.Bay_breasted_Warbler/Bay_Breasted_Warbler_0039_797152.jpg,0.15678495533768905,0.13671875,1.1467698751633577,1
dinov2,158.Bay_breasted_Warbler/Bay_Breasted_Warbler_0043_797154.jpg,0.38327794969019746,0.29296875,1.3082553569540911,1
dinov2,158.Bay_breasted_Warbler/Bay_Breasted_Warbler_0053_797157.jpg,0.2123372728914717,0.11328125,1.8744254159202651,1
dinov2,158.Bay_breasted_Warbler/Bay_Breasted_Warbler_0110_159735.jpg,0.10244544202267229,0.0625,1.6391268101024672,0
dinov2,160.Black_throated_Blue_Warbler/Black_Throated_Blue_Warbler_0136_161400.jpg,0.18565652891326148,0.2109375,0.8801494286780075,1
dinov2,160.Black_throated_Blue_Warbler/Black_Throated_Blue_Warbler_0048_161665.jpg,0.1122407995968464,0.07421875,1.5122968855427712,1
dinov2,160.Black_throated_Blue_Warbler/Black_Throated_Blue_Warbler_0110_161726.jpg,0.12016349212586702,0.1015625,1.1831481136677995,1
dinov2,160.Black_throated_Blue_Warbler/Black_Throated_Blue_Warbler_0107_161214.jpg,0.1646752322185755,0.11328125,1.4536846802249155,0
dinov2,161.Blue_winged_Warbler/Blue_Winged_Warbler_0026_161813.jpg,0.08619154727668168,0.09765625,0.8826013537348418,0
dinov2,161.Blue_winged_Warbler/Blue_Winged_Warbler_0013_161816.jpg,0.06285980430229535,0.0625,1.0057567079156524,1
dinov2,161.Blue_winged_Warbler/Blue_Winged_Warbler_0078_161889.jpg,0.12665694390534485,0.09765625,1.2969669727813133,1
dinov2,161.Blue_winged_Warbler/Blue_Winged_Warbler_0061_161984.jpg,0.07722570193338829,0.03515625,2.196641563505,0
dinov2,162.Canada_Warbler/Canada_Warbler_0063_162324.jpg,0.12286374350355528,0.1015625,1.2097352015380014,1
dinov2,162.Canada_Warbler/Canada_Warbler_0020_162354.jpg,0.0801384951362268,0.08984375,0.8919761944093479,1
dinov2,163.Cape_May_Warbler/Cape_May_Warbler_0055_163171.jpg,0.29772303381059684,0.21875,1.3610195209161218,1
dinov2,164.Cerulean_Warbler/Cerulean_Warbler_0025_797232.jpg,0.18007180898032057,0.171875,1.0476904640198745,1
dinov2,165.Chestnut_sided_Warbler/Chestnut_Sided_Warbler_0046_163856.jpg,0.12787168143888225,0.05859375,2.1823429907703864,0
dinov2,165.Chestnut_sided_Warbler/Chestnut_Sided_Warbler_0127_163860.jpg,0.2294611438283846,0.11328125,2.02558784946764,1
dinov2,165.Chestnut_sided_Warbler/Chestnut_Sided_Warbler_0090_163629.jpg,0.1918355445781982,0.11328125,1.693444657820704,1
dinov2,166.Golden_winged_Warbler/Golden_Winged_Warbler_0035_164362.jpg,0.16852776546890386,0.06640625,2.5378294978350517,0
dinov2,166.Golden_winged_Warbler/Golden_Winged_Warbler_0070_164460.jpg,0.47638872041560476,0.171875,2.771716030245495,0
dinov2,166.Golden_winged_Warbler/Golden_Winged_Warbler_0052_164529.jpg,0.11004502454981337,0.06640625,1.6571483554383786,1
dinov2,166.Golden_winged_Warbler/Golden_Winged_Warbler_0082_164544.jpg,0.09749685179865526,0.046875,2.0799323946524013,0
dinov2,166.Golden_winged_Warbler/Golden_Winged_Warbler_0036_794817.jpg,0.2177184991547407,0.1171875,1.8578643675826947,1
dinov2,166.Golden_winged_Warbler/Golden_Winged_Warbler_0067_794846.jpg,0.21543415226103155,0.109375,1.9696834977297972,1
dinov2,167.Hooded_Warbler/Hooded_Warbler_0133_165016.jpg,0.224498708092877,0.10546875,2.1285801415781984,0
dinov2,167.Hooded_Warbler/Hooded_Warbler_0122_164635.jpg,0.16483983413401138,0.14453125,1.1405133680700728,0
dinov2,168.Kentucky_Warbler/Kentucky_Warbler_0005_795919.jpg,0.25938152371472567,0.16015625,1.61955282743694,0
dinov2,168.Kentucky_Warbler/Kentucky_Warbler_0044_165436.jpg,0.1787382826618162,0.08984375,1.9894345768901058,0
dinov2,168.Kentucky_Warbler/Kentucky_Warbler_0049_165313.jpg,0.1521687021844848,0.10546875,1.4427845950259093,1
dinov2,168.Kentucky_Warbler/Kentucky_Warbler_0022_795882.jpg,0.2793392368756817,0.3203125,0.8720834439956207,1
dinov2,168.Kentucky_Warbler/Kentucky_Warbler_0030_795885.jpg,0.15550210150790522,0.1171875,1.3269511529676263,0
dinov2,168.Kentucky_Warbler/Kentucky_Warbler_0003_795892.jpg,0.1713444643980812,0.09375,1.827674091960963,0
dinov2,169.Magnolia_Warbler/Magnolia_Warbler_0039_165532.jpg,0.13459947095633137,0.09375,1.4357275370565974,1
dinov2,169.Magnolia_Warbler/Magnolia_Warbler_0079_165783.jpg,0.20482137826749747,0.12890625,1.5889172354197343,0
dinov2,170.Mourning_Warbler/Mourning_Warbler_0006_166595.jpg,0.1717965380292164,0.08203125,2.0942813511485308,0
dinov2,170.Mourning_Warbler/Mourning_Warbler_0048_166596.jpg,0.13246786971877772,0.13671875,0.968907776217234,1
dinov2,171.Myrtle_Warbler/Myrtle_Warbler_0045_166710.jpg,0.15540041138758592,0.08984375,1.7296739516198558,1
dinov2,171.Myrtle_Warbler/Myrtle_Warbler_0083_166738.jpg,0.1499364206179487,0.13671875,1.096677739162853,0
dinov2,171.Myrtle_Warbler/Myrtle_Warbler_0028_166905.jpg,0.1882855941026335,0.125,1.5062846323182977,0
dinov2,171.Myrtle_Warbler/Myrtle_Warbler_0032_166847.jpg,0.1097826514770707,0.11328125,0.9691157343859937,1
dinov2,171.Myrtle_Warbler/Myrtle_Warbler_0063_93378.jpg,0.18009479518400778,0.16796875,1.0721922051696267,0
dinov2,172.Nashville_Warbler/Nashville_Warbler_0005_167103.jpg,0.07525306585617753,0.0625,1.2040488610510227,1
dinov2,172.Nashville_Warbler/Nashville_Warbler_0001_167117.jpg,0.07470519989462601,0.078125,0.9562264362542292,0
dinov2,173.Orange_crowned_Warbler/Orange_Crowned_Warbler_0065_167952.jpg,0.07579269599340653,0.09375,0.8084553376944337,0
dinov2,174.Palm_Warbler/Palm_Warbler_0111_169663.jpg,0.15618414829314747,0.12109375,1.2897786664907216,0
dinov2,175.Pine_Warbler/Pine_Warbler_0005_171548.jpg,0.2743449040497221,0.1484375,1.8482181764550087,0
dinov2,175.Pine_Warbler/Pine_Warbler_0097_171671.jpg,0.17370466576481863,0.1015625,1.7103226945141337,1
dinov2,175.Pine_Warbler/Pine_Warbler_0136_171382.jpg,0.2775163673470614,0.15625,1.7761046373504963,0
dinov2,175.Pine_Warbler/Pine_Warbler_0103_171922.jpg,0.2125600629290128,0.1875,1.1336536084932092,0
dinov2,176.Prairie_Warbler/Prairie_Warbler_0133_173279.jpg,0.19630810112360705,0.05859375,3.350324354054204,0
dinov2,176.Prairie_Warbler/Prairie_Warbler_0066_173350.jpg,0.24146144651563706,0.078125,3.0907061197897714,0
dinov2,176.Prairie_Warbler/Prairie_Warbler_0127_172913.jpg,0.2248159957741048,0.08984375,2.502299500534092,0
dinov2,176.Prairie_Warbler/Prairie_Warbler_0014_172542.jpg,0.22384900311195105,0.078125,2.865266873078814,0
dinov2,177.Prothonotary_Warbler/Prothonotary_Warbler_0105_174097.jpg,0.3112366879459665,0.21875,1.4227962227108766,1
dinov2,177.Prothonotary_Warbler/Prothonotary_Warbler_0089_174636.jpg,0.14932613652131788,0.0625,2.389217802066238,0
dinov2,178.Swainson_Warbler/Swainson_Warbler_0008_794886.jpg,0.07008635894235062,0.0390625,1.7942103296063312,1
dinov2,178.Swainson_Warbler/Swainson_Warbler_0042_794895.jpg,0.2340977915975813,0.1171875,1.9976343178345652,0
dinov2,178.Swainson_Warbler/Swainson_Warbler_0033_794856.jpg,0.20940067099186405,0.078125,2.6803282456138446,0
dinov2,179.Tennessee_Warbler/Tennessee_Warbler_0002_174884.jpg,0.1710872803635528,0.1875,0.9124654466074579,0
dinov2,180.Wilson_Warbler/Wilson_Warbler_0067_175261.jpg,0.08631706491997544,0.15625,0.5524291801323753,1
dinov2,181.Worm_eating_Warbler/Worm_Eating_Warbler_0056_795547.jpg,0.2715472471126862,0.19140625,1.418695747530338,1
dinov2,181.Worm_eating_Warbler/Worm_Eating_Warbler_0019_795554.jpg,0.30193211153701466,0.21875,1.3802610182144206,1
dinov2,182.Yellow_Warbler/Yellow_Warbler_0118_176409.jpg,0.14159988746891722,0.09765625,1.449982699203484,1
dinov2,182.Yellow_Warbler/Yellow_Warbler_0031_176282.jpg,0.022492346604525856,0.01953125,1.1516075565286548,1
dinov2,182.Yellow_Warbler/Yellow_Warbler_0112_176301.jpg,0.1502321367224354,0.109375,1.3735508387376185,1
dinov2,182.Yellow_Warbler/Yellow_Warbler_0088_176336.jpg,0.08574230663050203,0.046875,1.8291688178946954,0
dinov2,182.Yellow_Warbler/Yellow_Warbler_0026_176337.jpg,0.11377725526512057,0.09765625,1.1650789746107477,1
dinov2,182.Yellow_Warbler/Yellow_Warbler_0029_176855.jpg,0.027333619765674336,0.0234375,1.1662339457422881,1
dinov2,184.Louisiana_Waterthrush/Louisiana_Waterthrush_0078_177444.jpg,0.16758295368921103,0.109375,1.5321868650728447,1
dinov2,184.Louisiana_Waterthrush/Louisiana_Waterthrush_0076_795257.jpg,0.2681349987225035,0.20703125,1.295142572781055,0
dinov2,184.Louisiana_Waterthrush/Louisiana_Waterthrush_0081_795283.jpg,0.2546564430439656,0.140625,1.8108901328715683,0
dinov2,185.Bohemian_Waxwing/Bohemian_Waxwing_0099_177747.jpg,0.22299210230168912,0.1796875,1.240999456788561,0
dinov2,186.Cedar_Waxwing/Cedar_Waxwing_0042_179391.jpg,0.17923963425479844,0.14453125,1.2401444106610462,1
dinov2,186.Cedar_Waxwing/Cedar_Waxwing_0074_178888.jpg,0.16039934013471496,0.125,1.2831946184221503,0
dinov2,186.Cedar_Waxwing/Cedar_Waxwing_0051_178385.jpg,0.32654680539748915,0.26953125,1.2115359286989167,1
dinov2,188.Pileated_Woodpecker/Pileated_Woodpecker_0075_180480.jpg,0.08798856924797366,0.05859375,1.5016713255468441,1
dinov2,188.Pileated_Woodpecker/Pileated_Woodpecker_0027_179956.jpg,0.3978231627026973,0.2734375,1.454896084676522,1
dinov2,189.Red_bellied_Woodpecker/Red_Bellied_Woodpecker_0015_182320.jpg,0.1705260660328696,0.10546875,1.6168395839001957,1
dinov2,189.Red_bellied_Woodpecker/Red_Bellied_Woodpecker_0032_181587.jpg,0.06961761852540807,0.04296875,1.620191472255845,0
dinov2,189.Red_bellied_Woodpecker/Red_Bellied_Woodpecker_0044_181122.jpg,0.2508877742921553,0.1640625,1.5292206262854038,1
dinov2,189.Red_bellied_Woodpecker/Red_Bellied_Woodpecker_0070_181182.jpg,0.21652367922069826,0.11328125,1.9113812754262998,1
dinov2,190.Red_cockaded_Woodpecker/Red_Cockaded_Woodpecker_0042_182373.jpg,0.046278091479256024,0.046875,0.9872657409407705,1
dinov2,190.Red_cockaded_Woodpecker/Red_Cockaded_Woodpecker_0061_794728.jpg,0.056428539288794606,0.0625,0.9028564841636763,1
dinov2,190.Red_cockaded_Woodpecker/Red_Cockaded_Woodpecker_0014_794718.jpg,0.4878686602828747,0.50390625,0.9681734461542006,0
dinov2,191.Red_headed_Woodpecker/Red_Headed_Woodpecker_0042_182834.jpg,0.07955133679736463,0.046875,1.6970948229635499,1
dinov2,191.Red_headed_Woodpecker/Red_Headed_Woodpecker_0093_182925.jpg,0.19008335913114843,0.125,1.5206667513958474,1
dinov2,191.Red_headed_Woodpecker/Red_Headed_Woodpecker_0099_183524.jpg,0.2818675612786291,0.1953125,1.4431618398566948,0
dinov2,191.Red_headed_Woodpecker/Red_Headed_Woodpecker_0027_183029.jpg,0.37333769565946345,0.2890625,1.2915465781413973,1
dinov2,193.Bewick_Wren/Bewick_Wren_0016_184999.jpg,0.1582082457660731,0.046875,3.3751085229864075,0
dinov2,194.Cactus_Wren/Cactus_Wren_0088_185873.jpg,0.09652908827014633,0.0625,1.544465165207915,1
dinov2,194.Cactus_Wren/Cactus_Wren_0102_185902.jpg,0.3402759623325197,0.23046875,1.4764515691086277,0
dinov2,194.Cactus_Wren/Cactus_Wren_0116_185927.jpg,0.26832711646025403,0.16015625,1.6754082323117063,1
dinov2,194.Cactus_Wren/Cactus_Wren_0085_185515.jpg,0.4436457311471722,0.31640625,1.4021395504222078,1
dinov2,195.Carolina_Wren/Carolina_Wren_0130_186369.jpg,0.07397655157180996,0.046875,1.5781660968565119,0
dinov2,195.Carolina_Wren/Carolina_Wren_0066_186818.jpg,0.15942272507749763,0.08203125,1.9434386973636348,1
dinov2,195.Carolina_Wren/Carolina_Wren_0006_186742.jpg,0.11776600490746017,0.0703125,1.6748940538100572,1
dinov2,196.House_Wren/House_Wren_0064_187489.jpg,0.032466344528285965,0.03515625,0.9234868705683131,0
dinov2,196.House_Wren/House_Wren_0086_187815.jpg,0.13107543319420456,0.1875,0.6990689397520808,1
dinov2,197.Marsh_Wren/Marsh_Wren_0076_188108.jpg,0.06069542144971722,0.0703125,0.863223648959726,1
dinov2,197.Marsh_Wren/Marsh_Wren_0071_188111.jpg,0.11583202819628852,0.14453125,0.8014323558535954,0
dinov2,197.Marsh_Wren/Marsh_Wren_0082_188699.jpg,0.1730430937974903,0.05859375,2.953268296786045,0
dinov2,198.Rock_Wren/Rock_Wren_0025_188897.jpg,0.024678147485544207,0.03515625,0.7019559954768854,1
dinov2,198.Rock_Wren/Rock_Wren_0023_189075.jpg,0.02975718915971073,0.05078125,0.5859876095967436,1
dinov2,199.Winter_Wren/Winter_Wren_0082_189549.jpg,0.18100734890838932,0.1796875,1.0073451900379127,1
dinov2,200.Common_Yellowthroat/Common_Yellowthroat_0099_190531.jpg,0.12671020936039046,0.03515625,3.604200485500746,0
dinov2,200.Common_Yellowthroat/Common_Yellowthroat_0045_190563.jpg,0.20950922481860224,0.19140625,1.0945787500293995,1
dinov2,200.Common_Yellowthroat/Common_Yellowthroat_0111_190569.jpg,0.2991475154178045,0.16796875,1.7809711485505073,0
dinov2,200.Common_Yellowthroat/Common_Yellowthroat_0112_190571.jpg,0.15770983187688273,0.1015625,1.552835114816311,1
dinov2,200.Common_Yellowthroat/Common_Yellowthroat_0029_190403.jpg,0.2008417718609516,0.10546875,1.9042773600538359,1
dinov2,200.Common_Yellowthroat/Common_Yellowthroat_0070_190678.jpg,0.13592540643652176,0.0625,2.1748061550153635,1
dinov2_reg4,001.Black_footed_Albatross/Black_Footed_Albatross_0002_55.jpg,0.26974306949616506,0.18359375,1.4692387665907876,1
dinov2_reg4,001.Black_footed_Albatross/Black_Footed_Albatross_0024_796089.jpg,0.26744334802869163,0.13671875,1.956156916788096,1
dinov2_reg4,001.Black_footed_Albatross/Black_Footed_Albatross_0005_796090.jpg,0.22372021148090135,0.16015625,1.3968870869043855,1
dinov2_reg4,001.Black_footed_Albatross/Black_Footed_Albatross_0058_796074.jpg,0.14274943091337097,0.08984375,1.5888630541884152,1
dinov2_reg4,002.Laysan_Albatross/Laysan_Albatross_0102_611.jpg,0.1857877927365351,0.11328125,1.640057611793293,1
dinov2_reg4,002.Laysan_Albatross/Laysan_Albatross_0098_621.jpg,0.30045048745726227,0.171875,1.748075461681499,0
dinov2_reg4,002.Laysan_Albatross/Laysan_Albatross_0064_674.jpg,0.2931811951756519,0.1796875,1.6316169953918995,1
dinov2_reg4,003.Sooty_Albatross/Sooty_Albatross_0048_1130.jpg,0.08544843191808714,0.07421875,1.1513050328257592,1
dinov2_reg4,003.Sooty_Albatross/Sooty_Albatross_0050_796351.jpg,0.1753206770792728,0.14453125,1.21302946559293,1
dinov2_reg4,004.Groove_billed_Ani/Groove_Billed_Ani_0029_1620.jpg,0.09430776964092516,0.08203125,1.149656480236012,1
dinov2_reg4,005.Crested_Auklet/Crested_Auklet_0036_794905.jpg,0.4552447548971218,0.3515625,1.294918377096357,1
dinov2_reg4,006.Least_Auklet/Least_Auklet_0039_795081.jpg,0.2578833907391473,0.234375,1.1003024202074585,0
dinov2_reg4,006.Least_Auklet/Least_Auklet_0005_795119.jpg,0.12635047317610146,0.140625,0.8984921898039435,1
dinov2_reg4,007.Parakeet_Auklet/Parakeet_Auklet_0017_795924.jpg,0.20340026016236515,0.22265625,0.9135169168940732,1
dinov2_reg4,007.Parakeet_Auklet/Parakeet_Auklet_0072_795929.jpg,0.15141146756913737,0.09765625,1.550453269141552,1
dinov2_reg4,007.Parakeet_Auklet/Parakeet_Auklet_0067_795964.jpg,0.09787805299131808,0.08203125,1.1931799291065148,1
dinov2_reg4,008.Rhinoceros_Auklet/Rhinoceros_Auklet_0044_797502.jpg,0.45659721181536633,0.2578125,1.7710436619827576,0
dinov2_reg4,009.Brewer_Blackbird/Brewer_Blackbird_0028_2682.jpg,0.3366968812124105,0.171875,1.9589635585325085,0
dinov2_reg4,009.Brewer_Blackbird/Brewer_Blackbird_0080_2234.jpg,0.3199345116819231,0.11328125,2.8242492331204927,0
dinov2_reg4,010.Red_winged_Blackbird/Red_Winged_Blackbird_0017_4116.jpg,0.25889355179020634,0.1953125,1.3255349172984687,1
dinov2_reg4,010.Red_winged_Blackbird/Red_Winged_Blackbird_0042_3635.jpg,0.1310048583467212,0.08203125,1.5970114118291152,0
dinov2_reg4,011.Rusty_Blackbird/Rusty_Blackbird_0109_6698.jpg,0.14171190629466976,0.12109375,1.1702659682436962,0
dinov2_reg4,011.Rusty_Blackbird/Rusty_Blackbird_0005_6771.jpg,0.36068886675889555,0.18359375,1.9646030821466676,0
dinov2_reg4,012.Yellow_headed_Blackbird/Yellow_Headed_Blackbird_0080_8601.jpg,0.11341046043568256,0.09375,1.2097114489447263,1
dinov2_reg4,012.Yellow_headed_Blackbird/Yellow_Headed_Blackbird_0023_7325.jpg,0.17932094297815057,0.125,1.4345674290598103,0
dinov2_reg4,013.Bobolink/Bobolink_0074_9311.jpg,0.033654873851266386,0.03125,1.0769556186147262,1
dinov2_reg4,013.Bobolink/Bobolink_0097_10861.jpg,0.07959289691729093,0.0234375,3.395962152860561,0
dinov2_reg4,013.Bobolink/Bobolink_0110_9496.jpg,0.06894394000806135,0.0390625,1.764964412375481,1
dinov2_reg4,014.Indigo_Bunting/Indigo_Bunting_0025_12532.jpg,0.13173782031602857,0.0625,2.1078047878076913,1
dinov2_reg4,014.Indigo_Bunting/Indigo_Bunting_0029_13761.jpg,0.09229697146314968,0.046875,1.9690016378268436,1
dinov2_reg4,015.Lazuli_Bunting/Lazuli_Bunting_0037_15021.jpg,0.0685418339829074,0.0234375,2.9244503355052394,0
dinov2_reg4,015.Lazuli_Bunting/Lazuli_Bunting_0093_15030.jpg,0.09989046837261607,0.046875,2.130996204003286,1
dinov2_reg4,015.Lazuli_Bunting/Lazuli_Bunting_0057_14775.jpg,0.24250074172154976,0.16796875,1.4437252601111645,1
dinov2_reg4,016.Painted_Bunting/Painted_Bunting_0004_16641.jpg,0.3331071435003388,0.16796875,1.983149387423821,0
dinov2_reg4,016.Painted_Bunting/Painted_Bunting_0010_16948.jpg,0.23982793578557066,0.171875,1.3953624542949592,1
dinov2_reg4,016.Painted_Bunting/Painted_Bunting_0080_16534.jpg,0.1258080770226388,0.046875,2.6839050705832124,0
dinov2_reg4,017.Cardinal/Cardinal_0038_19203.jpg,0.1547117661218392,0.12109375,1.27761964053176,1
dinov2_reg4,017.Cardinal/Cardinal_0105_19045.jpg,0.167170685026997,0.09375,1.7831537834182312,1
dinov2_reg4,018.Spotted_Catbird/Spotted_Catbird_0033_796805.jpg,0.2699104710596883,0.18359375,1.470150570802016,1
dinov2_reg4,018.Spotted_Catbird/Spotted_Catbird_0015_796808.jpg,0.2580770440475922,0.1484375,1.738624179613308,1
dinov2_reg4,018.Spotted_Catbird/Spotted_Catbird_0032_796828.jpg,0.26065194919950263,0.171875,1.5165203434722863,1
dinov2_reg4,019.Gray_Catbird/Gray_Catbird_0028_20598.jpg,0.295275570558011,0.21484375,1.3743735008082665,1
dinov2_reg4,019.Gray_Catbird/Gray_Catbird_0075_21125.jpg,0.22288787317092001,0.17578125,1.2679842730159063,1
dinov2_reg4,019.Gray_Catbird/Gray_Catbird_0104_20716.jpg,0.3022922621547201,0.203125,1.4882079865729982,1
dinov2_reg4,020.Yellow_breasted_Chat/Yellow_Breasted_Chat_0109_21796.jpg,0.0866722405772278,0.05078125,1.706776093724886,1
dinov2_reg4,020.Yellow_breasted_Chat/Yellow_Breasted_Chat_0035_21870.jpg,0.1383798345717689,0.04296875,3.2204754005414373,0
dinov2_reg4,020.Yellow_breasted_Chat/Yellow_Breasted_Chat_0085_21899.jpg,0.24589431792080507,0.1640625,1.4987843226390056,0
dinov2_reg4,021.Eastern_Towhee/Eastern_Towhee_0095_22594.jpg,0.0802112690420472,0.03515625,2.2815643371065977,1
dinov2_reg4,021.Eastern_Towhee/Eastern_Towhee_0085_22674.jpg,0.1939835669056089,0.1640625,1.1823759547846056,1
dinov2_reg4,021.Eastern_Towhee/Eastern_Towhee_0105_22675.jpg,0.0382562574673611,0.0234375,1.632266288840457,1
dinov2_reg4,021.Eastern_Towhee/Eastern_Towhee_0112_22231.jpg,0.2016635263225751,0.125,1.6133080815159542,1
dinov2_reg4,021.Eastern_Towhee/Eastern_Towhee_0031_22233.jpg,0.13065308969519482,0.05859375,2.2298123502433502,1
dinov2_reg4,021.Eastern_Towhee/Eastern_Towhee_0022_22279.jpg,0.1942992101874057,0.09765625,1.9896237085815667,0
dinov2_reg4,021.Eastern_Towhee/Eastern_Towhee_0121_22319.jpg,0.19126394228342153,0.13671875,1.3989590183777378,1
dinov2_reg4,022.Chuck_will_Widow/Chuck_Will_Widow_0019_22806.jpg,0.14439198357033264,0.06640625,2.1743730722123584,0
dinov2_reg4,022.Chuck_will_Widow/Chuck_Will_Widow_0022_796967.jpg,0.5599005410037717,0.4453125,1.2573204848967117,1
dinov2_reg4,022.Chuck_will_Widow/Chuck_Will_Widow_0027_796978.jpg,0.7994748273596405,0.5546875,1.441306705030442,0
dinov2_reg4,022.Chuck_will_Widow/Chuck_Will_Widow_0031_796981.jpg,0.16847350650033244,0.12890625,1.3069458884334433,1
dinov2_reg4,023.Brandt_Cormorant/Brandt_Cormorant_0092_23061.jpg,0.36792806676051326,0.26953125,1.3650663999437886,1
dinov2_reg4,024.Red_faced_Cormorant/Red_Faced_Cormorant_0021_796265.jpg,0.09572531334650673,0.08203125,1.1669370109212847,1
dinov2_reg4,024.Red_faced_Cormorant/Red_Faced_Cormorant_0054_796301.jpg,0.31011995692942523,0.2578125,1.2028894832505421,1
dinov2_reg4,025.Pelagic_Cormorant/Pelagic_Cormorant_0042_23522.jpg,0.1412684573929503,0.12109375,1.1666039389061031,0
dinov2_reg4,026.Bronzed_Cowbird/Bronzed_Cowbird_0043_796224.jpg,0.12941385389891202,0.12890625,1.0039376978194234,1
dinov2_reg4,026.Bronzed_Cowbird/Bronzed_Cowbird_0073_796226.jpg,0.24833592276059435,0.09375,2.6489162268952757,0
dinov2_reg4,026.Bronzed_Cowbird/Bronzed_Cowbird_0031_24139.jpg,0.14713681237301213,0.078125,1.8833509573056328,0
dinov2_reg4,027.Shiny_Cowbird/Shiny_Cowbird_0057_24345.jpg,0.07928895042679597,0.0390625,2.0297966112980443,0
dinov2_reg4,027.Shiny_Cowbird/Shiny_Cowbird_0039_24359.jpg,0.02995235532497769,0.03125,0.9584750636872656,1
dinov2_reg4,028.Brown_Creeper/Brown_Creeper_0124_24963.jpg,0.06027100581100481,0.1015625,0.5934375372468129,1
dinov2_reg4,028.Brown_Creeper/Brown_Creeper_0101_24987.jpg,0.05346384857103525,0.04296875,1.2442492771733522,1
dinov2_reg4,028.Brown_Creeper/Brown_Creeper_0006_25034.jpg,0.06596235361015684,0.0625,1.0553974888989113,1
dinov2_reg4,030.Fish_Crow/Fish_Crow_0067_26124.jpg,0.19377713985827433,0.1328125,1.4590277667237397,0
dinov2_reg4,030.Fish_Crow/Fish_Crow_0034_25891.jpg,0.41316576321853693,0.2421875,1.7059746938169393,0
dinov2_reg4,031.Black_billed_Cuckoo/Black_Billed_Cuckoo_0030_26240.jpg,0.20120870416057887,0.171875,1.1706687560953677,1
dinov2_reg4,031.Black_billed_Cuckoo/Black_Billed_Cuckoo_0008_795305.jpg,0.09136361416628672,0.05859375,1.5592720823221913,1
dinov2_reg4,031.Black_billed_Cuckoo/Black_Billed_Cuckoo_0043_795324.jpg,0.1169465475652302,0.078125,1.4969156172297475,1
dinov2_reg4,032.Mangrove_Cuckoo/Mangrove_Cuckoo_0018_794593.jpg,0.28914852060172025,0.2265625,1.276241689773477,1
dinov2_reg4,032.Mangrove_Cuckoo/Mangrove_Cuckoo_0035_794595.jpg,0.19468355163459358,0.1484375,1.3115522594968994,1
dinov2_reg4,032.Mangrove_Cuckoo/Mangrove_Cuckoo_0003_794619.jpg,0.2104080048674323,0.16796875,1.2526615357964916,1
dinov2_reg4,033.Yellow_billed_Cuckoo/Yellow_Billed_Cuckoo_0074_26466.jpg,0.07834871400330429,0.0546875,1.4326619369450957,0
dinov2_reg4,033.Yellow_billed_Cuckoo/Yellow_Billed_Cuckoo_0043_26492.jpg,0.1310949054621299,0.09765625,1.3424116944692528,1
dinov2_reg4,033.Yellow_billed_Cuckoo/Yellow_Billed_Cuckoo_0088_26812.jpg,0.2663351762590386,0.203125,1.3111884954936794,1
dinov2_reg4,033.Yellow_billed_Cuckoo/Yellow_Billed_Cuckoo_0006_26578.jpg,0.14621992115330723,0.109375,1.3368677283166168,1
dinov2_reg4,034.Gray_crowned_Rosy_Finch/Gray_Crowned_Rosy_Finch_0079_797294.jpg,0.13520271576207138,0.08984375,1.5048648427233164,1
dinov2_reg4,034.Gray_crowned_Rosy_Finch/Gray_Crowned_Rosy_Finch_0057_27107.jpg,0.39635787173523357,0.265625,1.4921707550626861,1
dinov2_reg4,035.Purple_Finch/Purple_Finch_0021_28235.jpg,0.2871612362042042,0.15625,1.837831794085672,1
dinov2_reg4,035.Purple_Finch/Purple_Finch_0030_27255.jpg,0.12739823053218977,0.1015625,1.2543824540392885,1
dinov2_reg4,035.Purple_Finch/Purple_Finch_0065_27473.jpg,0.2315318285407261,0.12109375,1.9120046197320664,0
dinov2_reg4,036.Northern_Flicker/Northern_Flicker_0093_28700.jpg,0.2838172307093724,0.1640625,1.729933491261181,1
dinov2_reg4,036.Northern_Flicker/Northern_Flicker_0131_28962.jpg,0.08082089778839396,0.02734375,2.9557346095926076,0
dinov2_reg4,036.Northern_Flicker/Northern_Flicker_0090_28491.jpg,0.42523253027388586,0.16796875,2.5316167737017636,1
dinov2_reg4,036.Northern_Flicker/Northern_Flicker_0051_28650.jpg,0.2757916879000378,0.17578125,1.5689481796867184,1
dinov2_reg4,037.Acadian_Flycatcher/Acadian_Flycatcher_0051_29077.jpg,0.26961944526009335,0.29296875,0.9203010084081775,1
dinov2_reg4,037.Acadian_Flycatcher/Acadian_Flycatcher_0041_795605.jpg,0.1405031529641991,0.140625,0.9991334611403697,0
dinov2_reg4,037.Acadian_Flycatcher/Acadian_Flycatcher_0012_795612.jpg,0.22677903294480878,0.19921875,1.138341755288552,0
dinov2_reg4,038.Great_Crested_Flycatcher/Great_Crested_Flycatcher_0028_29696.jpg,0.12573274815463106,0.140625,0.8940994788525246,1
dinov2_reg4,038.Great_Crested_Flycatcher/Great_Crested_Flycatcher_0139_29302.jpg,0.05290695610152757,0.03125,1.693022053481825,0
dinov2_reg4,038.Great_Crested_Flycatcher/Great_Crested_Flycatcher_0010_29396.jpg,0.1714155283728753,0.08203125,2.0896366625707725,0
dinov2_reg4,039.Least_Flycatcher/Least_Flycatcher_0057_30282.jpg,0.16015110477257896,0.09375,1.7082782686911604,1
dinov2_reg4,041.Scissor_tailed_Flycatcher/Scissor_Tailed_Flycatcher_0042_41990.jpg,0.029235064383294193,0.03125,0.9355217608984506,0
dinov2_reg4,041.Scissor_tailed_Flycatcher/Scissor_Tailed_Flycatcher_0094_42018.jpg,0.08663790930229309,0.08203125,1.0561572417916425,1
dinov2_reg4,041.Scissor_tailed_Flycatcher/Scissor_Tailed_Flycatcher_0076_41597.jpg,0.054497955317581705,0.046875,1.1626227987488793,1
dinov2_reg4,042.Vermilion_Flycatcher/Vermilion_Flycatcher_0070_42250.jpg,0.07172874877333735,0.03515625,2.0402838292053063,0
dinov2_reg4,042.Vermilion_Flycatcher/Vermilion_Flycatcher_0059_42261.jpg,0.1915016121034118,0.1484375,1.290116036730957,1
dinov2_reg4,042.Vermilion_Flycatcher/Vermilion_Flycatcher_0021_42378.jpg,0.17715872591522802,0.109375,1.619736774563294,1
dinov2_reg4,042.Vermilion_Flycatcher/Vermilion_Flycatcher_0039_42423.jpg,0.09305900410996319,0.04296875,2.165736318896873,0
dinov2_reg4,042.Vermilion_Flycatcher/Vermilion_Flycatcher_0028_42197.jpg,0.25862083042611894,0.17578125,1.4712650849477296,1
dinov2_reg4,043.Yellow_bellied_Flycatcher/Yellow_Bellied_Flycatcher_0026_795489.jpg,0.22337664804336685,0.1796875,1.243139537318798,1
dinov2_reg4,043.Yellow_bellied_Flycatcher/Yellow_Bellied_Flycatcher_0007_795491.jpg,0.7457977496812379,0.625,1.1932763803975586,1
dinov2_reg4,043.Yellow_bellied_Flycatcher/Yellow_Bellied_Flycatcher_0065_42635.jpg,0.24402079312350936,0.08203125,2.974729305919589,0
dinov2_reg4,043.Yellow_bellied_Flycatcher/Yellow_Bellied_Flycatcher_0027_42649.jpg,0.2669105726107768,0.08203125,3.2537665837484,0
dinov2_reg4,044.Frigatebird/Frigatebird_0034_43053.jpg,0.18441579675111883,0.15625,1.180261023670455,1
dinov2_reg4,044.Frigatebird/Frigatebird_0091_43066.jpg,0.03057944217390893,0.02734375,1.1183334762267123,1
dinov2_reg4,044.Frigatebird/Frigatebird_0120_43300.jpg,0.032211135046443726,0.03125,1.0307559916442819,1
dinov2_reg4,045.Northern_Fulmar/Northern_Fulmar_0008_43647.jpg,0.03662091912913219,0.02734375,1.3392788383577163,0
dinov2_reg4,045.Northern_Fulmar/Northern_Fulmar_0015_43658.jpg,0.05809826420931213,0.06640625,0.8748913763448225,1
dinov2_reg4,045.Northern_Fulmar/Northern_Fulmar_0016_43958.jpg,0.3082932833752251,0.265625,1.1606334937181748,1
dinov2_reg4,047.American_Goldfinch/American_Goldfinch_0084_32295.jpg,0.11602678850188561,0.06640625,1.7472266696224967,1
dinov2_reg4,047.American_Goldfinch/American_Goldfinch_0036_31910.jpg,0.2291569339542697,0.1015625,2.256314204466488,1
dinov2_reg4,047.American_Goldfinch/American_Goldfinch_0064_32142.jpg,0.2190302620261679,0.1015625,2.156605444530348,1
dinov2_reg4,048.European_Goldfinch/European_Goldfinch_0017_794638.jpg,0.3492643877239971,0.328125,1.0644247682430459,1
dinov2_reg4,048.European_Goldfinch/European_Goldfinch_0034_33256.jpg,0.15929984150935353,0.1484375,1.0731778073436662,1
dinov2_reg4,048.European_Goldfinch/European_Goldfinch_0005_33263.jpg,0.08963456092816295,0.09765625,0.917857809915749,1
dinov2_reg4,050.Eared_Grebe/Eared_Grebe_0042_34132.jpg,0.03984104786824207,0.0546875,0.7285218849467103,1
dinov2_reg4,050.Eared_Grebe/Eared_Grebe_0001_34433.jpg,0.15171170828531985,0.1328125,1.142299835198656,0
dinov2_reg4,051.Horned_Grebe/Horned_Grebe_0058_34568.jpg,0.04700179809481091,0.0390625,1.2032457231962541,0
dinov2_reg4,051.Horned_Grebe/Horned_Grebe_0095_34491.jpg,0.19609567002857994,0.203125,0.9653940203059187,1
dinov2_reg4,051.Horned_Grebe/Horned_Grebe_0053_34512.jpg,0.10476879205309546,0.109375,0.957886011193009,1
dinov2_reg4,052.Pied_billed_Grebe/Pied_Billed_Grebe_0013_35882.jpg,0.2058715379241197,0.16796875,1.225653734207002,1
dinov2_reg4,052.Pied_billed_Grebe/Pied_Billed_Grebe_0053_35262.jpg,0.18197988079449495,0.1484375,1.225969640655485,1
dinov2_reg4,052.Pied_billed_Grebe/Pied_Billed_Grebe_0056_35623.jpg,0.14654657902088208,0.1015625,1.4429200205950217,0
dinov2_reg4,053.Western_Grebe/Western_Grebe_0048_36399.jpg,0.04298058428934809,0.03515625,1.2225584942581518,1
dinov2_reg4,054.Blue_Grosbeak/Blue_Grosbeak_0015_36985.jpg,0.1673771103374556,0.078125,2.142426738088809,1
dinov2_reg4,054.Blue_Grosbeak/Blue_Grosbeak_0016_36862.jpg,0.0712434670242247,0.03515625,2.026480263379116,0
dinov2_reg4,055.Evening_Grosbeak/Evening_Grosbeak_0141_37398.jpg,0.11689118267121991,0.0546875,2.137438377999289,1
dinov2_reg4,055.Evening_Grosbeak/Evening_Grosbeak_0085_37487.jpg,0.2938259700840005,0.171875,1.7095328173886393,1
dinov2_reg4,055.Evening_Grosbeak/Evening_Grosbeak_0098_37532.jpg,0.238694924031204,0.125,1.9095592394848928,1
dinov2_reg4,055.Evening_Grosbeak/Evening_Grosbeak_0038_37228.jpg,0.4229000634090053,0.1953125,2.1652482137933986,0
dinov2_reg4,055.Evening_Grosbeak/Evening_Grosbeak_0015_37238.jpg,0.12763132794136953,0.07421875,1.7196639763500432,1
dinov2_reg4,055.Evening_Grosbeak/Evening_Grosbeak_0129_37831.jpg,0.386232505593488,0.23828125,1.6209101193836561,1
dinov2_reg4,056.Pine_Grosbeak/Pine_Grosbeak_0042_38432.jpg,0.14256107891939848,0.078125,1.824781576596259,1
dinov2_reg4,056.Pine_Grosbeak/Pine_Grosbeak_0016_38743.jpg,0.2895450175167592,0.14453125,2.003338360966058,0
dinov2_reg4,056.Pine_Grosbeak/Pine_Grosbeak_0052_38804.jpg,0.09962958460239443,0.078125,1.2752585196775583,1
dinov2_reg4,056.Pine_Grosbeak/Pine_Grosbeak_0009_38609.jpg,0.28419076939021903,0.16796875,1.6919263402922011,1
dinov2_reg4,057.Rose_breasted_Grosbeak/Rose_Breasted_Grosbeak_0003_39223.jpg,0.08945495405295971,0.03515625,2.5444957470720637,1
dinov2_reg4,057.Rose_breasted_Grosbeak/Rose_Breasted_Grosbeak_0032_39772.jpg,0.08181743626549975,0.03515625,2.327250858467304,1
dinov2_reg4,057.Rose_breasted_Grosbeak/Rose_Breasted_Grosbeak_0126_39361.jpg,0.12077061465551321,0.05859375,2.0611514716842407,0
dinov2_reg4,058.Pigeon_Guillemot/Pigeon_Guillemot_0071_40216.jpg,0.050201258827076586,0.19140625,0.2622759507817382,0
dinov2_reg4,058.Pigeon_Guillemot/Pigeon_Guillemot_0075_40159.jpg,0.11579878569980306,0.140625,0.8234579730860326,1
dinov2_reg4,059.California_Gull/California_Gull_0088_41296.jpg,0.15799700798996807,0.0703125,2.247068238496508,0
dinov2_reg4,059.California_Gull/California_Gull_0001_40786.jpg,0.15341150267285678,0.0859375,1.7851518233755759,0
dinov2_reg4,060.Glaucous_winged_Gull/Glaucous_Winged_Gull_0017_45224.jpg,0.18292003704899124,0.125,1.4633601793231157,1
dinov2_reg4,061.Heermann_Gull/Heermann_Gull_0109_45619.jpg,0.16110526679815407,0.09375,1.7184559958783372,0
dinov2_reg4,061.Heermann_Gull/Heermann_Gull_0027_45864.jpg,0.23538721129537427,0.18359375,1.282108995945038,0
dinov2_reg4,061.Heermann_Gull/Heermann_Gull_0001_45472.jpg,0.1260094102551347,0.0625,2.0161502414981167,1
dinov2_reg4,062.Herring_Gull/Herring_Gull_0120_48822.jpg,0.4596828052080496,0.5234375,0.878199969291558,0
dinov2_reg4,063.Ivory_Gull/Ivory_Gull_0085_49456.jpg,0.11643058355964092,0.09765625,1.19224905356442,0
dinov2_reg4,063.Ivory_Gull/Ivory_Gull_0007_49364.jpg,0.10353168245924337,0.09375,1.1043378284358942,1
dinov2_reg4,064.Ring_billed_Gull/Ring_Billed_Gull_0085_51292.jpg,0.31611768196064255,0.21484375,1.471384051185115,1
dinov2_reg4,064.Ring_billed_Gull/Ring_Billed_Gull_0115_51891.jpg,0.29564711306073976,0.140625,2.10237932115162,0
dinov2_reg4,065.Slaty_backed_Gull/Slaty_Backed_Gull_0024_796028.jpg,0.2502502844105047,0.14453125,1.731461307474277,0
dinov2_reg4,065.Slaty_backed_Gull/Slaty_Backed_Gull_0085_53158.jpg,0.32920727077400425,0.19921875,1.652491315446418,0
dinov2_reg4,066.Western_Gull/Western_Gull_0013_54794.jpg,0.08158803174578926,0.04296875,1.8987755696415083,0
dinov2_reg4,066.Western_Gull/Western_Gull_0078_53595.jpg,0.13813366162500218,0.10546875,1.3097116304866216,1
dinov2_reg4,066.Western_Gull/Western_Gull_0069_53553.jpg,0.22568625263464862,0.12890625,1.7507780664387333,0
dinov2_reg4,066.Western_Gull/Western_Gull_0066_54105.jpg,0.27490945381148213,0.21484375,1.2795784890912454,1
dinov2_reg4,067.Anna_Hummingbird/Anna_Hummingbird_0087_56435.jpg,0.21851188171519012,0.140625,1.5538621594778206,0
dinov2_reg4,067.Anna_Hummingbird/Anna_Hummingbird_0037_56587.jpg,0.17259891469172847,0.12109375,1.425332855233238,0
dinov2_reg4,068.Ruby_throated_Hummingbird/Ruby_Throated_Hummingbird_0118_57536.jpg,0.14434879791639174,0.09375,1.5397203468713416,1
dinov2_reg4,068.Ruby_throated_Hummingbird/Ruby_Throated_Hummingbird_0108_57653.jpg,0.06318132517228155,0.0546875,1.1553154490354662,1
dinov2_reg4,069.Rufous_Hummingbird/Rufous_Hummingbird_0009_59405.jpg,0.12680746306241056,0.10546875,1.2023224987419077,1
dinov2_reg4,069.Rufous_Hummingbird/Rufous_Hummingbird_0134_59449.jpg,0.1790057069346532,0.109375,1.636623456625542,1
dinov2_reg4,069.Rufous_Hummingbird/Rufous_Hummingbird_0046_59647.jpg,0.14024494429942297,0.13671875,1.0257915175607428,1
dinov2_reg4,070.Green_Violetear/Green_Violetear_0119_795724.jpg,0.16065998806743015,0.1328125,1.209675113190995,1
dinov2_reg4,071.Long_tailed_Jaeger/Long_Tailed_Jaeger_0033_60955.jpg,0.12710656191303313,0.078125,1.6269637842354598,1
dinov2_reg4,071.Long_tailed_Jaeger/Long_Tailed_Jaeger_0044_60968.jpg,0.15647807533080307,0.1171875,1.335279462212339,0
dinov2_reg4,072.Pomarine_Jaeger/Pomarine_Jaeger_0033_795749.jpg,0.15419275005746308,0.125,1.2335419017763525,1
dinov2_reg4,072.Pomarine_Jaeger/Pomarine_Jaeger_0045_795750.jpg,0.16167630690243234,0.13671875,1.1825466154200956,1
dinov2_reg4,072.Pomarine_Jaeger/Pomarine_Jaeger_0014_61335.jpg,0.08214457927123651,0.08203125,1.0013814157095298,1
dinov2_reg4,072.Pomarine_Jaeger/Pomarine_Jaeger_0062_61351.jpg,0.11624880297824802,0.07421875,1.5662994501423633,0
dinov2_reg4,072.Pomarine_Jaeger/Pomarine_Jaeger_0002_61361.jpg,0.04591956567016967,0.0390625,1.175540580217955,1
dinov2_reg4,072.Pomarine_Jaeger/Pomarine_Jaeger_0063_61406.jpg,0.052561756958978426,0.02734375,1.9222578372169161,0
dinov2_reg4,073.Blue_Jay/Blue_Jay_0083_61492.jpg,0.233651338145918,0.1484375,1.5740720667297505,1
dinov2_reg4,073.Blue_Jay/Blue_Jay_0068_61543.jpg,0.1687929296763492,0.0859375,1.9641356804071843,1
dinov2_reg4,074.Florida_Jay/Florida_Jay_0105_64522.jpg,0.2083119274407787,0.125,1.6664952862066067,1
dinov2_reg4,074.Florida_Jay/Florida_Jay_0011_64920.jpg,0.3281752628790578,0.203125,1.6156319838657869,1
dinov2_reg4,074.Florida_Jay/Florida_Jay_0005_64940.jpg,0.37950008372565147,0.14453125,2.6257301273485854,0
dinov2_reg4,074.Florida_Jay/Florida_Jay_0080_64505.jpg,0.23317199143889836,0.1328125,1.7556478033499885,0
dinov2_reg4,074.Florida_Jay/Florida_Jay_0099_64735.jpg,0.1013724646360693,0.06640625,1.5265498258156582,1
dinov2_reg4,074.Florida_Jay/Florida_Jay_0065_64739.jpg,0.043180840570326645,0.0234375,1.8423817449177256,1
dinov2_reg4,076.Dark_eyed_Junco/Dark_Eyed_Junco_0059_66305.jpg,0.17955217507908117,0.0625,2.8728343416118043,0
dinov2_reg4,076.Dark_eyed_Junco/Dark_Eyed_Junco_0093_67335.jpg,0.09121598253897349,0.06640625,1.373605177267527,1
dinov2_reg4,077.Tropical_Kingbird/Tropical_Kingbird_0063_69589.jpg,0.04972088363967542,0.01953125,2.5457079389489166,0
dinov2_reg4,078.Gray_Kingbird/Gray_Kingbird_0077_70191.jpg,0.13794865391957764,0.10546875,1.3079574835200267,1
dinov2_reg4,078.Gray_Kingbird/Gray_Kingbird_0043_795032.jpg,0.10611148311843224,0.078125,1.3582268100629011,1
dinov2_reg4,078.Gray_Kingbird/Gray_Kingbird_0010_70057.jpg,0.19531241587445028,0.1328125,1.4705874911516263,1
dinov2_reg4,079.Belted_Kingfisher/Belted_Kingfisher_0014_70910.jpg,0.18601758430838092,0.109375,1.70073204389541,1
dinov2_reg4,080.Green_Kingfisher/Green_Kingfisher_0057_71096.jpg,0.09294607396007414,0.05859375,1.5862793915269158,1
dinov2_reg4,081.Pied_Kingfisher/Pied_Kingfisher_0132_72706.jpg,0.12073177175329107,0.09765625,1.2362932161572753,1
dinov2_reg4,082.Ringed_Kingfisher/Ringed_Kingfisher_0051_72997.jpg,0.028177803441870753,0.01953125,1.44270279755995,0
dinov2_reg4,082.Ringed_Kingfisher/Ringed_Kingfisher_0083_73053.jpg,0.09731043963353404,0.04296875,2.264678795327909,0
dinov2_reg4,082.Ringed_Kingfisher/Ringed_Kingfisher_0043_72877.jpg,0.1995235756111139,0.10546875,1.8917789079070797,0
dinov2_reg4,083.White_breasted_Kingfisher/White_Breasted_Kingfisher_0065_73372.jpg,0.14054162120139485,0.109375,1.284951847788584,1
dinov2_reg4,084.Red_legged_Kittiwake/Red_Legged_Kittiwake_0051_795404.jpg,0.3360938888489755,0.32421875,1.0366269023081067,1
dinov2_reg4,085.Horned_Lark/Horned_Lark_0026_74910.jpg,0.10607887286447679,0.07421875,1.4292730418087933,1
dinov2_reg4,087.Mallard/Mallard_0107_76498.jpg,0.18233929793769008,0.1171875,1.5559618762928753,1
dinov2_reg4,087.Mallard/Mallard_0083_77052.jpg,0.5686032947009616,0.46875,1.2130203361509508,1
dinov2_reg4,088.Western_Meadowlark/Western_Meadowlark_0034_78869.jpg,0.04769677149963496,0.0390625,1.2210370378051731,1
dinov2_reg4,089.Hooded_Merganser/Hooded_Merganser_0037_796731.jpg,0.2896007615004601,0.22265625,1.3006630107793067,1
dinov2_reg4,089.Hooded_Merganser/Hooded_Merganser_0009_79012.jpg,0.2105586426976541,0.13671875,1.5400859596565541,1
dinov2_reg4,089.Hooded_Merganser/Hooded_Merganser_0020_79046.jpg,0.12548965388690284,0.0859375,1.4602430753102207,1
dinov2_reg4,089.Hooded_Merganser/Hooded_Merganser_0068_79057.jpg,0.24418068111102534,0.1796875,1.3589184975128508,1
dinov2_reg4,089.Hooded_Merganser/Hooded_Merganser_0063_79064.jpg,0.2614406590819841,0.203125,1.2870924121159877,1
dinov2_reg4,090.Red_breasted_Merganser/Red_Breasted_Merganser_0030_79411.jpg,0.12187229087737175,0.06640625,1.8352530450799633,1
dinov2_reg4,090.Red_breasted_Merganser/Red_Breasted_Merganser_0014_79205.jpg,0.17232058336847736,0.10546875,1.6338542651727144,0
dinov2_reg4,090.Red_breasted_Merganser/Red_Breasted_Merganser_0004_79232.jpg,0.05000761737935895,0.02734375,1.8288493381802264,1
dinov2_reg4,091.Mockingbird/Mockingbird_0084_80670.jpg,0.11541618834371206,0.0859375,1.3430245808112438,1
dinov2_reg4,091.Mockingbird/Mockingbird_0012_81216.jpg,0.13418648031054775,0.09765625,1.3740694176753008,1
dinov2_reg4,091.Mockingbird/Mockingbird_0042_81728.jpg,0.0685974189901127,0.05859375,1.170729084293493,0
dinov2_reg4,091.Mockingbird/Mockingbird_0067_79723.jpg,0.17449125701583484,0.0546875,3.1906966877050142,0
dinov2_reg4,091.Mockingbird/Mockingbird_0001_79812.jpg,0.3238057923157386,0.17578125,1.8420950692681268,0
dinov2_reg4,092.Nighthawk/Nighthawk_0087_82280.jpg,0.054207486063051605,0.04296875,1.2615557456871365,1
dinov2_reg4,092.Nighthawk/Nighthawk_0042_83603.jpg,0.3064567235380159,0.19140625,1.601079941366682,1
dinov2_reg4,092.Nighthawk/Nighthawk_0020_83869.jpg,0.22526952019508142,0.14453125,1.558621437293783,1
dinov2_reg4,092.Nighthawk/Nighthawk_0028_82636.jpg,0.03915179607495702,0.0546875,0.7159184258884163,1
dinov2_reg4,093.Clark_Nutcracker/Clark_Nutcracker_0096_84996.jpg,0.17728515789118524,0.14453125,1.2266215481078988,1
dinov2_reg4,093.Clark_Nutcracker/Clark_Nutcracker_0131_85701.jpg,0.11912092131847075,0.0859375,1.3861341958647715,1
dinov2_reg4,093.Clark_Nutcracker/Clark_Nutcracker_0093_84809.jpg,0.13137398684497265,0.1171875,1.1210579254134903,1
dinov2_reg4,093.Clark_Nutcracker/Clark_Nutcracker_0051_84950.jpg,0.15331686250433105,0.09765625,1.569964511279984,1
dinov2_reg4,094.White_breasted_Nuthatch/White_Breasted_Nuthatch_0003_86029.jpg,0.21473788035755348,0.15234375,1.409561378539912,1
dinov2_reg4,094.White_breasted_Nuthatch/White_Breasted_Nuthatch_0063_86573.jpg,0.23647684386167847,0.1171875,2.0179355620891553,1
dinov2_reg4,095.Baltimore_Oriole/Baltimore_Oriole_0074_87214.jpg,0.2834732375867746,0.15625,1.8142286044447269,0
dinov2_reg4,095.Baltimore_Oriole/Baltimore_Oriole_0018_87782.jpg,0.5577938823292364,0.26953125,2.069496066353255,1
dinov2_reg4,095.Baltimore_Oriole/Baltimore_Oriole_0037_87337.jpg,0.12229902884713069,0.03515625,3.4787269421471647,0
dinov2_reg4,095.Baltimore_Oriole/Baltimore_Oriole_0086_88375.jpg,0.34231135388920325,0.1640625,2.0864690774827426,0
dinov2_reg4,095.Baltimore_Oriole/Baltimore_Oriole_0112_87447.jpg,0.24039761649883906,0.08203125,2.930561062926975,0
dinov2_reg4,096.Hooded_Oriole/Hooded_Oriole_0024_90157.jpg,0.2231666349632573,0.12890625,1.7312319429890939,1
dinov2_reg4,096.Hooded_Oriole/Hooded_Oriole_0010_90413.jpg,0.17447113675445028,0.16796875,1.038711822093884,1
dinov2_reg4,097.Orchard_Oriole/Orchard_Oriole_0085_91411.jpg,0.16165292595198985,0.1171875,1.3794381837449219,1
dinov2_reg4,097.Orchard_Oriole/Orchard_Oriole_0027_91265.jpg,0.08291505052865691,0.0546875,1.5161606467117796,1
dinov2_reg4,099.Ovenbird/Ovenbird_0089_93234.jpg,0.4349427158552338,0.2734375,1.590647588384029,0
dinov2_reg4,099.Ovenbird/Ovenbird_0009_93395.jpg,0.32544851440385864,0.19140625,1.7003023537676283,0
dinov2_reg4,099.Ovenbird/Ovenbird_0084_92901.jpg,0.007252701173128182,0.07421875,0.09772059211347889,0
dinov2_reg4,100.Brown_Pelican/Brown_Pelican_0102_93727.jpg,0.1032026962517869,0.0625,1.6512428758297304,1
dinov2_reg4,100.Brown_Pelican/Brown_Pelican_0095_94290.jpg,0.15583337737990252,0.12109375,1.2868819778979737,1
dinov2_reg4,100.Brown_Pelican/Brown_Pelican_0073_94823.jpg,0.12345765235834756,0.06640625,1.8591267202572102,1
dinov2_reg4,100.Brown_Pelican/Brown_Pelican_0049_94598.jpg,0.16646033985996347,0.109375,1.521922968143852,1
dinov2_reg4,101.White_Pelican/White_Pelican_0083_95840.jpg,0.17328348563651208,0.12890625,1.3442596630800714,1
dinov2_reg4,102.Western_Wood_Pewee/Western_Wood_Pewee_0062_98123.jpg,0.0552630879937959,0.0234375,2.3578907483685723,0
dinov2_reg4,104.American_Pipit/American_Pipit_0010_99843.jpg,0.2697291489986868,0.02734375,9.864376698694208,0
dinov2_reg4,104.American_Pipit/American_Pipit_0072_99631.jpg,0.06802510216929537,0.046875,1.4512018700219023,1
dinov2_reg4,104.American_Pipit/American_Pipit_0104_100147.jpg,0.0764702207893469,0.046875,1.6313643621483365,0
dinov2_reg4,104.American_Pipit/American_Pipit_0066_99961.jpg,0.15728596934253936,0.10546875,1.4913038642204512,1
dinov2_reg4,104.American_Pipit/American_Pipit_0091_100276.jpg,0.1237056256912626,0.09375,1.3195265332906376,1
dinov2_reg4,105.Whip_poor_Will/Whip_Poor_Will_0028_796421.jpg,0.23598140226255268,0.14453125,1.6327360756597062,1
dinov2_reg4,105.Whip_poor_Will/Whip_Poor_Will_0045_796422.jpg,0.29341859057354197,0.16796875,1.746864063136157,1
dinov2_reg4,105.Whip_poor_Will/Whip_Poor_Will_0041_796428.jpg,0.33614448736160585,0.21875,1.5366604434057207,0
dinov2_reg4,105.Whip_poor_Will/Whip_Poor_Will_0015_796435.jpg,0.14981835050337655,0.0703125,2.130749570785861,1
dinov2_reg4,106.Horned_Puffin/Horned_Puffin_0050_100645.jpg,0.1591333751567293,0.10546875,1.5088200065756845,1
dinov2_reg4,106.Horned_Puffin/Horned_Puffin_0075_100664.jpg,0.1256846273911917,0.0703125,1.7875144464504498,1
dinov2_reg4,106.Horned_Puffin/Horned_Puffin_0073_100830.jpg,0.07603579315990447,0.03515625,2.16279527913107,1
dinov2_reg4,107.Common_Raven/Common_Raven_0070_101896.jpg,0.2523896287736998,0.1328125,1.9003452970936232,1
dinov2_reg4,107.Common_Raven/Common_Raven_0024_101394.jpg,0.32469153168296333,0.22265625,1.458263655748836,1
dinov2_reg4,107.Common_Raven/Common_Raven_0107_101412.jpg,0.2795475351615802,0.2109375,1.325262326086907,0
dinov2_reg4,107.Common_Raven/Common_Raven_0075_102530.jpg,0.18129829639539152,0.1171875,1.5470786638899618,1
dinov2_reg4,107.Common_Raven/Common_Raven_0129_102094.jpg,0.30449831078097106,0.265625,1.1463465386070801,0
dinov2_reg4,107.Common_Raven/Common_Raven_0018_101713.jpg,0.2368467190328418,0.16015625,1.4788477143062768,1
dinov2_reg4,108.White_necked_Raven/White_Necked_Raven_0029_797349.jpg,0.12258722564114442,0.0546875,2.241594573260776,1
dinov2_reg4,109.American_Redstart/American_Redstart_0088_103892.jpg,0.09809920554114643,0.11328125,0.8659791172974809,1
dinov2_reg4,110.Geococcyx/Geococcyx_0050_104506.jpg,0.12281660599111485,0.08203125,1.497192728614858,1
dinov2_reg4,111.Loggerhead_Shrike/Loggerhead_Shrike_0059_106086.jpg,0.026908242658603067,0.03125,0.8610634895349815,1
dinov2_reg4,111.Loggerhead_Shrike/Loggerhead_Shrike_0118_105157.jpg,0.2627380499580962,0.23828125,1.1026383273199756,1
dinov2_reg4,112.Great_Grey_Shrike/Great_Grey_Shrike_0085_797037.jpg,0.09200602794083401,0.05078125,1.811810654970633,1
dinov2_reg4,113.Baird_Sparrow/Baird_Sparrow_0015_794573.jpg,0.4999920626321736,0.30078125,1.6623112179002562,0
dinov2_reg4,114.Black_throated_Sparrow/Black_Throated_Sparrow_0074_107113.jpg,0.23082687080098743,0.16796875,1.3742250094659711,1
dinov2_reg4,114.Black_throated_Sparrow/Black_Throated_Sparrow_0076_106995.jpg,0.43540279829768525,0.09765625,4.458524198015419,0
dinov2_reg4,115.Brewer_Sparrow/Brewer_Sparrow_0034_796693.jpg,0.1352593040102511,0.16796875,0.8052646457010881,1
dinov2_reg4,116.Chipping_Sparrow/Chipping_Sparrow_0022_107825.jpg,0.2154184861992696,0.078125,2.757356270409048,0
dinov2_reg4,116.Chipping_Sparrow/Chipping_Sparrow_0062_110187.jpg,0.15279956546417225,0.0859375,1.7780311003212947,1
dinov2_reg4,116.Chipping_Sparrow/Chipping_Sparrow_0103_109529.jpg,0.16855075522722232,0.0703125,2.3971659556346707,0
dinov2_reg4,117.Clay_colored_Sparrow/Clay_Colored_Sparrow_0001_110632.jpg,0.08483388400015873,0.08984375,0.9442379081213735,1
dinov2_reg4,117.Clay_colored_Sparrow/Clay_Colored_Sparrow_0048_110653.jpg,0.0621914441341098,0.0390625,1.592100562255467,0
dinov2_reg4,117.Clay_colored_Sparrow/Clay_Colored_Sparrow_0094_797250.jpg,0.3808702636368973,0.265625,1.4338644679463628,0
dinov2_reg4,117.Clay_colored_Sparrow/Clay_Colored_Sparrow_0075_797251.jpg,0.09771603933186833,0.09765625,1.0006121402956485,0
dinov2_reg4,117.Clay_colored_Sparrow/Clay_Colored_Sparrow_0073_110718.jpg,0.390787788477182,0.2578125,1.5157828783296126,0
dinov2_reg4,118.House_Sparrow/House_Sparrow_0025_111669.jpg,0.1475059748010325,0.140625,1.0489313017722275,0
dinov2_reg4,118.House_Sparrow/House_Sparrow_0036_112847.jpg,0.08192244661839856,0.078125,1.0486071824937824,0
dinov2_reg4,118.House_Sparrow/House_Sparrow_0015_111085.jpg,0.09248677314858965,0.10546875,0.8769115437461259,0
dinov2_reg4,118.House_Sparrow/House_Sparrow_0049_110976.jpg,0.07739905606470857,0.078125,0.9907077908176725,0
dinov2_reg4,118.House_Sparrow/House_Sparrow_0098_111073.jpg,0.061047854865369,0.0625,0.9767655215634206,1
dinov2_reg4,119.Field_Sparrow/Field_Sparrow_0120_113953.jpg,0.06056353008132488,0.0390625,1.5504259731728678,0
dinov2_reg4,121.Grasshopper_Sparrow/Grasshopper_Sparrow_0117_115983.jpg,0.19781194940453042,0.203125,0.9738433952792442,1
dinov2_reg4,121.Grasshopper_Sparrow/Grasshopper_Sparrow_0075_116260.jpg,0.041243019529724964,0.03515625,1.1731344440428237,1
dinov2_reg4,121.Grasshopper_Sparrow/Grasshopper_Sparrow_0082_116300.jpg,0.0813839011906493,0.06640625,1.2255456216123195,1
dinov2_reg4,121.Grasshopper_Sparrow/Grasshopper_Sparrow_0116_116066.jpg,0.2216979022987896,0.15625,1.4188664839047986,1
dinov2_reg4,122.Harris_Sparrow/Harris_Sparrow_0059_116608.jpg,0.21383414278403662,0.140625,1.5205982405550522,0
dinov2_reg4,122.Harris_Sparrow/Harris_Sparrow_0067_116707.jpg,0.3263235971697918,0.26953125,1.210707793855866,0
dinov2_reg4,123.Henslow_Sparrow/Henslow_Sparrow_0043_116756.jpg,0.14584823927356008,0.08984375,1.6233541347062956,0
dinov2_reg4,123.Henslow_Sparrow/Henslow_Sparrow_0104_796541.jpg,0.1666727409656138,0.125,1.3333818210543646,1
dinov2_reg4,124.Le_Conte_Sparrow/Le_Conte_Sparrow_0050_795143.jpg,0.27827980102197347,0.12890625,2.158776470762347,0
dinov2_reg4,124.Le_Conte_Sparrow/Le_Conte_Sparrow_0023_795156.jpg,0.13379135597826997,0.10546875,1.2685401438138646,1
dinov2_reg4,124.Le_Conte_Sparrow/Le_Conte_Sparrow_0086_795170.jpg,0.32203824661128544,0.26171875,1.2304744474996192,1
dinov2_reg4,124.Le_Conte_Sparrow/Le_Conte_Sparrow_0013_795176.jpg,0.3219140202121598,0.12890625,2.4972722054938203,0
dinov2_reg4,125.Lincoln_Sparrow/Lincoln_Sparrow_0033_117303.jpg,0.15648256832731613,0.1171875,1.3353178024459786,0
dinov2_reg4,125.Lincoln_Sparrow/Lincoln_Sparrow_0017_117432.jpg,0.11209773066510932,0.0859375,1.3044098050444948,0
dinov2_reg4,127.Savannah_Sparrow/Savannah_Sparrow_0048_120321.jpg,0.1719108452552228,0.1015625,1.6926604635433173,0
dinov2_reg4,127.Savannah_Sparrow/Savannah_Sparrow_0139_119444.jpg,0.07415634246071254,0.0546875,1.3560014427556226,1
dinov2_reg4,127.Savannah_Sparrow/Savannah_Sparrow_0035_120099.jpg,0.13447495541352414,0.08984375,1.4967645545280401,0
dinov2_reg4,127.Savannah_Sparrow/Savannah_Sparrow_0051_118574.jpg,0.08348187274886139,0.05078125,1.6439504011688837,0
dinov2_reg4,127.Savannah_Sparrow/Savannah_Sparrow_0135_119620.jpg,0.05285721979007548,0.0390625,1.3531444802209454,1
dinov2_reg4,127.Savannah_Sparrow/Savannah_Sparrow_0095_119670.jpg,0.1631767585256029,0.11328125,1.4404567756891378,0
dinov2_reg4,127.Savannah_Sparrow/Savannah_Sparrow_0093_118267.jpg,0.09638855061337825,0.09375,1.0281444302072955,0
dinov2_reg4,128.Seaside_Sparrow/Seaside_Sparrow_0065_796504.jpg,0.14238699584948247,0.1015625,1.4019641287861286,1
dinov2_reg4,128.Seaside_Sparrow/Seaside_Sparrow_0033_796506.jpg,0.1544259734806324,0.12890625,1.1979710952798754,1
dinov2_reg4,128.Seaside_Sparrow/Seaside_Sparrow_0037_796531.jpg,0.4676516819279274,0.23828125,1.9626036975292451,0
dinov2_reg4,128.Seaside_Sparrow/Seaside_Sparrow_0059_120794.jpg,0.07645443518734504,0.0625,1.223270767274198,1
dinov2_reg4,128.Seaside_Sparrow/Seaside_Sparrow_0069_120700.jpg,0.12331664355756453,0.109375,1.1274663523008093,1
dinov2_reg4,128.Seaside_Sparrow/Seaside_Sparrow_0029_120828.jpg,0.0754600794016636,0.0703125,1.0732098655227016,1
dinov2_reg4,129.Song_Sparrow/Song_Sparrow_0009_121025.jpg,0.16452658627585778,0.1328125,1.2387883210388675,0
dinov2_reg4,129.Song_Sparrow/Song_Sparrow_0080_121033.jpg,0.09322056536355199,0.046875,1.988704970165382,0
dinov2_reg4,129.Song_Sparrow/Song_Sparrow_0037_121078.jpg,0.13121591440020036,0.109375,1.1996882505446205,1
dinov2_reg4,129.Song_Sparrow/Song_Sparrow_0096_121313.jpg,0.15698196194891298,0.078125,2.0093688557468727,1
dinov2_reg4,129.Song_Sparrow/Song_Sparrow_0108_121327.jpg,0.28650850381650805,0.12109375,2.366005513550063,0
dinov2_reg4,130.Tree_Sparrow/Tree_Sparrow_0042_124512.jpg,0.25828798814062287,0.13671875,1.889192003647655,0
dinov2_reg4,131.Vesper_Sparrow/Vesper_Sparrow_0083_125718.jpg,0.20328221094413373,0.1328125,1.5305953553933567,1
dinov2_reg4,131.Vesper_Sparrow/Vesper_Sparrow_0023_125465.jpg,0.22329005200100924,0.1171875,1.9054082811471056,0
dinov2_reg4,132.White_crowned_Sparrow/White_Crowned_Sparrow_0098_127019.jpg,0.26352301634226033,0.15234375,1.7297919937269524,1
dinov2_reg4,132.White_crowned_Sparrow/White_Crowned_Sparrow_0093_126531.jpg,0.16215334717695312,0.0390625,4.151124625042096,0
dinov2_reg4,132.White_crowned_Sparrow/White_Crowned_Sparrow_0102_127708.jpg,0.10376323735534253,0.05859375,1.770892281965563,0
dinov2_reg4,132.White_crowned_Sparrow/White_Crowned_Sparrow_0054_126068.jpg,0.3488591670253367,0.1953125,1.786158843718391,0
dinov2_reg4,132.White_crowned_Sparrow/White_Crowned_Sparrow_0049_128311.jpg,0.21356374724288243,0.125,1.7085098412622723,0
dinov2_reg4,132.White_crowned_Sparrow/White_Crowned_Sparrow_0031_126457.jpg,0.3138256232177605,0.1640625,1.9128417773064699,0
dinov2_reg4,133.White_throated_Sparrow/White_Throated_Sparrow_0078_129041.jpg,0.3759162459545997,0.23828125,1.577615654519368,1
dinov2_reg4,133.White_throated_Sparrow/White_Throated_Sparrow_0107_129046.jpg,0.16088232044197653,0.1171875,1.3728623506206126,1
dinov2_reg4,133.White_throated_Sparrow/White_Throated_Sparrow_0014_129148.jpg,0.4396736581053562,0.2734375,1.6079493194088703,1
dinov2_reg4,133.White_throated_Sparrow/White_Throated_Sparrow_0033_129016.jpg,0.17187407211823577,0.08203125,2.09522652849945,0
dinov2_reg4,134.Cape_Glossy_Starling/Cape_Glossy_Starling_0025_129341.jpg,0.1532906004723447,0.1328125,1.154187963711737,1
dinov2_reg4,134.Cape_Glossy_Starling/Cape_Glossy_Starling_0098_129365.jpg,0.17994970150410455,0.171875,1.0469800205632254,1
dinov2_reg4,134.Cape_Glossy_Starling/Cape_Glossy_Starling_0079_129399.jpg,0.14845972146300515,0.11328125,1.310540873777403,1
dinov2_reg4,134.Cape_Glossy_Starling/Cape_Glossy_Starling_0099_129412.jpg,0.17779110972513265,0.13671875,1.300414878873482,1
dinov2_reg4,135.Bank_Swallow/Bank_Swallow_0013_129563.jpg,0.07944797229052405,0.0859375,0.9244853881677985,1
dinov2_reg4,135.Bank_Swallow/Bank_Swallow_0029_129751.jpg,0.14930023949863583,0.125,1.194401820436941,0
dinov2_reg4,136.Barn_Swallow/Barn_Swallow_0034_130099.jpg,0.241770328482905,0.12890625,1.8755514936427835,1
dinov2_reg4,136.Barn_Swallow/Barn_Swallow_0014_130403.jpg,0.16464562654318798,0.10546875,1.561084311062233,1
dinov2_reg4,136.Barn_Swallow/Barn_Swallow_0023_130325.jpg,0.16873148891809484,0.109375,1.5426877576339864,0
dinov2_reg4,136.Barn_Swallow/Barn_Swallow_0072_130474.jpg,0.33226986406808695,0.16015625,2.0746604851292543,0
dinov2_reg4,136.Barn_Swallow/Barn_Swallow_0029_132832.jpg,0.21857708298731585,0.16015625,1.3647738963641873,1
dinov2_reg4,136.Barn_Swallow/Barn_Swallow_0080_131829.jpg,0.08142001719772256,0.046875,1.736959996333282,0
dinov2_reg4,137.Cliff_Swallow/Cliff_Swallow_0013_133169.jpg,0.221480601251501,0.1796875,1.2325876253252162,1
dinov2_reg4,137.Cliff_Swallow/Cliff_Swallow_0038_133701.jpg,0.16897733963278241,0.15234375,1.1091845155507676,1
dinov2_reg4,137.Cliff_Swallow/Cliff_Swallow_0083_133771.jpg,0.3438662281089978,0.31640625,1.086787056959612,0
dinov2_reg4,138.Tree_Swallow/Tree_Swallow_0039_135038.jpg,0.13854119215936878,0.10546875,1.3135756233349931,0
dinov2_reg4,139.Scarlet_Tanager/Scarlet_Tanager_0025_138712.jpg,0.11242697265022854,0.06640625,1.693017686137249,1
dinov2_reg4,140.Summer_Tanager/Summer_Tanager_0103_139267.jpg,0.11780579768418327,0.10546875,1.1169733832481132,1
dinov2_reg4,140.Summer_Tanager/Summer_Tanager_0052_139804.jpg,0.0783000782342032,0.0625,1.252801051299083,1
dinov2_reg4,140.Summer_Tanager/Summer_Tanager_0127_139297.jpg,0.11694023113625543,0.06640625,1.760982038986316,1
dinov2_reg4,140.Summer_Tanager/Summer_Tanager_0062_140633.jpg,0.18876810374600733,0.1484375,1.2717008237743097,1
dinov2_reg4,141.Artic_Tern/Artic_Tern_0093_141880.jpg,0.2671224194833659,0.2421875,1.1029570413576073,1
dinov2_reg4,141.Artic_Tern/Artic_Tern_0014_141716.jpg,0.20577783560944848,0.109375,1.8813971821300723,0
dinov2_reg4,142.Black_Tern/Black_Tern_0107_144661.jpg,0.07309913005818519,0.06640625,1.1007867339341983,1
dinov2_reg4,142.Black_Tern/Black_Tern_0102_144344.jpg,0.05860777726045963,0.078125,0.7501794529109134,0
dinov2_reg4,143.Caspian_Tern/Caspian_Tern_0010_145667.jpg,0.079894768328032,0.06640625,1.2031210359991964,1
dinov2_reg4,143.Caspian_Tern/Caspian_Tern_0014_145640.jpg,0.15752790490120652,0.109375,1.4402549988448599,1
dinov2_reg4,144.Common_Tern/Common_Tern_0044_148680.jpg,0.07394638029917051,0.09375,0.7887613057232796,0
dinov2_reg4,145.Elegant_Tern/Elegant_Tern_0033_150687.jpg,0.08824454612891501,0.03125,2.823824572501417,0
dinov2_reg4,145.Elegant_Tern/Elegant_Tern_0044_150946.jpg,0.1773918582148035,0.109375,1.6218682696788187,0
dinov2_reg4,146.Forsters_Tern/Forsters_Tern_0098_151258.jpg,0.09405489866435407,0.0390625,2.407804789409438,0
dinov2_reg4,146.Forsters_Tern/Forsters_Tern_0076_151330.jpg,0.1990992895957203,0.13671875,1.4562689830987372,1
dinov2_reg4,146.Forsters_Tern/Forsters_Tern_0071_152142.jpg,0.1561669092102129,0.10546875,1.4806935173051519,0
dinov2_reg4,146.Forsters_Tern/Forsters_Tern_0065_152206.jpg,0.19104916020431612,0.0859375,2.223117241869309,0
dinov2_reg4,146.Forsters_Tern/Forsters_Tern_0029_151228.jpg,0.16805975904975856,0.0859375,1.9556042413814243,0
dinov2_reg4,147.Least_Tern/Least_Tern_0128_153732.jpg,0.07548110902172342,0.0625,1.2076975511159667,1
dinov2_reg4,147.Least_Tern/Least_Tern_0028_153781.jpg,0.19198584059195795,0.1328125,1.445540337969352,0
dinov2_reg4,147.Least_Tern/Least_Tern_0089_152912.jpg,0.18793135945759273,0.16796875,1.1188470966719808,1
dinov2_reg4,148.Green_tailed_Towhee/Green_Tailed_Towhee_0100_154966.jpg,0.2739167959064667,0.171875,1.593697628913399,1
dinov2_reg4,148.Green_tailed_Towhee/Green_Tailed_Towhee_0085_154822.jpg,0.17004075385366024,0.12109375,1.4042073997343898,1
dinov2_reg4,149.Brown_Thrasher/Brown_Thrasher_0056_155048.jpg,0.2190016374418713,0.171875,1.2741912709815773,1
dinov2_reg4,152.Blue_headed_Vireo/Blue_Headed_Vireo_0058_156261.jpg,0.11573019968174544,0.12890625,0.8977857218241027,0
dinov2_reg4,153.Philadelphia_Vireo/Philadelphia_Vireo_0060_156555.jpg,0.21872149225165954,0.125,1.7497717980315326,0
dinov2_reg4,153.Philadelphia_Vireo/Philadelphia_Vireo_0035_156596.jpg,0.2522212315102641,0.0859375,2.934937625144877,0
dinov2_reg4,154.Red_eyed_Vireo/Red_Eyed_Vireo_0026_156751.jpg,0.06660780306108054,0.09375,0.7104831568666558,1
dinov2_reg4,155.Warbling_Vireo/Warbling_Vireo_0087_158355.jpg,0.060294235119936354,0.046875,1.2862767414862706,0
dinov2_reg4,155.Warbling_Vireo/Warbling_Vireo_0131_158522.jpg,0.05722761843509432,0.06640625,0.8617804772485956,0
dinov2_reg4,156.White_eyed_Vireo/White_Eyed_Vireo_0045_159232.jpg,0.13814777166087608,0.09765625,1.4146330369489482,0
dinov2_reg4,156.White_eyed_Vireo/White_Eyed_Vireo_0134_158889.jpg,0.060298788954999995,0.0625,0.9647804689151249,1
dinov2_reg4,157.Yellow_throated_Vireo/Yellow_Throated_Vireo_0057_159570.jpg,0.08282765799453415,0.1015625,0.8155337830320869,0
dinov2_reg4,157.Yellow_throated_Vireo/Yellow_Throated_Vireo_0048_794982.jpg,0.09424330136535052,0.08984375,1.0489688027899826,1
dinov2_reg4,158.Bay_breasted_Warbler/Bay_Breasted_Warbler_0057_159818.jpg,0.18731257571759277,0.13671875,1.370057596467323,1
dinov2_reg4,158.Bay_breasted_Warbler/Bay_Breasted_Warbler_0008_797115.jpg,0.2553409206705009,0.1484375,1.7201913496831152,0
dinov2_reg4,158.Bay_breasted_Warbler/Bay_Breasted_Warbler_0007_797118.jpg,0.17637960904762254,0.12109375,1.4565540705617082,1
dinov2_reg4,158.Bay_breasted_Warbler/Bay_Breasted_Warbler_0039_797152.jpg,0.18232276579455714,0.13671875,1.3335607036997494,1
dinov2_reg4,158.Bay_breasted_Warbler/Bay_Breasted_Warbler_0043_797154.jpg,0.3676093947578833,0.29296875,1.2547733579439777,1
dinov2_reg4,158.Bay_breasted_Warbler/Bay_Breasted_Warbler_0053_797157.jpg,0.1572542736408565,0.11328125,1.388175534425169,1
dinov2_reg4,158.Bay_breasted_Warbler/Bay_Breasted_Warbler_0110_159735.jpg,0.13803395805058952,0.0625,2.2085429754425565,1
dinov2_reg4,160.Black_throated_Blue_Warbler/Black_Throated_Blue_Warbler_0136_161400.jpg,0.22808350756576432,0.2109375,1.0812847253471625,1
dinov2_reg4,160.Black_throated_Blue_Warbler/Black_Throated_Blue_Warbler_0048_161665.jpg,0.10391850217537106,0.07421875,1.4001648932880457,1
dinov2_reg4,160.Black_throated_Blue_Warbler/Black_Throated_Blue_Warbler_0110_161726.jpg,0.10572041179421086,0.1015625,1.0409393367120492,1
dinov2_reg4,160.Black_throated_Blue_Warbler/Black_Throated_Blue_Warbler_0107_161214.jpg,0.17777383393872198,0.11328125,1.56931370589206,1
dinov2_reg4,161.Blue_winged_Warbler/Blue_Winged_Warbler_0026_161813.jpg,0.1928547887963506,0.09765625,1.974832835051748,0
dinov2_reg4,161.Blue_winged_Warbler/Blue_Winged_Warbler_0013_161816.jpg,0.1015453280361285,0.0625,1.6247249886220578,1
dinov2_reg4,161.Blue_winged_Warbler/Blue_Winged_Warbler_0078_161889.jpg,0.10494526758482663,0.09765625,1.074639430025547,1
dinov2_reg4,161.Blue_winged_Warbler/Blue_Winged_Warbler_0061_161984.jpg,0.06647889758122592,0.03515625,1.8909547711055135,0
dinov2_reg4,162.Canada_Warbler/Canada_Warbler_0063_162324.jpg,0.1520869587354527,0.1015625,1.4974714462595764,1
dinov2_reg4,162.Canada_Warbler/Canada_Warbler_0020_162354.jpg,0.09999504498085834,0.08984375,1.112988202863041,0
dinov2_reg4,163.Cape_May_Warbler/Cape_May_Warbler_0055_163171.jpg,0.35373507453648356,0.21875,1.6170745525290882,0
dinov2_reg4,164.Cerulean_Warbler/Cerulean_Warbler_0025_797232.jpg,0.2815998825940211,0.171875,1.6383992215856225,0
dinov2_reg4,165.Chestnut_sided_Warbler/Chestnut_Sided_Warbler_0046_163856.jpg,0.07222370032434011,0.05859375,1.2326176085019993,0
dinov2_reg4,165.Chestnut_sided_Warbler/Chestnut_Sided_Warbler_0127_163860.jpg,0.22111924228522983,0.11328125,1.951949000966531,1
dinov2_reg4,165.Chestnut_sided_Warbler/Chestnut_Sided_Warbler_0090_163629.jpg,0.12737822867692786,0.11328125,1.124442195266259,1
dinov2_reg4,166.Golden_winged_Warbler/Golden_Winged_Warbler_0035_164362.jpg,0.127933033298894,0.06640625,1.9265206819190541,0
dinov2_reg4,166.Golden_winged_Warbler/Golden_Winged_Warbler_0070_164460.jpg,0.4914600393631995,0.171875,2.859403699020582,0
dinov2_reg4,166.Golden_winged_Warbler/Golden_Winged_Warbler_0052_164529.jpg,0.10284156044854192,0.06640625,1.54867267707204,1
dinov2_reg4,166.Golden_winged_Warbler/Golden_Winged_Warbler_0082_164544.jpg,0.12759758244562935,0.046875,2.7220811781294416,0
dinov2_reg4,166.Golden_winged_Warbler/Golden_Winged_Warbler_0036_794817.jpg,0.23907624685593182,0.1171875,2.040117132413956,0
dinov2_reg4,166.Golden_winged_Warbler/Golden_Winged_Warbler_0067_794846.jpg,0.17508308354081223,0.109375,1.6007594745894171,1
dinov2_reg4,167.Hooded_Warbler/Hooded_Warbler_0133_165016.jpg,0.2437914258211577,0.10546875,2.3115036701024807,0
dinov2_reg4,167.Hooded_Warbler/Hooded_Warbler_0122_164635.jpg,0.1127499798170812,0.14453125,0.7801079144890953,1
dinov2_reg4,168.Kentucky_Warbler/Kentucky_Warbler_0005_795919.jpg,0.2583124312836456,0.16015625,1.6128775190157765,1
dinov2_reg4,168.Kentucky_Warbler/Kentucky_Warbler_0044_165436.jpg,0.18592558356719133,0.08984375,2.069432351976268,0
dinov2_reg4,168.Kentucky_Warbler/Kentucky_Warbler_0049_165313.jpg,0.18134549322882115,0.10546875,1.7194237727723467,0
dinov2_reg4,168.Kentucky_Warbler/Kentucky_Warbler_0022_795882.jpg,0.3928801174456033,0.3203125,1.2265525234890242,1
dinov2_reg4,168.Kentucky_Warbler/Kentucky_Warbler_0030_795885.jpg,0.13271072579726798,0.1171875,1.1324647634996936,1
dinov2_reg4,168.Kentucky_Warbler/Kentucky_Warbler_0003_795892.jpg,0.15935801648983472,0.09375,1.6998186612442465,1
dinov2_reg4,169.Magnolia_Warbler/Magnolia_Warbler_0039_165532.jpg,0.15963370714542643,0.09375,1.7027593612568834,1
dinov2_reg4,169.Magnolia_Warbler/Magnolia_Warbler_0079_165783.jpg,0.25525436629823184,0.12890625,1.980154930398507,1
dinov2_reg4,170.Mourning_Warbler/Mourning_Warbler_0006_166595.jpg,0.13639197014109355,0.08203125,1.6626828618881822,0
dinov2_reg4,170.Mourning_Warbler/Mourning_Warbler_0048_166596.jpg,0.16616462830904005,0.13671875,1.2153754781643724,1
dinov2_reg4,171.Myrtle_Warbler/Myrtle_Warbler_0045_166710.jpg,0.23787775093569996,0.08984375,2.6476824983248695,0
dinov2_reg4,171.Myrtle_Warbler/Myrtle_Warbler_0083_166738.jpg,0.20490490926545601,0.13671875,1.4987329410057262,1
dinov2_reg4,171.Myrtle_Warbler/Myrtle_Warbler_0028_166905.jpg,0.42979466629422713,0.125,3.4383570552852527,0
dinov2_reg4,171.Myrtle_Warbler/Myrtle_Warbler_0032_166847.jpg,0.15202756203631704,0.11328125,1.3420362912304917,1
dinov2_reg4,171.Myrtle_Warbler/Myrtle_Warbler_0063_93378.jpg,0.6648635739371666,0.16796875,3.958257320808742,0
dinov2_reg4,172.Nashville_Warbler/Nashville_Warbler_0005_167103.jpg,0.07854616565058542,0.0625,1.256738449331215,0
dinov2_reg4,172.Nashville_Warbler/Nashville_Warbler_0001_167117.jpg,0.07892046404036919,0.078125,1.010181810413454,0
dinov2_reg4,173.Orange_crowned_Warbler/Orange_Crowned_Warbler_0065_167952.jpg,0.1127331659642116,0.09375,1.2024869753529797,0
dinov2_reg4,174.Palm_Warbler/Palm_Warbler_0111_169663.jpg,0.23633967252663712,0.12109375,1.9517081022724634,0
dinov2_reg4,175.Pine_Warbler/Pine_Warbler_0005_171548.jpg,0.2527518519972796,0.1484375,1.70274920400699,0
dinov2_reg4,175.Pine_Warbler/Pine_Warbler_0097_171671.jpg,0.19079340754001783,0.1015625,1.8785810585029639,1
dinov2_reg4,175.Pine_Warbler/Pine_Warbler_0136_171382.jpg,0.27425801771450076,0.15625,1.755251201036728,0
dinov2_reg4,175.Pine_Warbler/Pine_Warbler_0103_171922.jpg,0.23651515762794742,0.1875,1.2614141067403006,0
dinov2_reg4,176.Prairie_Warbler/Prairie_Warbler_0133_173279.jpg,0.19371275085309184,0.05859375,3.3060303836635816,0
dinov2_reg4,176.Prairie_Warbler/Prairie_Warbler_0066_173350.jpg,0.1896517118828007,0.078125,2.427541601374524,0
dinov2_reg4,176.Prairie_Warbler/Prairie_Warbler_0127_172913.jpg,0.21843526326601073,0.08984375,2.43127918139235,1
dinov2_reg4,176.Prairie_Warbler/Prairie_Warbler_0014_172542.jpg,0.18512346429529655,0.078125,2.369580039673551,0
dinov2_reg4,177.Prothonotary_Warbler/Prothonotary_Warbler_0105_174097.jpg,0.26388831043553335,0.21875,1.2063465068437407,1
dinov2_reg4,177.Prothonotary_Warbler/Prothonotary_Warbler_0089_174636.jpg,0.09134208285857623,0.0625,1.461473091901525,0
dinov2_reg4,178.Swainson_Warbler/Swainson_Warbler_0008_794886.jpg,0.07944156122819816,0.0390625,2.0337034468137904,1
dinov2_reg4,178.Swainson_Warbler/Swainson_Warbler_0042_794895.jpg,0.1796814890461939,0.1171875,1.5332819090207985,1
dinov2_reg4,178.Swainson_Warbler/Swainson_Warbler_0033_794856.jpg,0.1674714485165475,0.078125,2.143634266626622,0
dinov2_reg4,179.Tennessee_Warbler/Tennessee_Warbler_0002_174884.jpg,0.17567800419448865,0.1875,0.9369493057333098,1
dinov2_reg4,180.Wilson_Warbler/Wilson_Warbler_0067_175261.jpg,0.1973818317710408,0.15625,1.263243642487068,1
dinov2_reg4,181.Worm_eating_Warbler/Worm_Eating_Warbler_0056_795547.jpg,0.21909819314517556,0.19140625,1.1446762145876292,1
dinov2_reg4,181.Worm_eating_Warbler/Worm_Eating_Warbler_0019_795554.jpg,0.2206820731243978,0.21875,1.0088322881649139,1
dinov2_reg4,182.Yellow_Warbler/Yellow_Warbler_0118_176409.jpg,0.15021292250090498,0.09765625,1.5381801688996177,1
dinov2_reg4,182.Yellow_Warbler/Yellow_Warbler_0031_176282.jpg,0.02346183048944187,0.01953125,1.2012451060219294,1
dinov2_reg4,182.Yellow_Warbler/Yellow_Warbler_0112_176301.jpg,0.18644926485051516,0.109375,1.7046788370626451,1
dinov2_reg4,182.Yellow_Warbler/Yellow_Warbler_0088_176336.jpg,0.15943582206202836,0.046875,3.401296811713285,0
dinov2_reg4,182.Yellow_Warbler/Yellow_Warbler_0026_176337.jpg,0.1520727828062648,0.09765625,1.5572251364762977,1
dinov2_reg4,182.Yellow_Warbler/Yellow_Warbler_0029_176855.jpg,0.03471499802330622,0.0234375,1.4811726170274155,1
dinov2_reg4,184.Louisiana_Waterthrush/Louisiana_Waterthrush_0078_177444.jpg,0.19038045379351054,0.109375,1.7406211326838785,1
dinov2_reg4,184.Louisiana_Waterthrush/Louisiana_Waterthrush_0076_795257.jpg,0.3771396762149213,0.20703125,1.8216557065581367,0
dinov2_reg4,184.Louisiana_Waterthrush/Louisiana_Waterthrush_0081_795283.jpg,0.2897185012950447,0.140625,2.060220307149096,0
dinov2_reg4,185.Bohemian_Waxwing/Bohemian_Waxwing_0099_177747.jpg,0.1499785719086159,0.1796875,0.8346633102579913,0
dinov2_reg4,186.Cedar_Waxwing/Cedar_Waxwing_0042_179391.jpg,0.19902629285585866,0.14453125,1.377046687725954,1
dinov2_reg4,186.Cedar_Waxwing/Cedar_Waxwing_0074_178888.jpg,0.1385879834515084,0.125,1.108703778915765,1
dinov2_reg4,186.Cedar_Waxwing/Cedar_Waxwing_0051_178385.jpg,0.3395516025735097,0.26953125,1.2597856091850337,1
dinov2_reg4,188.Pileated_Woodpecker/Pileated_Woodpecker_0075_180480.jpg,0.09352374447834753,0.05859375,1.5961383000228613,1
dinov2_reg4,188.Pileated_Woodpecker/Pileated_Woodpecker_0027_179956.jpg,0.3666611031615023,0.2734375,1.3409319853794102,1
dinov2_reg4,189.Red_bellied_Woodpecker/Red_Bellied_Woodpecker_0015_182320.jpg,0.17779735624531084,0.10546875,1.6857821808591553,1
dinov2_reg4,189.Red_bellied_Woodpecker/Red_Bellied_Woodpecker_0032_181587.jpg,0.07262169944185358,0.04296875,1.6901046118587917,1
dinov2_reg4,189.Red_bellied_Woodpecker/Red_Bellied_Woodpecker_0044_181122.jpg,0.22516302718005068,0.1640625,1.3724221772545762,1
dinov2_reg4,189.Red_bellied_Woodpecker/Red_Bellied_Woodpecker_0070_181182.jpg,0.23066224081427475,0.11328125,2.036190635717459,1
dinov2_reg4,190.Red_cockaded_Woodpecker/Red_Cockaded_Woodpecker_0042_182373.jpg,0.051138364242799376,0.046875,1.0909515377767254,1
dinov2_reg4,190.Red_cockaded_Woodpecker/Red_Cockaded_Woodpecker_0061_794728.jpg,0.059341098919110505,0.0625,0.9494574307925793,1
dinov2_reg4,190.Red_cockaded_Woodpecker/Red_Cockaded_Woodpecker_0014_794718.jpg,0.48454652738091136,0.50390625,0.9615806864175717,1
dinov2_reg4,191.Red_headed_Woodpecker/Red_Headed_Woodpecker_0042_182834.jpg,0.0611390176380279,0.046875,1.304298764694192,1
dinov2_reg4,191.Red_headed_Woodpecker/Red_Headed_Woodpecker_0093_182925.jpg,0.1395655323641895,0.125,1.1165241695915824,1
dinov2_reg4,191.Red_headed_Woodpecker/Red_Headed_Woodpecker_0099_183524.jpg,0.268385975530089,0.1953125,1.3741361243582864,0
dinov2_reg4,191.Red_headed_Woodpecker/Red_Headed_Woodpecker_0027_183029.jpg,0.33499607927443525,0.2890625,1.1589053152359166,1
dinov2_reg4,193.Bewick_Wren/Bewick_Wren_0016_184999.jpg,0.3092241342819091,0.046875,6.596780124034301,0
dinov2_reg4,194.Cactus_Wren/Cactus_Wren_0088_185873.jpg,0.08991292649631336,0.0625,1.4386065937639587,1
dinov2_reg4,194.Cactus_Wren/Cactus_Wren_0102_185902.jpg,0.33160081405472663,0.23046875,1.4388102494009454,1
dinov2_reg4,194.Cactus_Wren/Cactus_Wren_0116_185927.jpg,0.2579245239156735,0.16015625,1.6104554634060104,1
dinov2_reg4,194.Cactus_Wren/Cactus_Wren_0085_185515.jpg,0.41767971881868593,0.31640625,1.3200741313357263,1
dinov2_reg4,195.Carolina_Wren/Carolina_Wren_0130_186369.jpg,0.08063074414910076,0.046875,1.7201221748880855,1
dinov2_reg4,195.Carolina_Wren/Carolina_Wren_0066_186818.jpg,0.14140945634298277,0.08203125,1.723848400511985,1
dinov2_reg4,195.Carolina_Wren/Carolina_Wren_0006_186742.jpg,0.12382755967037853,0.0703125,1.7611028203996493,1
dinov2_reg4,196.House_Wren/House_Wren_0064_187489.jpg,0.045444112581484494,0.03515625,1.2926321679690755,0
dinov2_reg4,196.House_Wren/House_Wren_0086_187815.jpg,0.27774163648883815,0.1875,1.481288648938409,1
dinov2_reg4,197.Marsh_Wren/Marsh_Wren_0076_188108.jpg,0.06512900442974733,0.0703125,0.9262790423744982,1
dinov2_reg4,197.Marsh_Wren/Marsh_Wren_0071_188111.jpg,0.19492069712656956,0.14453125,1.3486404057265506,1
dinov2_reg4,197.Marsh_Wren/Marsh_Wren_0082_188699.jpg,0.2287239034961849,0.05859375,3.9035539534616808,0
dinov2_reg4,198.Rock_Wren/Rock_Wren_0025_188897.jpg,0.05401715878047999,0.03515625,1.5364876349327257,1
dinov2_reg4,198.Rock_Wren/Rock_Wren_0023_189075.jpg,0.06071335090588394,0.05078125,1.1955857516312896,1
dinov2_reg4,199.Winter_Wren/Winter_Wren_0082_189549.jpg,0.26232365646468697,0.1796875,1.459888093861877,1
dinov2_reg4,200.Common_Yellowthroat/Common_Yellowthroat_0099_190531.jpg,0.0995866000631431,0.03515625,2.8326847071657535,0
dinov2_reg4,200.Common_Yellowthroat/Common_Yellowthroat_0045_190563.jpg,0.246374980580492,0.19140625,1.2871835047635956,1
dinov2_reg4,200.Common_Yellowthroat/Common_Yellowthroat_0111_190569.jpg,0.22080562142751275,0.16796875,1.314563621399079,1
dinov2_reg4,200.Common_Yellowthroat/Common_Yellowthroat_0112_190571.jpg,0.15335823890228742,0.1015625,1.5099886651313308,1
dinov2_reg4,200.Common_Yellowthroat/Common_Yellowthroat_0029_190403.jpg,0.18140445984523,0.10546875,1.7199828636008425,1
dinov2_reg4,200.Common_Yellowthroat/Common_Yellowthroat_0070_190678.jpg,0.10470379677261006,0.0625,1.6752604803200843,1
dinov3,001.Black_footed_Albatross/Black_Footed_Albatross_0002_55.jpg,0.21070322147430376,0.18359375,1.1476600374342993,1
dinov3,001.Black_footed_Albatross/Black_Footed_Albatross_0024_796089.jpg,0.19052232597111832,0.13671875,1.3935346251759329,0
dinov3,001.Black_footed_Albatross/Black_Footed_Albatross_0005_796090.jpg,0.17248158657774523,0.16015625,1.076958131875365,1
dinov3,001.Black_footed_Albatross/Black_Footed_Albatross_0058_796074.jpg,0.08584343286839587,0.08984375,0.955474624708448,1
dinov3,002.Laysan_Albatross/Laysan_Albatross_0102_611.jpg,0.13398728841546087,0.11328125,1.1827842347044946,1
dinov3,002.Laysan_Albatross/Laysan_Albatross_0098_621.jpg,0.34918658921116585,0.171875,2.0316309462973465,0
dinov3,002.Laysan_Albatross/Laysan_Albatross_0064_674.jpg,0.3184347228579344,0.1796875,1.7721583590196914,0
dinov3,003.Sooty_Albatross/Sooty_Albatross_0048_1130.jpg,0.0942516518261045,0.07421875,1.2699168219208257,1
dinov3,003.Sooty_Albatross/Sooty_Albatross_0050_796351.jpg,0.24599033072416093,0.14453125,1.701987035359416,0
dinov3,004.Groove_billed_Ani/Groove_Billed_Ani_0029_1620.jpg,0.07935497853702403,0.08203125,0.9673748585237388,1
dinov3,005.Crested_Auklet/Crested_Auklet_0036_794905.jpg,0.4370822661499915,0.3515625,1.2432561883517999,1
dinov3,006.Least_Auklet/Least_Auklet_0039_795081.jpg,0.2648159646059041,0.234375,1.1298814007769178,1
dinov3,006.Least_Auklet/Least_Auklet_0005_795119.jpg,0.11285629973694117,0.140625,0.8025336299491902,1
dinov3,007.Parakeet_Auklet/Parakeet_Auklet_0017_795924.jpg,0.21267887642990277,0.22265625,0.955189296855623,1
dinov3,007.Parakeet_Auklet/Parakeet_Auklet_0072_795929.jpg,0.1015826673942587,0.09765625,1.040206407600073,1
dinov3,007.Parakeet_Auklet/Parakeet_Auklet_0067_795964.jpg,0.0919941729018489,0.08203125,1.1214526377121223,1
dinov3,008.Rhinoceros_Auklet/Rhinoceros_Auklet_0044_797502.jpg,0.30723494406180113,0.2578125,1.1916991307435048,1
dinov3,009.Brewer_Blackbird/Brewer_Blackbird_0028_2682.jpg,0.2704240335092535,0.171875,1.573376103421047,0
dinov3,009.Brewer_Blackbird/Brewer_Blackbird_0080_2234.jpg,0.20619726507397398,0.11328125,1.8202239723849647,0
dinov3,010.Red_winged_Blackbird/Red_Winged_Blackbird_0017_4116.jpg,0.13608441176487815,0.1953125,0.6967521525624659,0
dinov3,010.Red_winged_Blackbird/Red_Winged_Blackbird_0042_3635.jpg,0.0519109676591432,0.08203125,0.6328193381296741,0
dinov3,011.Rusty_Blackbird/Rusty_Blackbird_0109_6698.jpg,0.08939596593607838,0.12109375,0.7382375932176718,1
dinov3,011.Rusty_Blackbird/Rusty_Blackbird_0005_6771.jpg,0.22012613220434785,0.18359375,1.1989848249981254,0
dinov3,012.Yellow_headed_Blackbird/Yellow_Headed_Blackbird_0080_8601.jpg,0.10654787495029043,0.09375,1.13651054490864,1
dinov3,012.Yellow_headed_Blackbird/Yellow_Headed_Blackbird_0023_7325.jpg,0.13039766171668468,0.125,1.0431812102789806,1
dinov3,013.Bobolink/Bobolink_0074_9311.jpg,0.027026687304959773,0.03125,0.8648537170055233,1
dinov3,013.Bobolink/Bobolink_0097_10861.jpg,0.1053446424957322,0.0234375,4.4947028287447,0
dinov3,013.Bobolink/Bobolink_0110_9496.jpg,0.042358517518464645,0.0390625,1.0843777708719855,1
dinov3,014.Indigo_Bunting/Indigo_Bunting_0025_12532.jpg,0.08389975313702629,0.0625,1.342395835409087,1
dinov3,014.Indigo_Bunting/Indigo_Bunting_0029_13761.jpg,0.06716860418477881,0.046875,1.432929916916899,1
dinov3,015.Lazuli_Bunting/Lazuli_Bunting_0037_15021.jpg,0.014629285406273332,0.0234375,0.6241825776830956,0
dinov3,015.Lazuli_Bunting/Lazuli_Bunting_0093_15030.jpg,0.02101794810772736,0.046875,0.4483827973098536,1
dinov3,015.Lazuli_Bunting/Lazuli_Bunting_0057_14775.jpg,0.06444196708162223,0.16796875,0.3836544788544145,0
dinov3,016.Painted_Bunting/Painted_Bunting_0004_16641.jpg,0.19669718246469056,0.16796875,1.171034318909603,1
dinov3,016.Painted_Bunting/Painted_Bunting_0010_16948.jpg,0.18311506350000253,0.171875,1.0653966711042084,1
dinov3,016.Painted_Bunting/Painted_Bunting_0080_16534.jpg,0.04835276010181054,0.046875,1.031525328779888,1
dinov3,017.Cardinal/Cardinal_0038_19203.jpg,0.12768379452119388,0.12109375,1.0544209257454216,1
dinov3,017.Cardinal/Cardinal_0105_19045.jpg,0.12079445908436627,0.09375,1.2884740927960037,1
dinov3,018.Spotted_Catbird/Spotted_Catbird_0033_796805.jpg,0.20847634839155182,0.18359375,1.1355306868357173,1
dinov3,018.Spotted_Catbird/Spotted_Catbird_0015_796808.jpg,0.2282649069146632,0.1484375,1.5377845324585626,1
dinov3,018.Spotted_Catbird/Spotted_Catbird_0032_796828.jpg,0.20858044474066423,0.171875,1.213558880611348,1
dinov3,019.Gray_Catbird/Gray_Catbird_0028_20598.jpg,0.2235544040443747,0.21484375,1.040544086755765,0
dinov3,019.Gray_Catbird/Gray_Catbird_0075_21125.jpg,0.20158954500238976,0.17578125,1.1468204574389202,1
dinov3,019.Gray_Catbird/Gray_Catbird_0104_20716.jpg,0.27740616166921445,0.203125,1.3656918055989977,1
dinov3,020.Yellow_breasted_Chat/Yellow_Breasted_Chat_0109_21796.jpg,0.030773499888024296,0.05078125,0.6060011092285676,1
dinov3,020.Yellow_breasted_Chat/Yellow_Breasted_Chat_0035_21870.jpg,0.05325152694155966,0.04296875,1.2393079749464415,0
dinov3,020.Yellow_breasted_Chat/Yellow_Breasted_Chat_0085_21899.jpg,0.1553700150483306,0.1640625,0.947017176857349,0
dinov3,021.Eastern_Towhee/Eastern_Towhee_0095_22594.jpg,0.06073871736201044,0.03515625,1.7276785802019452,1
dinov3,021.Eastern_Towhee/Eastern_Towhee_0085_22674.jpg,0.23641120901100232,0.1640625,1.4409825194738415,1
dinov3,021.Eastern_Towhee/Eastern_Towhee_0105_22675.jpg,0.02963642550161957,0.0234375,1.2644869485546701,1
dinov3,021.Eastern_Towhee/Eastern_Towhee_0112_22231.jpg,0.1872625175512897,0.125,1.498100020562316,0
dinov3,021.Eastern_Towhee/Eastern_Towhee_0031_22233.jpg,0.10754538066725244,0.05859375,1.8354408501392032,1
dinov3,021.Eastern_Towhee/Eastern_Towhee_0022_22279.jpg,0.33996020309004693,0.09765625,3.4811921231680074,0
dinov3,021.Eastern_Towhee/Eastern_Towhee_0121_22319.jpg,0.17023683115127014,0.13671875,1.245160731060391,1
dinov3,022.Chuck_will_Widow/Chuck_Will_Widow_0019_22806.jpg,0.23098416677193073,0.06640625,3.4783492817082418,0
dinov3,022.Chuck_will_Widow/Chuck_Will_Widow_0022_796967.jpg,0.5237678388419253,0.4453125,1.1761803836185185,1
dinov3,022.Chuck_will_Widow/Chuck_Will_Widow_0027_796978.jpg,0.6633214593276396,0.5546875,1.1958471163838529,1
dinov3,022.Chuck_will_Widow/Chuck_Will_Widow_0031_796981.jpg,0.17611890346033124,0.12890625,1.3662556299463753,1
dinov3,023.Brandt_Cormorant/Brandt_Cormorant_0092_23061.jpg,0.3631737953473792,0.26953125,1.3474273646306525,0
dinov3,024.Red_faced_Cormorant/Red_Faced_Cormorant_0021_796265.jpg,0.08501300918000587,0.08203125,1.036348937953725,1
dinov3,024.Red_faced_Cormorant/Red_Faced_Cormorant_0054_796301.jpg,0.25664111622275176,0.2578125,0.9954564121917582,1
dinov3,025.Pelagic_Cormorant/Pelagic_Cormorant_0042_23522.jpg,0.13382866012096245,0.12109375,1.1051656181207228,0
dinov3,026.Bronzed_Cowbird/Bronzed_Cowbird_0043_796224.jpg,0.11261646859456222,0.12890625,0.8736307189004027,1
dinov3,026.Bronzed_Cowbird/Bronzed_Cowbird_0073_796226.jpg,0.15744940703878998,0.09375,1.679460162604676,0
dinov3,026.Bronzed_Cowbird/Bronzed_Cowbird_0031_24139.jpg,0.1817778960674879,0.078125,2.3267567718389786,0
dinov3,027.Shiny_Cowbird/Shiny_Cowbird_0057_24345.jpg,0.06976385201469107,0.0390625,1.7859541543718278,0
dinov3,027.Shiny_Cowbird/Shiny_Cowbird_0039_24359.jpg,0.043577280170507326,0.03125,1.3944725192250282,1
dinov3,028.Brown_Creeper/Brown_Creeper_0124_24963.jpg,0.07718385009878544,0.1015625,0.7599639876838947,1
dinov3,028.Brown_Creeper/Brown_Creeper_0101_24987.jpg,0.0518298313008797,0.04296875,1.2062212477362553,1
dinov3,028.Brown_Creeper/Brown_Creeper_0006_25034.jpg,0.06836740611362166,0.0625,1.093878322797415,1
dinov3,030.Fish_Crow/Fish_Crow_0067_26124.jpg,0.20762393877827645,0.1328125,1.563286009565488,1
dinov3,030.Fish_Crow/Fish_Crow_0034_25891.jpg,0.393314981709038,0.2421875,1.624010180000769,1
dinov3,031.Black_billed_Cuckoo/Black_Billed_Cuckoo_0030_26240.jpg,0.20283636481736503,0.171875,1.1801387811838675,1
dinov3,031.Black_billed_Cuckoo/Black_Billed_Cuckoo_0008_795305.jpg,0.08910050746234706,0.05859375,1.5206484011667294,1
dinov3,031.Black_billed_Cuckoo/Black_Billed_Cuckoo_0043_795324.jpg,0.11799772030611003,0.078125,1.5103706265907682,1
dinov3,032.Mangrove_Cuckoo/Mangrove_Cuckoo_0018_794593.jpg,0.237994985188194,0.2265625,1.0504605779137688,1
dinov3,032.Mangrove_Cuckoo/Mangrove_Cuckoo_0035_794595.jpg,0.14999139114720458,0.1484375,1.010468251233833,1
dinov3,032.Mangrove_Cuckoo/Mangrove_Cuckoo_0003_794619.jpg,0.1955812120218589,0.16796875,1.1643904022501501,1
dinov3,033.Yellow_billed_Cuckoo/Yellow_Billed_Cuckoo_0074_26466.jpg,0.07248787464530636,0.0546875,1.3254923225670059,0
dinov3,033.Yellow_billed_Cuckoo/Yellow_Billed_Cuckoo_0043_26492.jpg,0.13729235386795036,0.09765625,1.4058735596463592,0
dinov3,033.Yellow_billed_Cuckoo/Yellow_Billed_Cuckoo_0088_26812.jpg,0.17273886746432146,0.203125,0.8504066902658686,1
dinov3,033.Yellow_billed_Cuckoo/Yellow_Billed_Cuckoo_0006_26578.jpg,0.11216887493462561,0.109375,1.0255439056382771,1
dinov3,034.Gray_crowned_Rosy_Finch/Gray_Crowned_Rosy_Finch_0079_797294.jpg,0.09729850007198859,0.08984375,1.0829744889571473,1
dinov3,034.Gray_crowned_Rosy_Finch/Gray_Crowned_Rosy_Finch_0057_27107.jpg,0.328929699187339,0.265625,1.23832352679192,1
dinov3,035.Purple_Finch/Purple_Finch_0021_28235.jpg,0.14759611899135244,0.15625,0.9446151010892891,1
dinov3,035.Purple_Finch/Purple_Finch_0030_27255.jpg,0.07423875538545423,0.1015625,0.7309661349001145,1
dinov3,035.Purple_Finch/Purple_Finch_0065_27473.jpg,0.08794389007961437,0.12109375,0.7262462581029309,1
dinov3,036.Northern_Flicker/Northern_Flicker_0093_28700.jpg,0.1801679086587301,0.1640625,1.0981662334602227,1
dinov3,036.Northern_Flicker/Northern_Flicker_0131_28962.jpg,0.044481736566858575,0.02734375,1.6267600566585785,0
dinov3,036.Northern_Flicker/Northern_Flicker_0090_28491.jpg,0.2233878606025625,0.16796875,1.3299369513864512,0
dinov3,036.Northern_Flicker/Northern_Flicker_0051_28650.jpg,0.18212286066065048,0.17578125,1.0360766594837838,1
dinov3,037.Acadian_Flycatcher/Acadian_Flycatcher_0051_29077.jpg,0.28401373323703094,0.29296875,0.9694335096924018,0
dinov3,037.Acadian_Flycatcher/Acadian_Flycatcher_0041_795605.jpg,0.11681900091257058,0.140625,0.830712836305367,0
dinov3,037.Acadian_Flycatcher/Acadian_Flycatcher_0012_795612.jpg,0.2445455516248196,0.19921875,1.227522707323445,0
dinov3,038.Great_Crested_Flycatcher/Great_Crested_Flycatcher_0028_29696.jpg,0.16611609102111707,0.140625,1.1812698965931954,1
dinov3,038.Great_Crested_Flycatcher/Great_Crested_Flycatcher_0139_29302.jpg,0.04830566074225025,0.03125,1.5457806491022001,0
dinov3,038.Great_Crested_Flycatcher/Great_Crested_Flycatcher_0010_29396.jpg,0.12445765769305422,0.08203125,1.5171979278759613,0
dinov3,039.Least_Flycatcher/Least_Flycatcher_0057_30282.jpg,0.036259368656098065,0.09375,0.3867665577432799,1
dinov3,041.Scissor_tailed_Flycatcher/Scissor_Tailed_Flycatcher_0042_41990.jpg,0.018345944744072175,0.03125,0.5870700439478955,0
dinov3,041.Scissor_tailed_Flycatcher/Scissor_Tailed_Flycatcher_0094_42018.jpg,0.056250082728451084,0.08203125,0.6857152106215495,0
dinov3,041.Scissor_tailed_Flycatcher/Scissor_Tailed_Flycatcher_0076_41597.jpg,0.026977530015087462,0.046875,0.5755205175441555,1
dinov3,042.Vermilion_Flycatcher/Vermilion_Flycatcher_0070_42250.jpg,0.05651098675123525,0.03515625,1.6074231659236575,0
dinov3,042.Vermilion_Flycatcher/Vermilion_Flycatcher_0059_42261.jpg,0.16038445729733822,0.1484375,1.0804846921599414,1
dinov3,042.Vermilion_Flycatcher/Vermilion_Flycatcher_0021_42378.jpg,0.1267058893899403,0.109375,1.1584537399351122,1
dinov3,042.Vermilion_Flycatcher/Vermilion_Flycatcher_0039_42423.jpg,0.12211052934823816,0.04296875,2.8418443852752127,0
dinov3,042.Vermilion_Flycatcher/Vermilion_Flycatcher_0028_42197.jpg,0.17797276174960713,0.17578125,1.012467209244075,1
dinov3,043.Yellow_bellied_Flycatcher/Yellow_Bellied_Flycatcher_0026_795489.jpg,0.14926566038340447,0.1796875,0.8306958028602237,1
dinov3,043.Yellow_bellied_Flycatcher/Yellow_Bellied_Flycatcher_0007_795491.jpg,0.5906563891132828,0.625,0.9450502074604491,1
dinov3,043.Yellow_bellied_Flycatcher/Yellow_Bellied_Flycatcher_0065_42635.jpg,0.09811098576269668,0.08203125,1.1960194901638312,1
dinov3,043.Yellow_bellied_Flycatcher/Yellow_Bellied_Flycatcher_0027_42649.jpg,0.08552630136617302,0.08203125,1.0426062133651615,0
dinov3,044.Frigatebird/Frigatebird_0034_43053.jpg,0.14745717547001844,0.15625,0.9437258626096628,0
dinov3,044.Frigatebird/Frigatebird_0091_43066.jpg,0.028112689412152315,0.02734375,1.028120836788807,1
dinov3,044.Frigatebird/Frigatebird_0120_43300.jpg,0.02125830733399928,0.03125,0.6802656170029795,1
dinov3,045.Northern_Fulmar/Northern_Fulmar_0008_43647.jpg,0.03081498049663052,0.02734375,1.1269474460217073,0
dinov3,045.Northern_Fulmar/Northern_Fulmar_0015_43658.jpg,0.07315639654773802,0.06640625,1.101649099764661,0
dinov3,045.Northern_Fulmar/Northern_Fulmar_0016_43958.jpg,0.34665020707753075,0.265625,1.3050360245728772,1
dinov3,047.American_Goldfinch/American_Goldfinch_0084_32295.jpg,0.059372549716085306,0.06640625,0.8940806140277334,0
dinov3,047.American_Goldfinch/American_Goldfinch_0036_31910.jpg,0.10560664752165125,0.1015625,1.0398191962925223,1
dinov3,047.American_Goldfinch/American_Goldfinch_0064_32142.jpg,0.14550239753078004,0.1015625,1.4326388500124705,0
dinov3,048.European_Goldfinch/European_Goldfinch_0017_794638.jpg,0.4370458071408204,0.328125,1.3319490859316712,1
dinov3,048.European_Goldfinch/European_Goldfinch_0034_33256.jpg,0.2485102382939961,0.1484375,1.6741741241415065,1
dinov3,048.European_Goldfinch/European_Goldfinch_0005_33263.jpg,0.15280230977624978,0.09765625,1.5646954918839795,1
dinov3,050.Eared_Grebe/Eared_Grebe_0042_34132.jpg,0.05942978432502131,0.0546875,1.0867158575152043,0
dinov3,050.Eared_Grebe/Eared_Grebe_0001_34433.jpg,0.13097964432614392,0.1328125,0.9861996006712314,0
dinov3,051.Horned_Grebe/Horned_Grebe_0058_34568.jpg,0.040647396094316356,0.0390625,1.0405730736277918,1
dinov3,051.Horned_Grebe/Horned_Grebe_0095_34491.jpg,0.21698703274502534,0.203125,1.068243800923507,1
dinov3,051.Horned_Grebe/Horned_Grebe_0053_34512.jpg,0.12018623023743441,0.109375,1.0988454331335322,1
dinov3,052.Pied_billed_Grebe/Pied_Billed_Grebe_0013_35882.jpg,0.16532670947273118,0.16796875,0.9842705838438718,1
dinov3,052.Pied_billed_Grebe/Pied_Billed_Grebe_0053_35262.jpg,0.1166610428120693,0.1484375,0.7859269723135971,1
dinov3,052.Pied_billed_Grebe/Pied_Billed_Grebe_0056_35623.jpg,0.0832739315748724,0.1015625,0.8199278609289234,0
dinov3,053.Western_Grebe/Western_Grebe_0048_36399.jpg,0.037670206448382614,0.03515625,1.0715077897473342,1
dinov3,054.Blue_Grosbeak/Blue_Grosbeak_0015_36985.jpg,0.07919181739506946,0.078125,1.0136551329090322,0
dinov3,054.Blue_Grosbeak/Blue_Grosbeak_0016_36862.jpg,0.025205066344932005,0.03515625,0.7169439054362439,0
dinov3,055.Evening_Grosbeak/Evening_Grosbeak_0141_37398.jpg,0.07242063597088892,0.0546875,1.3242628156024825,1
dinov3,055.Evening_Grosbeak/Evening_Grosbeak_0085_37487.jpg,0.1530104179609535,0.171875,0.8902423799769,1
dinov3,055.Evening_Grosbeak/Evening_Grosbeak_0098_37532.jpg,0.11157250925381808,0.125,0.8925800026241445,1
dinov3,055.Evening_Grosbeak/Evening_Grosbeak_0038_37228.jpg,0.22461129468404945,0.1953125,1.150009769901833,0
dinov3,055.Evening_Grosbeak/Evening_Grosbeak_0015_37238.jpg,0.09335053420661998,0.07421875,1.2577754493152404,0
dinov3,055.Evening_Grosbeak/Evening_Grosbeak_0129_37831.jpg,0.2323304343806216,0.23828125,0.9750260443503681,1
dinov3,056.Pine_Grosbeak/Pine_Grosbeak_0042_38432.jpg,0.12626222541409304,0.078125,1.6161562784323875,1
dinov3,056.Pine_Grosbeak/Pine_Grosbeak_0016_38743.jpg,0.22849184399768088,0.14453125,1.5809164328718983,1
dinov3,056.Pine_Grosbeak/Pine_Grosbeak_0052_38804.jpg,0.08152506705476692,0.078125,1.043520724730364,1
dinov3,056.Pine_Grosbeak/Pine_Grosbeak_0009_38609.jpg,0.20461428008056684,0.16796875,1.21816866470031,1
dinov3,057.Rose_breasted_Grosbeak/Rose_Breasted_Grosbeak_0003_39223.jpg,0.054357519864315924,0.03515625,1.5461690141191333,1
dinov3,057.Rose_breasted_Grosbeak/Rose_Breasted_Grosbeak_0032_39772.jpg,0.06037441094551036,0.03515625,1.717316089524607,1
dinov3,057.Rose_breasted_Grosbeak/Rose_Breasted_Grosbeak_0126_39361.jpg,0.09001732707507705,0.05859375,1.5362954532202242,0
dinov3,058.Pigeon_Guillemot/Pigeon_Guillemot_0071_40216.jpg,0.1228203782049974,0.19140625,0.6416737791386625,0
dinov3,058.Pigeon_Guillemot/Pigeon_Guillemot_0075_40159.jpg,0.10876093196730618,0.140625,0.7734110167693939,1
dinov3,059.California_Gull/California_Gull_0088_41296.jpg,0.09245307576169019,0.0703125,1.3148880016044115,0
dinov3,059.California_Gull/California_Gull_0001_40786.jpg,0.09893666622659213,0.0859375,1.1512628912170266,0
dinov3,060.Glaucous_winged_Gull/Glaucous_Winged_Gull_0017_45224.jpg,0.17113614830167762,0.125,1.3690890768862949,1
dinov3,061.Heermann_Gull/Heermann_Gull_0109_45619.jpg,0.12764065828454813,0.09375,1.361500209808491,0
dinov3,061.Heermann_Gull/Heermann_Gull_0027_45864.jpg,0.18338887807490742,0.18359375,0.9988840474475136,1
dinov3,061.Heermann_Gull/Heermann_Gull_0001_45472.jpg,0.09947952639022432,0.0625,1.5916721675760426,0
dinov3,062.Herring_Gull/Herring_Gull_0120_48822.jpg,0.4922915361348415,0.5234375,0.9404972450958692,0
dinov3,063.Ivory_Gull/Ivory_Gull_0085_49456.jpg,0.11815112514791833,0.09765625,1.2098673976242622,0
dinov3,063.Ivory_Gull/Ivory_Gull_0007_49364.jpg,0.10838190089702013,0.09375,1.1560734862537096,1
dinov3,064.Ring_billed_Gull/Ring_Billed_Gull_0085_51292.jpg,0.2332187183074175,0.21484375,1.085527074686356,1
dinov3,064.Ring_billed_Gull/Ring_Billed_Gull_0115_51891.jpg,0.2072282109474714,0.140625,1.4736227286132915,0
dinov3,065.Slaty_backed_Gull/Slaty_Backed_Gull_0024_796028.jpg,0.29555147975638363,0.14453125,2.044896583316188,0
dinov3,065.Slaty_backed_Gull/Slaty_Backed_Gull_0085_53158.jpg,0.3746172460080217,0.19921875,1.8804315718460536,0
dinov3,066.Western_Gull/Western_Gull_0013_54794.jpg,0.06449106439876218,0.04296875,1.5008826039839682,0
dinov3,066.Western_Gull/Western_Gull_0078_53595.jpg,0.158423013427824,0.10546875,1.5020847256365204,1
dinov3,066.Western_Gull/Western_Gull_0069_53553.jpg,0.20596541089988724,0.12890625,1.5977921545461582,0
dinov3,066.Western_Gull/Western_Gull_0066_54105.jpg,0.24631877713544528,0.21484375,1.14650189112053,1
dinov3,067.Anna_Hummingbird/Anna_Hummingbird_0087_56435.jpg,0.1673032455523856,0.140625,1.1897118837707858,0
dinov3,067.Anna_Hummingbird/Anna_Hummingbird_0037_56587.jpg,0.13306045226273072,0.12109375,1.098821708589532,1
dinov3,068.Ruby_throated_Hummingbird/Ruby_Throated_Hummingbird_0118_57536.jpg,0.12266780022714459,0.09375,1.3084563961875268,1
dinov3,068.Ruby_throated_Hummingbird/Ruby_Throated_Hummingbird_0108_57653.jpg,0.045558725610437945,0.0546875,0.8330736874002481,0
dinov3,069.Rufous_Hummingbird/Rufous_Hummingbird_0009_59405.jpg,0.08987338156280346,0.10546875,0.852132722171034,1
dinov3,069.Rufous_Hummingbird/Rufous_Hummingbird_0134_59449.jpg,0.12205072336933483,0.109375,1.115892225923772,1
dinov3,069.Rufous_Hummingbird/Rufous_Hummingbird_0046_59647.jpg,0.12180568546021601,0.13671875,0.8909215199158917,1
dinov3,070.Green_Violetear/Green_Violetear_0119_795724.jpg,0.13871652395431813,0.1328125,1.044453748779525,1
dinov3,071.Long_tailed_Jaeger/Long_Tailed_Jaeger_0033_60955.jpg,0.07690828113266623,0.078125,0.9844258724916162,1
dinov3,071.Long_tailed_Jaeger/Long_Tailed_Jaeger_0044_60968.jpg,0.08663043058348359,0.1171875,0.7392462778967109,0
dinov3,072.Pomarine_Jaeger/Pomarine_Jaeger_0033_795749.jpg,0.16997598014840556,0.125,1.359807732402626,1
dinov3,072.Pomarine_Jaeger/Pomarine_Jaeger_0045_795750.jpg,0.19453423135154005,0.13671875,1.4228788452406975,1
dinov3,072.Pomarine_Jaeger/Pomarine_Jaeger_0014_61335.jpg,0.1445655251696715,0.08203125,1.762322377709077,1
dinov3,072.Pomarine_Jaeger/Pomarine_Jaeger_0062_61351.jpg,0.09984516291555211,0.07421875,1.3452820138136519,1
dinov3,072.Pomarine_Jaeger/Pomarine_Jaeger_0002_61361.jpg,0.05588306921920929,0.0390625,1.4306062057765692,0
dinov3,072.Pomarine_Jaeger/Pomarine_Jaeger_0063_61406.jpg,0.040924945898395786,0.02734375,1.496683188354337,0
dinov3,073.Blue_Jay/Blue_Jay_0083_61492.jpg,0.1713000685207693,0.1484375,1.1540214365005805,1
dinov3,073.Blue_Jay/Blue_Jay_0068_61543.jpg,0.12728526060559583,0.0859375,1.4811374056054898,1
dinov3,074.Florida_Jay/Florida_Jay_0105_64522.jpg,0.12457039386657932,0.125,0.9965630712075889,1
dinov3,074.Florida_Jay/Florida_Jay_0011_64920.jpg,0.17546522552661944,0.203125,0.8638287600656337,1
dinov3,074.Florida_Jay/Florida_Jay_0005_64940.jpg,0.16766838469190584,0.14453125,1.1600838786841396,1
dinov3,074.Florida_Jay/Florida_Jay_0080_64505.jpg,0.15613268559801344,0.1328125,1.1755871912820068,0
dinov3,074.Florida_Jay/Florida_Jay_0099_64735.jpg,0.05497532751904217,0.06640625,0.8278636309143471,1
dinov3,074.Florida_Jay/Florida_Jay_0065_64739.jpg,0.013232617178430158,0.0234375,0.5645914253873452,1
dinov3,076.Dark_eyed_Junco/Dark_Eyed_Junco_0059_66305.jpg,0.10807378634346158,0.0625,1.7291803048265366,0
dinov3,076.Dark_eyed_Junco/Dark_Eyed_Junco_0093_67335.jpg,0.07521400767973949,0.06640625,1.132634298027618,0
dinov3,077.Tropical_Kingbird/Tropical_Kingbird_0063_69589.jpg,0.024115930819233217,0.01953125,1.2347350257604075,1
dinov3,078.Gray_Kingbird/Gray_Kingbird_0077_70191.jpg,0.10396502310850918,0.10546875,0.985742347862146,1
dinov3,078.Gray_Kingbird/Gray_Kingbird_0043_795032.jpg,0.07242679612774695,0.078125,0.9270628717711135,1
dinov3,078.Gray_Kingbird/Gray_Kingbird_0010_70057.jpg,0.1557076666530738,0.1328125,1.1723870488787074,1
dinov3,079.Belted_Kingfisher/Belted_Kingfisher_0014_70910.jpg,0.1044200311778643,0.109375,0.9546973406252882,1
dinov3,080.Green_Kingfisher/Green_Kingfisher_0057_71096.jpg,0.0501305146848083,0.05859375,0.8555606379383794,1
dinov3,081.Pied_Kingfisher/Pied_Kingfisher_0132_72706.jpg,0.060141705938752565,0.09765625,0.6158510057496833,1
dinov3,082.Ringed_Kingfisher/Ringed_Kingfisher_0051_72997.jpg,0.01231035520632002,0.01953125,0.6302898638551747,0
dinov3,082.Ringed_Kingfisher/Ringed_Kingfisher_0083_73053.jpg,0.062111395962883884,0.04296875,1.4455012423650084,0
dinov3,082.Ringed_Kingfisher/Ringed_Kingfisher_0043_72877.jpg,0.13952828423276273,0.10546875,1.322934717662014,1
dinov3,083.White_breasted_Kingfisher/White_Breasted_Kingfisher_0065_73372.jpg,0.06745378353455694,0.109375,0.6167202502158121,1
dinov3,084.Red_legged_Kittiwake/Red_Legged_Kittiwake_0051_795404.jpg,0.31097998735328686,0.32421875,0.9591671603249821,1
dinov3,085.Horned_Lark/Horned_Lark_0026_74910.jpg,0.08187503536296072,0.07421875,1.1031582225701524,1
dinov3,087.Mallard/Mallard_0107_76498.jpg,0.13191183920529748,0.1171875,1.1256475984966101,1
dinov3,087.Mallard/Mallard_0083_77052.jpg,0.5001244378705995,0.46875,1.0669321113627273,1
dinov3,088.Western_Meadowlark/Western_Meadowlark_0034_78869.jpg,0.0501668806699976,0.0390625,1.2842718163783535,1
dinov3,089.Hooded_Merganser/Hooded_Merganser_0037_796731.jpg,0.2540438855102132,0.22265625,1.1409689784163857,1
dinov3,089.Hooded_Merganser/Hooded_Merganser_0009_79012.jpg,0.1666327789500667,0.13671875,1.2187996654597124,1
dinov3,089.Hooded_Merganser/Hooded_Merganser_0020_79046.jpg,0.16146387644396118,0.0859375,1.8788521618087515,0
dinov3,089.Hooded_Merganser/Hooded_Merganser_0068_79057.jpg,0.24380733065729465,0.1796875,1.3568407211903302,1
dinov3,089.Hooded_Merganser/Hooded_Merganser_0063_79064.jpg,0.20815075403930705,0.203125,1.0247421232831302,1
dinov3,090.Red_breasted_Merganser/Red_Breasted_Merganser_0030_79411.jpg,0.05955024954298654,0.06640625,0.8967565639592795,1
dinov3,090.Red_breasted_Merganser/Red_Breasted_Merganser_0014_79205.jpg,0.080448485249542,0.10546875,0.7627707507848012,1
dinov3,090.Red_breasted_Merganser/Red_Breasted_Merganser_0004_79232.jpg,0.021693066734911674,0.02734375,0.7933461504530347,1
dinov3,091.Mockingbird/Mockingbird_0084_80670.jpg,0.1117172735465316,0.0859375,1.2999826681798392,0
dinov3,091.Mockingbird/Mockingbird_0012_81216.jpg,0.11544646202106791,0.09765625,1.1821716500413586,1
dinov3,091.Mockingbird/Mockingbird_0042_81728.jpg,0.12221333072340107,0.05859375,2.0857738217073125,0
dinov3,091.Mockingbird/Mockingbird_0067_79723.jpg,0.05823744671517914,0.0546875,1.0649131166363057,1
dinov3,091.Mockingbird/Mockingbird_0001_79812.jpg,0.3338844747363145,0.17578125,1.8994315704433709,0
dinov3,092.Nighthawk/Nighthawk_0087_82280.jpg,0.05228930965905899,0.04296875,1.216914559765257,1
dinov3,092.Nighthawk/Nighthawk_0042_83603.jpg,0.23923575672683411,0.19140625,1.249884704538055,1
dinov3,092.Nighthawk/Nighthawk_0020_83869.jpg,0.1803876600449874,0.14453125,1.248087507470615,1
dinov3,092.Nighthawk/Nighthawk_0028_82636.jpg,0.045064602163206215,0.0546875,0.8240382888744836,1
dinov3,093.Clark_Nutcracker/Clark_Nutcracker_0096_84996.jpg,0.20347570779724358,0.14453125,1.4078318268120238,1
dinov3,093.Clark_Nutcracker/Clark_Nutcracker_0131_85701.jpg,0.11075620094200252,0.0859375,1.2887992791739313,1
dinov3,093.Clark_Nutcracker/Clark_Nutcracker_0093_84809.jpg,0.14119658913266933,0.1171875,1.2048774577825687,0
dinov3,093.Clark_Nutcracker/Clark_Nutcracker_0051_84950.jpg,0.17408724516523502,0.09765625,1.7826532079483182,1
dinov3,094.White_breasted_Nuthatch/White_Breasted_Nuthatch_0003_86029.jpg,0.17254651368659563,0.15234375,1.1326129385712655,1
dinov3,094.White_breasted_Nuthatch/White_Breasted_Nuthatch_0063_86573.jpg,0.20040767201970974,0.1171875,1.7101453219691225,0
dinov3,095.Baltimore_Oriole/Baltimore_Oriole_0074_87214.jpg,0.23523029759174374,0.15625,1.5054738082368362,1
dinov3,095.Baltimore_Oriole/Baltimore_Oriole_0018_87782.jpg,0.5954531520007241,0.26953125,2.2092174095157797,0
dinov3,095.Baltimore_Oriole/Baltimore_Oriole_0037_87337.jpg,0.10692905680256816,0.03515625,3.041536750569263,0
dinov3,095.Baltimore_Oriole/Baltimore_Oriole_0086_88375.jpg,0.2895472551236326,0.1640625,1.7648593522288096,1
dinov3,095.Baltimore_Oriole/Baltimore_Oriole_0112_87447.jpg,0.15096184981091187,0.08203125,1.8402966114492436,0
dinov3,096.Hooded_Oriole/Hooded_Oriole_0024_90157.jpg,0.14271553159611242,0.12890625,1.1071264622533648,1
dinov3,096.Hooded_Oriole/Hooded_Oriole_0010_90413.jpg,0.1469822814644086,0.16796875,0.8750572515056287,1
dinov3,097.Orchard_Oriole/Orchard_Oriole_0085_91411.jpg,0.12937508725492694,0.1171875,1.1040006503673212,1
dinov3,097.Orchard_Oriole/Orchard_Oriole_0027_91265.jpg,0.057318020171679945,0.0546875,1.0481007486294391,1
dinov3,099.Ovenbird/Ovenbird_0089_93234.jpg,0.4390995797372318,0.2734375,1.6058498328822253,1
dinov3,099.Ovenbird/Ovenbird_0009_93395.jpg,0.28968610054230925,0.19140625,1.5134619972320094,1
dinov3,099.Ovenbird/Ovenbird_0084_92901.jpg,0.2808712654385772,0.07421875,3.7843702244362105,0
dinov3,100.Brown_Pelican/Brown_Pelican_0102_93727.jpg,0.04720510994132692,0.0625,0.7552816382161687,1
dinov3,100.Brown_Pelican/Brown_Pelican_0095_94290.jpg,0.11433627035626973,0.12109375,0.9441962191633139,0
dinov3,100.Brown_Pelican/Brown_Pelican_0073_94823.jpg,0.07697735228881411,0.06640625,1.1591881893185088,1
dinov3,100.Brown_Pelican/Brown_Pelican_0049_94598.jpg,0.09080082433120061,0.109375,0.8301788894117643,0
dinov3,101.White_Pelican/White_Pelican_0083_95840.jpg,0.11055689655776155,0.12890625,0.8576534340361869,1
dinov3,102.Western_Wood_Pewee/Western_Wood_Pewee_0062_98123.jpg,0.03337077802875514,0.0234375,1.4238192550640036,0
dinov3,104.American_Pipit/American_Pipit_0010_99843.jpg,0.01244656807480239,0.02734375,0.4551886088380819,0
dinov3,104.American_Pipit/American_Pipit_0072_99631.jpg,0.028749293799343285,0.046875,0.6133181368781209,1
dinov3,104.American_Pipit/American_Pipit_0104_100147.jpg,0.040301983787783956,0.046875,0.859775470720624,0
dinov3,104.American_Pipit/American_Pipit_0066_99961.jpg,0.047201307116435234,0.10546875,0.4475382768929419,1
dinov3,104.American_Pipit/American_Pipit_0091_100276.jpg,0.07232701309497054,0.09375,0.7714880573876264,1
dinov3,105.Whip_poor_Will/Whip_Poor_Will_0028_796421.jpg,0.29686022665191414,0.14453125,2.0539516963452344,0
dinov3,105.Whip_poor_Will/Whip_Poor_Will_0045_796422.jpg,0.23864033089728878,0.16796875,1.4207423505257095,1
dinov3,105.Whip_poor_Will/Whip_Poor_Will_0041_796428.jpg,0.29704850255626536,0.21875,1.3579359496087124,0
dinov3,105.Whip_poor_Will/Whip_Poor_Will_0015_796435.jpg,0.12615038304540302,0.0703125,1.7941385259238083,1
dinov3,106.Horned_Puffin/Horned_Puffin_0050_100645.jpg,0.14204109634631698,0.10546875,1.3467598969241412,1
dinov3,106.Horned_Puffin/Horned_Puffin_0075_100664.jpg,0.08336278548718892,0.0703125,1.1856038916430225,1
dinov3,106.Horned_Puffin/Horned_Puffin_0073_100830.jpg,0.05566718869577774,0.03515625,1.5834218058399199,1
dinov3,107.Common_Raven/Common_Raven_0070_101896.jpg,0.16106664870035467,0.1328125,1.2127370283142354,0
dinov3,107.Common_Raven/Common_Raven_0024_101394.jpg,0.21018254861033894,0.22265625,0.9439777197835756,1
dinov3,107.Common_Raven/Common_Raven_0107_101412.jpg,0.1667736834058743,0.2109375,0.7906307579238719,0
dinov3,107.Common_Raven/Common_Raven_0075_102530.jpg,0.10993666877571272,0.1171875,0.9381261601659829,1
dinov3,107.Common_Raven/Common_Raven_0129_102094.jpg,0.20693476834096713,0.265625,0.7790485103076971,0
dinov3,107.Common_Raven/Common_Raven_0018_101713.jpg,0.21228432313549953,0.16015625,1.325482520230552,0
dinov3,108.White_necked_Raven/White_Necked_Raven_0029_797349.jpg,0.10679075541876228,0.0546875,1.952744884869731,1
dinov3,109.American_Redstart/American_Redstart_0088_103892.jpg,0.14935939568692513,0.11328125,1.3184828248460967,1
dinov3,110.Geococcyx/Geococcyx_0050_104506.jpg,0.09081262625592529,0.08203125,1.1070490232129226,1
dinov3,111.Loggerhead_Shrike/Loggerhead_Shrike_0059_106086.jpg,0.02293191823144808,0.03125,0.733821148583571,0
dinov3,111.Loggerhead_Shrike/Loggerhead_Shrike_0118_105157.jpg,0.3085295123706163,0.23828125,1.2948123254452168,0
dinov3,112.Great_Grey_Shrike/Great_Grey_Shrike_0085_797037.jpg,0.043878221292602236,0.05078125,0.8640632645310935,1
dinov3,113.Baird_Sparrow/Baird_Sparrow_0015_794573.jpg,0.43171230941720096,0.30078125,1.435303214758795,0
dinov3,114.Black_throated_Sparrow/Black_Throated_Sparrow_0074_107113.jpg,0.20348463792290997,0.16796875,1.2114433536504643,1
dinov3,114.Black_throated_Sparrow/Black_Throated_Sparrow_0076_106995.jpg,0.18307559127045148,0.09765625,1.8746938626407716,0
dinov3,115.Brewer_Sparrow/Brewer_Sparrow_0034_796693.jpg,0.20683853479244269,0.16796875,1.2314107384756707,1
dinov3,116.Chipping_Sparrow/Chipping_Sparrow_0022_107825.jpg,0.23293720568413553,0.078125,2.981595851112666,0
dinov3,116.Chipping_Sparrow/Chipping_Sparrow_0062_110187.jpg,0.21616510661954083,0.0859375,2.5153754934200543,0
dinov3,116.Chipping_Sparrow/Chipping_Sparrow_0103_109529.jpg,0.1973600268894094,0.0703125,2.806897761001697,0
dinov3,117.Clay_colored_Sparrow/Clay_Colored_Sparrow_0001_110632.jpg,0.13317583577104664,0.08984375,1.482304789682073,1
dinov3,117.Clay_colored_Sparrow/Clay_Colored_Sparrow_0048_110653.jpg,0.10378026472978541,0.0390625,2.6567740969483378,0
dinov3,117.Clay_colored_Sparrow/Clay_Colored_Sparrow_0094_797250.jpg,0.34123055867436847,0.265625,1.2846326431173347,0
dinov3,117.Clay_colored_Sparrow/Clay_Colored_Sparrow_0075_797251.jpg,0.12473617104628133,0.09765625,1.277298260718579,0
dinov3,117.Clay_colored_Sparrow/Clay_Colored_Sparrow_0073_110718.jpg,0.3744196598110936,0.2578125,1.4522943817237326,0
dinov3,118.House_Sparrow/House_Sparrow_0025_111669.jpg,0.20346613941546438,0.140625,1.446870221843642,0
dinov3,118.House_Sparrow/House_Sparrow_0036_112847.jpg,0.10725004985718495,0.078125,1.3728004624535082,0
dinov3,118.House_Sparrow/House_Sparrow_0015_111085.jpg,0.07036027520741739,0.10546875,0.6671195831582488,0
dinov3,118.House_Sparrow/House_Sparrow_0049_110976.jpg,0.06157051576012578,0.078125,0.7881025008524899,0
dinov3,118.House_Sparrow/House_Sparrow_0098_111073.jpg,0.028316182043488864,0.0625,0.4530588402064074,0
dinov3,119.Field_Sparrow/Field_Sparrow_0120_113953.jpg,0.08924112295811099,0.0390625,2.2845721628771676,0
dinov3,121.Grasshopper_Sparrow/Grasshopper_Sparrow_0117_115983.jpg,0.1680066372073457,0.203125,0.8271095578400006,1
dinov3,121.Grasshopper_Sparrow/Grasshopper_Sparrow_0075_116260.jpg,0.028818318661373965,0.03515625,0.8197208309807119,1
dinov3,121.Grasshopper_Sparrow/Grasshopper_Sparrow_0082_116300.jpg,0.04935410545032127,0.06640625,0.7432146525089844,1
dinov3,121.Grasshopper_Sparrow/Grasshopper_Sparrow_0116_116066.jpg,0.1869545650233161,0.15625,1.1965091395726382,0
dinov3,122.Harris_Sparrow/Harris_Sparrow_0059_116608.jpg,0.15362685358836947,0.140625,1.092457547831424,1
dinov3,122.Harris_Sparrow/Harris_Sparrow_0067_116707.jpg,0.2495449962434322,0.26953125,0.9258480676543129,1
dinov3,123.Henslow_Sparrow/Henslow_Sparrow_0043_116756.jpg,0.12360962463474788,0.08984375,1.375828712364085,1
dinov3,123.Henslow_Sparrow/Henslow_Sparrow_0104_796541.jpg,0.16237849375515664,0.125,1.2990278461190254,0
dinov3,124.Le_Conte_Sparrow/Le_Conte_Sparrow_0050_795143.jpg,0.2387896245645111,0.12890625,1.852428458978727,0
dinov3,124.Le_Conte_Sparrow/Le_Conte_Sparrow_0023_795156.jpg,0.10898129503733556,0.10546875,1.0333040327518364,1
dinov3,124.Le_Conte_Sparrow/Le_Conte_Sparrow_0086_795170.jpg,0.2819209785848998,0.26171875,1.0771905635839776,1
dinov3,124.Le_Conte_Sparrow/Le_Conte_Sparrow_0013_795176.jpg,0.25635610347016685,0.12890625,1.988701739311705,0
dinov3,125.Lincoln_Sparrow/Lincoln_Sparrow_0033_117303.jpg,0.13659160599922546,0.1171875,1.1655816050637604,1
dinov3,125.Lincoln_Sparrow/Lincoln_Sparrow_0017_117432.jpg,0.0815569716766477,0.0859375,0.9490264690779114,1
dinov3,127.Savannah_Sparrow/Savannah_Sparrow_0048_120321.jpg,0.12335730955925935,0.1015625,1.2145949283772068,1
dinov3,127.Savannah_Sparrow/Savannah_Sparrow_0139_119444.jpg,0.08860507192376482,0.0546875,1.620206733196754,1
dinov3,127.Savannah_Sparrow/Savannah_Sparrow_0035_120099.jpg,0.13641364095434103,0.08984375,1.518342965102318,0
dinov3,127.Savannah_Sparrow/Savannah_Sparrow_0051_118574.jpg,0.07670711114547502,0.05078125,1.510539737404606,0
dinov3,127.Savannah_Sparrow/Savannah_Sparrow_0135_119620.jpg,0.06418609379716088,0.0390625,1.6431635805574418,0
dinov3,127.Savannah_Sparrow/Savannah_Sparrow_0095_119670.jpg,0.13620867703905082,0.11328125,1.2023937325472087,0
dinov3,127.Savannah_Sparrow/Savannah_Sparrow_0093_118267.jpg,0.11146709446562857,0.09375,1.1889822141419353,1
dinov3,128.Seaside_Sparrow/Seaside_Sparrow_0065_796504.jpg,0.06191107114484892,0.1015625,0.6095858712515959,1
dinov3,128.Seaside_Sparrow/Seaside_Sparrow_0033_796506.jpg,0.0788948116956858,0.12890625,0.612032431130077,1
dinov3,128.Seaside_Sparrow/Seaside_Sparrow_0037_796531.jpg,0.17798616088621383,0.23828125,0.7469582831911071,0
dinov3,128.Seaside_Sparrow/Seaside_Sparrow_0059_120794.jpg,0.04864803303293472,0.0625,0.7783684039880109,1
dinov3,128.Seaside_Sparrow/Seaside_Sparrow_0069_120700.jpg,0.059220147225214737,0.109375,0.5414412965559019,1
dinov3,128.Seaside_Sparrow/Seaside_Sparrow_0029_120828.jpg,0.05166839310728827,0.0703125,0.7348392641265157,1
dinov3,129.Song_Sparrow/Song_Sparrow_0009_121025.jpg,0.1636791097412541,0.1328125,1.232407321729362,0
dinov3,129.Song_Sparrow/Song_Sparrow_0080_121033.jpg,0.06269207378253157,0.046875,1.3374306220421408,1
dinov3,129.Song_Sparrow/Song_Sparrow_0037_121078.jpg,0.1342485200191288,0.109375,1.2274149279540985,1
dinov3,129.Song_Sparrow/Song_Sparrow_0096_121313.jpg,0.10440995069504487,0.078125,1.336447197831333,1
dinov3,129.Song_Sparrow/Song_Sparrow_0108_121327.jpg,0.22600126093889245,0.12109375,1.866332839436916,0
dinov3,130.Tree_Sparrow/Tree_Sparrow_0042_124512.jpg,0.15313862927124577,0.13671875,1.1200996064566837,0
dinov3,131.Vesper_Sparrow/Vesper_Sparrow_0083_125718.jpg,0.17752259601416945,0.1328125,1.3366406222890408,1
dinov3,131.Vesper_Sparrow/Vesper_Sparrow_0023_125465.jpg,0.13803456360104027,0.1171875,1.1778948422151838,0
dinov3,132.White_crowned_Sparrow/White_Crowned_Sparrow_0098_127019.jpg,0.16290485675097427,0.15234375,1.0693241177122994,1
dinov3,132.White_crowned_Sparrow/White_Crowned_Sparrow_0093_126531.jpg,0.07879930578261447,0.0390625,2.0172617116159324,0
dinov3,132.White_crowned_Sparrow/White_Crowned_Sparrow_0102_127708.jpg,0.04973582777760793,0.05859375,0.8488246492051019,0
dinov3,132.White_crowned_Sparrow/White_Crowned_Sparrow_0054_126068.jpg,0.14306971206979138,0.1953125,0.7325168882924672,0
dinov3,132.White_crowned_Sparrow/White_Crowned_Sparrow_0049_128311.jpg,0.15472607301943925,0.125,1.2378084851308353,0
dinov3,132.White_crowned_Sparrow/White_Crowned_Sparrow_0031_126457.jpg,0.19068553028661747,0.1640625,1.1622736375703229,0
dinov3,133.White_throated_Sparrow/White_Throated_Sparrow_0078_129041.jpg,0.32608955457277744,0.23828125,1.368506925692677,0
dinov3,133.White_throated_Sparrow/White_Throated_Sparrow_0107_129046.jpg,0.15769423149013873,0.1171875,1.3456573272197585,1
dinov3,133.White_throated_Sparrow/White_Throated_Sparrow_0014_129148.jpg,0.3900116885709654,0.2734375,1.4263284088966632,1
dinov3,133.White_throated_Sparrow/White_Throated_Sparrow_0033_129016.jpg,0.1715662397035102,0.08203125,2.091473905234544,0
dinov3,134.Cape_Glossy_Starling/Cape_Glossy_Starling_0025_129341.jpg,0.15640681211076649,0.1328125,1.1776512025167396,1
dinov3,134.Cape_Glossy_Starling/Cape_Glossy_Starling_0098_129365.jpg,0.15809065311104392,0.171875,0.9198001100395219,1
dinov3,134.Cape_Glossy_Starling/Cape_Glossy_Starling_0079_129399.jpg,0.13973163281038622,0.11328125,1.2334929255764477,1
dinov3,134.Cape_Glossy_Starling/Cape_Glossy_Starling_0099_129412.jpg,0.16061707003627487,0.13671875,1.174799054908594,1
dinov3,135.Bank_Swallow/Bank_Swallow_0013_129563.jpg,0.0779003628090909,0.0859375,0.9064768435702979,1
dinov3,135.Bank_Swallow/Bank_Swallow_0029_129751.jpg,0.22300246333657936,0.125,1.7840195639710699,0
dinov3,136.Barn_Swallow/Barn_Swallow_0034_130099.jpg,0.2934459306864225,0.12890625,2.2764288614565538,0
dinov3,136.Barn_Swallow/Barn_Swallow_0014_130403.jpg,0.11150186474107468,0.10546875,1.057202765454668,1
dinov3,136.Barn_Swallow/Barn_Swallow_0023_130325.jpg,0.1691300205082034,0.109375,1.5463314746961248,0
dinov3,136.Barn_Swallow/Barn_Swallow_0072_130474.jpg,0.21432200851029373,0.16015625,1.3382056281177754,0
dinov3,136.Barn_Swallow/Barn_Swallow_0029_132832.jpg,0.15184627545031576,0.16015625,0.9481132704417283,1
dinov3,136.Barn_Swallow/Barn_Swallow_0080_131829.jpg,0.0379792884643929,0.046875,0.8102246477257903,1
dinov3,137.Cliff_Swallow/Cliff_Swallow_0013_133169.jpg,0.11602874143320852,0.1796875,0.64572513377924,0
dinov3,137.Cliff_Swallow/Cliff_Swallow_0038_133701.jpg,0.2112057874450623,0.15234375,1.3863763599182684,0
dinov3,137.Cliff_Swallow/Cliff_Swallow_0083_133771.jpg,0.22818121161338034,0.31640625,0.7211652879857066,0
dinov3,138.Tree_Swallow/Tree_Swallow_0039_135038.jpg,0.15546153983013114,0.10546875,1.4740055712244189,0
dinov3,139.Scarlet_Tanager/Scarlet_Tanager_0025_138712.jpg,0.08342257816356993,0.06640625,1.256245693757937,1
dinov3,140.Summer_Tanager/Summer_Tanager_0103_139267.jpg,0.09170561191122437,0.10546875,0.869504978642248,1
dinov3,140.Summer_Tanager/Summer_Tanager_0052_139804.jpg,0.0573731684990955,0.0625,0.9179705491102402,1
dinov3,140.Summer_Tanager/Summer_Tanager_0127_139297.jpg,0.08303865465155319,0.06640625,1.2504642582123011,1
dinov3,140.Summer_Tanager/Summer_Tanager_0062_140633.jpg,0.1254129556319653,0.1484375,0.844887223128206,1
dinov3,141.Artic_Tern/Artic_Tern_0093_141880.jpg,0.23125547431065188,0.2421875,0.9548612738561616,1
dinov3,141.Artic_Tern/Artic_Tern_0014_141716.jpg,0.08969828424735735,0.109375,0.820098523852545,0
dinov3,142.Black_Tern/Black_Tern_0107_144661.jpg,0.037457606186840554,0.06640625,0.5640673964599204,1
dinov3,142.Black_Tern/Black_Tern_0102_144344.jpg,0.07082432215433505,0.078125,0.9065512075369342,0
dinov3,143.Caspian_Tern/Caspian_Tern_0010_145667.jpg,0.06717235377206476,0.06640625,1.0115364691832482,1
dinov3,143.Caspian_Tern/Caspian_Tern_0014_145640.jpg,0.11690732138965924,0.109375,1.0688668406947734,0
dinov3,144.Common_Tern/Common_Tern_0044_148680.jpg,0.087989524410507,0.09375,0.9385548269328932,0
dinov3,145.Elegant_Tern/Elegant_Tern_0033_150687.jpg,0.07017154792801306,0.03125,2.2454888151399968,0
dinov3,145.Elegant_Tern/Elegant_Tern_0044_150946.jpg,0.12829940097821912,0.109375,1.1730229874101874,1
dinov3,146.Forsters_Tern/Forsters_Tern_0098_151258.jpg,0.11507627822242335,0.0390625,2.9459519683303337,0
dinov3,146.Forsters_Tern/Forsters_Tern_0076_151330.jpg,0.23237298849524046,0.13671875,1.6996423058199217,1
dinov3,146.Forsters_Tern/Forsters_Tern_0071_152142.jpg,0.1770867769819193,0.10546875,1.6790448373709836,1
dinov3,146.Forsters_Tern/Forsters_Tern_0065_152206.jpg,0.15401566054043042,0.0859375,1.7921820231983732,1
dinov3,146.Forsters_Tern/Forsters_Tern_0029_151228.jpg,0.1463237255706328,0.0859375,1.7026758812378067,1
dinov3,147.Least_Tern/Least_Tern_0128_153732.jpg,0.04468144423588437,0.0625,0.714902993389671,0
dinov3,147.Least_Tern/Least_Tern_0028_153781.jpg,0.11999032453472377,0.1328125,0.9034564931776666,0
dinov3,147.Least_Tern/Least_Tern_0089_152912.jpg,0.13226536621594204,0.16796875,0.7874402729170713,1
dinov3,148.Green_tailed_Towhee/Green_Tailed_Towhee_0100_154966.jpg,0.2975274638593268,0.171875,1.7310687799193545,0
dinov3,148.Green_tailed_Towhee/Green_Tailed_Towhee_0085_154822.jpg,0.1694396661240232,0.12109375,1.399243578893109,1
dinov3,149.Brown_Thrasher/Brown_Thrasher_0056_155048.jpg,0.19548511364155957,0.171875,1.137367867740398,1
dinov3,152.Blue_headed_Vireo/Blue_Headed_Vireo_0058_156261.jpg,0.0929808317139288,0.12890625,0.7213057900673622,1
dinov3,153.Philadelphia_Vireo/Philadelphia_Vireo_0060_156555.jpg,0.17743744541560563,0.125,1.4194994497648892,0
dinov3,153.Philadelphia_Vireo/Philadelphia_Vireo_0035_156596.jpg,0.11467630082177677,0.0859375,1.334414981557841,0
dinov3,154.Red_eyed_Vireo/Red_Eyed_Vireo_0026_156751.jpg,0.07526702703061967,0.09375,0.8028482026894683,1
dinov3,155.Warbling_Vireo/Warbling_Vireo_0087_158355.jpg,0.06392236728359989,0.046875,1.3636768777990635,0
dinov3,155.Warbling_Vireo/Warbling_Vireo_0131_158522.jpg,0.042723815627992906,0.06640625,0.6433703031610711,0
dinov3,156.White_eyed_Vireo/White_Eyed_Vireo_0045_159232.jpg,0.02162612666297837,0.09765625,0.22145151435226343,1
dinov3,156.White_eyed_Vireo/White_Eyed_Vireo_0134_158889.jpg,0.04323047779363165,0.0625,0.691687534028101,0
dinov3,157.Yellow_throated_Vireo/Yellow_Throated_Vireo_0057_159570.jpg,0.05632667011397875,0.1015625,0.5546010049769227,1
dinov3,157.Yellow_throated_Vireo/Yellow_Throated_Vireo_0048_794982.jpg,0.07779039790668137,0.08984375,0.8658408542416454,1
dinov3,158.Bay_breasted_Warbler/Bay_Breasted_Warbler_0057_159818.jpg,0.1412569188803919,0.13671875,1.03319338824015,1
dinov3,158.Bay_breasted_Warbler/Bay_Breasted_Warbler_0008_797115.jpg,0.13473161650070345,0.1484375,0.9076655658041115,1
dinov3,158.Bay_breasted_Warbler/Bay_Breasted_Warbler_0007_797118.jpg,0.11808294075107148,0.12109375,0.9751364624491922,1
dinov3,158.Bay_breasted_Warbler/Bay_Breasted_Warbler_0039_797152.jpg,0.14262332010213885,0.13671875,1.0431876364453485,1
dinov3,158.Bay_breasted_Warbler/Bay_Breasted_Warbler_0043_797154.jpg,0.32198733061217805,0.29296875,1.099050050975326,1
dinov3,158.Bay_breasted_Warbler/Bay_Breasted_Warbler_0053_797157.jpg,0.11872762913600621,0.11328125,1.0480782888185232,1
dinov3,158.Bay_breasted_Warbler/Bay_Breasted_Warbler_0110_159735.jpg,0.09663043757581224,0.0625,1.5460867538391154,1
dinov3,160.Black_throated_Blue_Warbler/Black_Throated_Blue_Warbler_0136_161400.jpg,0.21987286102458067,0.2109375,1.0423601806268628,1
dinov3,160.Black_throated_Blue_Warbler/Black_Throated_Blue_Warbler_0048_161665.jpg,0.07976971866080156,0.07421875,1.0747918539841081,1
dinov3,160.Black_throated_Blue_Warbler/Black_Throated_Blue_Warbler_0110_161726.jpg,0.09502929230589212,0.1015625,0.9356729398071407,1
dinov3,160.Black_throated_Blue_Warbler/Black_Throated_Blue_Warbler_0107_161214.jpg,0.11271514046574889,0.11328125,0.9950025314491461,1
dinov3,161.Blue_winged_Warbler/Blue_Winged_Warbler_0026_161813.jpg,0.05691238130561854,0.09765625,0.5827827248925829,0
dinov3,161.Blue_winged_Warbler/Blue_Winged_Warbler_0013_161816.jpg,0.0654707794185503,0.0625,1.0475323030916364,1
dinov3,161.Blue_winged_Warbler/Blue_Winged_Warbler_0078_161889.jpg,0.09336508980565202,0.09765625,0.9560584217094943,1
dinov3,161.Blue_winged_Warbler/Blue_Winged_Warbler_0061_161984.jpg,0.039508762114394066,0.03515625,1.1238044693717155,0
dinov3,162.Canada_Warbler/Canada_Warbler_0063_162324.jpg,0.1661832035498593,0.1015625,1.6362652276894232,0
dinov3,162.Canada_Warbler/Canada_Warbler_0020_162354.jpg,0.08556857032372171,0.08984375,0.9524152854212882,1
dinov3,163.Cape_May_Warbler/Cape_May_Warbler_0055_163171.jpg,0.20462761297789842,0.21875,0.9354404737073997,1
dinov3,164.Cerulean_Warbler/Cerulean_Warbler_0025_797232.jpg,0.14571472545191558,0.171875,0.8477947169394526,1
dinov3,165.Chestnut_sided_Warbler/Chestnut_Sided_Warbler_0046_163856.jpg,0.08901634911690605,0.05859375,1.5192120989829982,1
dinov3,165.Chestnut_sided_Warbler/Chestnut_Sided_Warbler_0127_163860.jpg,0.17942138073728142,0.11328125,1.5838575660023682,1
dinov3,165.Chestnut_sided_Warbler/Chestnut_Sided_Warbler_0090_163629.jpg,0.16783705503007257,0.11328125,1.4815959412004474,1
dinov3,166.Golden_winged_Warbler/Golden_Winged_Warbler_0035_164362.jpg,0.17452470535474593,0.06640625,2.6281363436932894,0
dinov3,166.Golden_winged_Warbler/Golden_Winged_Warbler_0070_164460.jpg,0.3570551217577666,0.171875,2.077411496632155,0
dinov3,166.Golden_winged_Warbler/Golden_Winged_Warbler_0052_164529.jpg,0.11635977732799428,0.06640625,1.7522410888370206,1
dinov3,166.Golden_winged_Warbler/Golden_Winged_Warbler_0082_164544.jpg,0.11442016812442544,0.046875,2.440963065915622,0
dinov3,166.Golden_winged_Warbler/Golden_Winged_Warbler_0036_794817.jpg,0.2230827084676624,0.1171875,1.9036389498135289,1
dinov3,166.Golden_winged_Warbler/Golden_Winged_Warbler_0067_794846.jpg,0.1871964853230656,0.109375,1.7115105664727766,1
dinov3,167.Hooded_Warbler/Hooded_Warbler_0133_165016.jpg,0.15963517884609657,0.10546875,1.5135778485126457,1
dinov3,167.Hooded_Warbler/Hooded_Warbler_0122_164635.jpg,0.1709843268173894,0.14453125,1.183026611802799,1
dinov3,168.Kentucky_Warbler/Kentucky_Warbler_0005_795919.jpg,0.24103555491181314,0.16015625,1.5050023952345861,1
dinov3,168.Kentucky_Warbler/Kentucky_Warbler_0044_165436.jpg,0.1621965433791713,0.08984375,1.8053178471067028,1
dinov3,168.Kentucky_Warbler/Kentucky_Warbler_0049_165313.jpg,0.18403603618555242,0.10546875,1.7449341035729673,1
dinov3,168.Kentucky_Warbler/Kentucky_Warbler_0022_795882.jpg,0.37575730986039296,0.3203125,1.1730959551357922,1
dinov3,168.Kentucky_Warbler/Kentucky_Warbler_0030_795885.jpg,0.20033141754894931,0.1171875,1.7094946172074936,1
dinov3,168.Kentucky_Warbler/Kentucky_Warbler_0003_795892.jpg,0.17644402099936074,0.09375,1.88206935657245,1
dinov3,169.Magnolia_Warbler/Magnolia_Warbler_0039_165532.jpg,0.13780320268012858,0.09375,1.4699006717986332,0
dinov3,169.Magnolia_Warbler/Magnolia_Warbler_0079_165783.jpg,0.11243437922458478,0.12890625,0.8722181469277348,1
dinov3,170.Mourning_Warbler/Mourning_Warbler_0006_166595.jpg,0.08959465832626835,0.08203125,1.0922014159756703,1
dinov3,170.Mourning_Warbler/Mourning_Warbler_0048_166596.jpg,0.16498308951381518,0.13671875,1.2067333664656934,1
dinov3,171.Myrtle_Warbler/Myrtle_Warbler_0045_166710.jpg,0.23742863637690012,0.08984375,2.6426836585746205,0
dinov3,171.Myrtle_Warbler/Myrtle_Warbler_0083_166738.jpg,0.13202083802071327,0.13671875,0.9656380588934047,0
dinov3,171.Myrtle_Warbler/Myrtle_Warbler_0028_166905.jpg,0.20500226893341847,0.125,1.6400180202659063,0
dinov3,171.Myrtle_Warbler/Myrtle_Warbler_0032_166847.jpg,0.08190590570672007,0.11328125,0.7230313796537934,1
dinov3,171.Myrtle_Warbler/Myrtle_Warbler_0063_93378.jpg,0.693552951191009,0.16796875,4.129059184523414,0
dinov3,172.Nashville_Warbler/Nashville_Warbler_0005_167103.jpg,0.10728375334076272,0.0625,1.716539778805839,0
dinov3,172.Nashville_Warbler/Nashville_Warbler_0001_167117.jpg,0.16125377922269502,0.078125,2.0640481098523384,0
dinov3,173.Orange_crowned_Warbler/Orange_Crowned_Warbler_0065_167952.jpg,0.1368880304222596,0.09375,1.4601388354226268,0
dinov3,174.Palm_Warbler/Palm_Warbler_0111_169663.jpg,0.12558040299874312,0.12109375,1.0370509842847653,1
dinov3,175.Pine_Warbler/Pine_Warbler_0005_171548.jpg,0.11697440992576974,0.1484375,0.7880380769373573,0
dinov3,175.Pine_Warbler/Pine_Warbler_0097_171671.jpg,0.11848479654653528,0.1015625,1.1666194203602813,1
dinov3,175.Pine_Warbler/Pine_Warbler_0136_171382.jpg,0.14992916848408128,0.15625,0.9595466168871367,0
dinov3,175.Pine_Warbler/Pine_Warbler_0103_171922.jpg,0.14851816927219533,0.1875,0.7920968605398758,1
dinov3,176.Prairie_Warbler/Prairie_Warbler_0133_173279.jpg,0.13679053309254202,0.05859375,2.334558033014813,1
dinov3,176.Prairie_Warbler/Prairie_Warbler_0066_173350.jpg,0.16099707548258507,0.078125,2.0607623023995143,0
dinov3,176.Prairie_Warbler/Prairie_Warbler_0127_172913.jpg,0.14583198434783556,0.08984375,1.6231732103357603,0
dinov3,176.Prairie_Warbler/Prairie_Warbler_0014_172542.jpg,0.15283840319604144,0.078125,1.9563313104989228,0
dinov3,177.Prothonotary_Warbler/Prothonotary_Warbler_0105_174097.jpg,0.3208986699755284,0.21875,1.4669652813982885,1
dinov3,177.Prothonotary_Warbler/Prothonotary_Warbler_0089_174636.jpg,0.11833141957060138,0.0625,1.8933024102012366,0
dinov3,178.Swainson_Warbler/Swainson_Warbler_0008_794886.jpg,0.06688939173788774,0.0390625,1.7123679901237208,0
dinov3,178.Swainson_Warbler/Swainson_Warbler_0042_794895.jpg,0.21651027679706072,0.1171875,1.8475542043436262,0
dinov3,178.Swainson_Warbler/Swainson_Warbler_0033_794856.jpg,0.15777948502225891,0.078125,2.019577149779039,0
dinov3,179.Tennessee_Warbler/Tennessee_Warbler_0002_174884.jpg,0.138449347971699,0.1875,0.7383964831345823,0
dinov3,180.Wilson_Warbler/Wilson_Warbler_0067_175261.jpg,0.1270065877219686,0.15625,0.812842109398704,1
dinov3,181.Worm_eating_Warbler/Worm_Eating_Warbler_0056_795547.jpg,0.2980079694237536,0.19140625,1.5569395140146076,1
dinov3,181.Worm_eating_Warbler/Worm_Eating_Warbler_0019_795554.jpg,0.35329692320132816,0.21875,1.6150715750885138,1
dinov3,182.Yellow_Warbler/Yellow_Warbler_0118_176409.jpg,0.11058879819149209,0.09765625,1.1324291775201312,1
dinov3,182.Yellow_Warbler/Yellow_Warbler_0031_176282.jpg,0.021217648051957864,0.01953125,1.0863430240526142,1
dinov3,182.Yellow_Warbler/Yellow_Warbler_0112_176301.jpg,0.13709566495395356,0.109375,1.2534459649782301,1
dinov3,182.Yellow_Warbler/Yellow_Warbler_0088_176336.jpg,0.06870019800695722,0.046875,1.4656039114862527,0
dinov3,182.Yellow_Warbler/Yellow_Warbler_0026_176337.jpg,0.12212064253768287,0.09765625,1.2505152515331108,1
dinov3,182.Yellow_Warbler/Yellow_Warbler_0029_176855.jpg,0.03467702634602579,0.0234375,1.4795524928213701,1
dinov3,184.Louisiana_Waterthrush/Louisiana_Waterthrush_0078_177444.jpg,0.11908009077327293,0.109375,1.0887321589572694,1
dinov3,184.Louisiana_Waterthrush/Louisiana_Waterthrush_0076_795257.jpg,0.2819732968413327,0.20703125,1.3619841604660703,0
dinov3,184.Louisiana_Waterthrush/Louisiana_Waterthrush_0081_795283.jpg,0.19024756247683275,0.140625,1.352871459186618,1
dinov3,185.Bohemian_Waxwing/Bohemian_Waxwing_0099_177747.jpg,0.24256494923834826,0.1796875,1.3499265988957623,1
dinov3,186.Cedar_Waxwing/Cedar_Waxwing_0042_179391.jpg,0.12750910793907855,0.14453125,0.8822251182137245,1
dinov3,186.Cedar_Waxwing/Cedar_Waxwing_0074_178888.jpg,0.14781536824552977,0.125,1.18252285136241,1
dinov3,186.Cedar_Waxwing/Cedar_Waxwing_0051_178385.jpg,0.2426328993036506,0.26953125,0.9002031872060057,1
dinov3,188.Pileated_Woodpecker/Pileated_Woodpecker_0075_180480.jpg,0.08199116816401716,0.05859375,1.399315697849347,1
dinov3,188.Pileated_Woodpecker/Pileated_Woodpecker_0027_179956.jpg,0.3079074159579177,0.2734375,1.1260613657501406,1
dinov3,189.Red_bellied_Woodpecker/Red_Bellied_Woodpecker_0015_182320.jpg,0.15625956484645856,0.10546875,1.481572029921074,1
dinov3,189.Red_bellied_Woodpecker/Red_Bellied_Woodpecker_0032_181587.jpg,0.05103387627458742,0.04296875,1.187697207799048,1
dinov3,189.Red_bellied_Woodpecker/Red_Bellied_Woodpecker_0044_181122.jpg,0.1759776984725915,0.1640625,1.0726259062633596,1
dinov3,189.Red_bellied_Woodpecker/Red_Bellied_Woodpecker_0070_181182.jpg,0.17968164685629417,0.11328125,1.586155087401872,1
dinov3,190.Red_cockaded_Woodpecker/Red_Cockaded_Woodpecker_0042_182373.jpg,0.04702382404341145,0.046875,1.0031746989155084,1
dinov3,190.Red_cockaded_Woodpecker/Red_Cockaded_Woodpecker_0061_794728.jpg,0.0590009243923184,0.0625,0.9440146392347523,1
dinov3,190.Red_cockaded_Woodpecker/Red_Cockaded_Woodpecker_0014_794718.jpg,0.5028444241847769,0.50390625,0.9978927909821499,1
dinov3,191.Red_headed_Woodpecker/Red_Headed_Woodpecker_0042_182834.jpg,0.046186619830729865,0.046875,0.9853143461885099,1
dinov3,191.Red_headed_Woodpecker/Red_Headed_Woodpecker_0093_182925.jpg,0.10905616648418784,0.125,0.8724492620775618,1
dinov3,191.Red_headed_Woodpecker/Red_Headed_Woodpecker_0099_183524.jpg,0.1963009417187765,0.1953125,1.0050607701410241,1
dinov3,191.Red_headed_Woodpecker/Red_Headed_Woodpecker_0027_183029.jpg,0.2670945372789769,0.2890625,0.9240026915942054,1
dinov3,193.Bewick_Wren/Bewick_Wren_0016_184999.jpg,0.1662502816140061,0.046875,3.5466719178087875,0
dinov3,194.Cactus_Wren/Cactus_Wren_0088_185873.jpg,0.07819683539766324,0.0625,1.2511491661787455,1
dinov3,194.Cactus_Wren/Cactus_Wren_0102_185902.jpg,0.2887631089355473,0.23046875,1.2529381810165825,1
dinov3,194.Cactus_Wren/Cactus_Wren_0116_185927.jpg,0.1799799025515654,0.16015625,1.123776882349559,1
dinov3,194.Cactus_Wren/Cactus_Wren_0085_185515.jpg,0.3880540662516145,0.31640625,1.2264424422311193,1
dinov3,195.Carolina_Wren/Carolina_Wren_0130_186369.jpg,0.06720740390844687,0.046875,1.433757644178569,0
dinov3,195.Carolina_Wren/Carolina_Wren_0066_186818.jpg,0.10477796279148037,0.08203125,1.2772931049880298,0
dinov3,195.Carolina_Wren/Carolina_Wren_0006_186742.jpg,0.08933714399490117,0.0703125,1.2705725338905007,1
dinov3,196.House_Wren/House_Wren_0064_187489.jpg,0.05081884394938944,0.03515625,1.4455133722810514,0
dinov3,196.House_Wren/House_Wren_0086_187815.jpg,0.16743894696439054,0.1875,0.8930076695163406,1
dinov3,197.Marsh_Wren/Marsh_Wren_0076_188108.jpg,0.04794156766543203,0.0703125,0.6818355320473133,0
dinov3,197.Marsh_Wren/Marsh_Wren_0071_188111.jpg,0.1696151777883877,0.14453125,1.1735535813386508,1
dinov3,197.Marsh_Wren/Marsh_Wren_0082_188699.jpg,0.09699608912552471,0.05859375,1.6553996385540835,0
dinov3,198.Rock_Wren/Rock_Wren_0025_188897.jpg,0.029625552538293774,0.03515625,0.8426821436152131,1
dinov3,198.Rock_Wren/Rock_Wren_0023_189075.jpg,0.047245474195752445,0.05078125,0.9303722317199778,1
dinov3,199.Winter_Wren/Winter_Wren_0082_189549.jpg,0.18669737201822664,0.1796875,1.0390114038434093,1
dinov3,200.Common_Yellowthroat/Common_Yellowthroat_0099_190531.jpg,0.14192481996934073,0.03515625,4.036971508611574,0
dinov3,200.Common_Yellowthroat/Common_Yellowthroat_0045_190563.jpg,0.18164255462459356,0.19140625,0.9489896235608677,1
dinov3,200.Common_Yellowthroat/Common_Yellowthroat_0111_190569.jpg,0.2682932336682034,0.16796875,1.5972805518609734,1
dinov3,200.Common_Yellowthroat/Common_Yellowthroat_0112_190571.jpg,0.14706910894322506,0.1015625,1.4480649300930537,1
dinov3,200.Common_Yellowthroat/Common_Yellowthroat_0029_190403.jpg,0.15527477076480062,0.10546875,1.4722347239580766,1
dinov3,200.Common_Yellowthroat/Common_Yellowthroat_0070_190678.jpg,0.0713898394533707,0.0625,1.1422372484959715,1
