path,model,iou,iou_pc1,smooth,artifact,clutter,fg_ratio
001.Black_footed_Albatross/Black_Footed_Albatross_0002_55.jpg,dinov2,0.6216216216216216,0.6357388316151202,0.831200897693634,0.01171875,0.041138503700494766,0.18654336734693877
001.Black_footed_Albatross/Black_Footed_Albatross_0086_796062.jpg,dinov2,0.4269230769230769,0.16040462427745664,0.8479126691818237,0.0126953125,0.009011308662593365,0.10534917091836735
001.Black_footed_Albatross/Black_Footed_Albatross_0008_796083.jpg,dinov2,0.4657534246575342,0.4063745019920319,0.8446489572525024,0.0107421875,0.002583378227427602,0.10024713010204081
001.Black_footed_Albatross/Black_Footed_Albatross_0024_796089.jpg,dinov2,0.5573122529644269,0.32413793103448274,0.8559417128562927,0.0185546875,0.006464878097176552,0.13721699617346939
001.Black_footed_Albatross/Black_Footed_Albatross_0005_796090.jpg,dinov2,0.564625850340136,0.40096618357487923,0.8093554973602295,0.015625,0.021120190620422363,0.1564094387755102
001.Black_footed_Albatross/Black_Footed_Albatross_0058_796074.jpg,dinov2,0.45989304812834225,0.3208955223880597,0.8452966213226318,0.0107421875,0.04938432574272156,0.08836894132653061
002.Laysan_Albatross/Laysan_Albatross_0002_1027.jpg,dinov2,0.19696969696969696,0.0,0.8432294130325317,0.0009765625,0.04206907004117966,0.040915975765306124
002.Laysan_Albatross/Laysan_Albatross_0053_543.jpg,dinov2,0.20809248554913296,0.1651376146788991,0.8368868231773376,0.0,0.0029702656902372837,0.03985969387755102
002.Laysan_Albatross/Laysan_Albatross_0102_611.jpg,dinov2,0.4645390070921986,0.3628808864265928,0.8598343133926392,0.009765625,0.004299789201468229,0.12484056122448979
002.Laysan_Albatross/Laysan_Albatross_0098_621.jpg,dinov2,0.7074074074074074,0.7431906614785992,0.7408134937286377,0.009765625,0.036831844598054886,0.18656329719387754
002.Laysan_Albatross/Laysan_Albatross_0104_630.jpg,dinov2,0.10152284263959391,0.0,0.8622026443481445,0.0,0.03626326099038124,0.020647321428571428
002.Laysan_Albatross/Laysan_Albatross_0064_674.jpg,dinov2,0.7622950819672131,0.7982832618025751,0.7921367883682251,0.0009765625,0.015733379870653152,0.1747448979591837
003.Sooty_Albatross/Sooty_Albatross_0033_1128.jpg,dinov2,0.5833333333333334,0.3233256351039261,0.8345018625259399,0.013671875,0.00921783596277237,0.13488520408163265
003.Sooty_Albatross/Sooty_Albatross_0048_1130.jpg,dinov2,0.4228855721393035,0.21518987341772153,0.8506603240966797,0.0244140625,0.0036230338737368584,0.08013791454081633
003.Sooty_Albatross/Sooty_Albatross_0050_796351.jpg,dinov2,0.3020408163265306,0.0,0.7824171185493469,0.0068359375,0.023162351921200752,0.1522640306122449
004.Groove_billed_Ani/Groove_Billed_Ani_0109_1592.jpg,dinov2,0.7727272727272727,0.8125,0.7191104888916016,0.0009765625,0.08028843998908997,0.18022560586734693
004.Groove_billed_Ani/Groove_Billed_Ani_0029_1620.jpg,dinov2,0.5379310344827586,0.011166253101736972,0.6873253583908081,0.0,0.06949032098054886,0.08229033801020408
004.Groove_billed_Ani/Groove_Billed_Ani_0087_1765.jpg,dinov2,0.4594594594594595,0.24355300859598855,0.7851395010948181,0.0029296875,0.056342676281929016,0.08641581632653061
005.Crested_Auklet/Crested_Auklet_0021_794938.jpg,dinov2,0.8285714285714286,0.8241469816272966,0.7936623096466064,0.0009765625,0.05064952000975609,0.3253148915816326
005.Crested_Auklet/Crested_Auklet_0074_794949.jpg,dinov2,0.6725352112676056,0.30269413629160064,0.7975172996520996,0.0078125,0.03938673809170723,0.18805803571428573
005.Crested_Auklet/Crested_Auklet_0036_794905.jpg,dinov2,0.8516746411483254,0.885286783042394,0.8055170774459839,0.0,0.03398905321955681,0.34225526147959184
006.Least_Auklet/Least_Auklet_0039_795081.jpg,dinov2,0.7249190938511327,0.7567567567567568,0.8075355291366577,0.0009765625,0.014911738224327564,0.2352917729591837
006.Least_Auklet/Least_Auklet_0055_795106.jpg,dinov2,0.7843137254901961,0.45131086142322097,0.8059321641921997,0.005859375,0.03190094232559204,0.23768335459183673
006.Least_Auklet/Least_Auklet_0041_795107.jpg,dinov2,0.7169811320754716,0.0017699115044247787,0.7960522174835205,0.0078125,0.03614511713385582,0.18291613520408162
006.Least_Auklet/Least_Auklet_0023_1898.jpg,dinov2,0.6716981132075471,0.6793893129770993,0.8101069927215576,0.0107421875,0.015974629670381546,0.1783721301020408
006.Least_Auklet/Least_Auklet_0005_795119.jpg,dinov2,0.7162162162162162,0.44166666666666665,0.7971422076225281,0.0009765625,0.03792620450258255,0.1566485969387755
007.Parakeet_Auklet/Parakeet_Auklet_0017_795924.jpg,dinov2,0.8439716312056738,0.8464285714285714,0.8202259540557861,0.013671875,0.023679368197917938,0.23427535076530612
007.Parakeet_Auklet/Parakeet_Auklet_0072_795929.jpg,dinov2,0.6047904191616766,0.15202702702702703,0.8088442087173462,0.0087890625,0.025753457099199295,0.09903140943877552
007.Parakeet_Auklet/Parakeet_Auklet_0064_795954.jpg,dinov2,0.7590361445783133,0.7682926829268293,0.8083794116973877,0.0068359375,0.023599840700626373,0.18730070153061223
007.Parakeet_Auklet/Parakeet_Auklet_0026_795962.jpg,dinov2,0.8428571428571429,0.8613138686131386,0.8084975481033325,0.0126953125,0.040430448949337006,0.23188376913265307
007.Parakeet_Auklet/Parakeet_Auklet_0067_795964.jpg,dinov2,0.4808743169398907,0.19686800894854586,0.8466755747795105,0.05078125,0.030005818232893944,0.09064094387755102
007.Parakeet_Auklet/Parakeet_Auklet_0016_795977.jpg,dinov2,0.782608695652174,0.0017889087656529517,0.8170270919799805,0.0,0.03240935876965523,0.20707110969387754
008.Rhinoceros_Auklet/Rhinoceros_Auklet_0044_797502.jpg,dinov2,0.707774798927614,0.717391304347826,0.8438311815261841,0.001953125,0.040118612349033356,0.2625757334183674
009.Brewer_Blackbird/Brewer_Blackbird_0054_2631.jpg,dinov2,0.5531914893617021,0.0,0.7820510864257812,0.001953125,0.07021261751651764,0.08412388392857142
009.Brewer_Blackbird/Brewer_Blackbird_0028_2682.jpg,dinov2,0.7705627705627706,0.7739130434782608,0.792150616645813,0.0068359375,0.016896232962608337,0.17494419642857142
009.Brewer_Blackbird/Brewer_Blackbird_0080_2234.jpg,dinov2,0.5596330275229358,0.21143847487001732,0.7925779819488525,0.0029296875,0.01881602592766285,0.11884167729591837
010.Red_winged_Blackbird/Red_Winged_Blackbird_0017_4116.jpg,dinov2,0.6925675675675675,0.45353982300884954,0.8153979778289795,0.0068359375,0.008818279020488262,0.2069515306122449
010.Red_winged_Blackbird/Red_Winged_Blackbird_0042_3635.jpg,dinov2,0.3116883116883117,0.21238938053097345,0.8390325307846069,0.0,0.012084348127245903,0.09028220663265306
010.Red_winged_Blackbird/Red_Winged_Blackbird_0053_4072.jpg,dinov2,0.6145833333333334,0.08529411764705883,0.6909257173538208,0.00390625,0.06425197422504425,0.054587850765306124
010.Red_winged_Blackbird/Red_Winged_Blackbird_0006_6005.jpg,dinov2,0.7338129496402878,0.758364312267658,0.8049226999282837,0.0,0.015270937234163284,0.19411670918367346
010.Red_winged_Blackbird/Red_Winged_Blackbird_0072_4338.jpg,dinov2,0.7320261437908496,0.22417153996101363,0.7291818857192993,0.005859375,0.041053496301174164,0.1102718431122449
011.Rusty_Blackbird/Rusty_Blackbird_0020_6679.jpg,dinov2,0.5267857142857143,0.0,0.7193106412887573,0.005859375,0.0632549598813057,0.07296316964285714
011.Rusty_Blackbird/Rusty_Blackbird_0109_6698.jpg,dinov2,0.5646551724137931,0.0,0.8103768229484558,0.0,0.01725136488676071,0.12717235331632654
011.Rusty_Blackbird/Rusty_Blackbird_0005_6771.jpg,dinov2,0.47783251231527096,0.4199134199134199,0.7562296390533447,0.001953125,0.03724364563822746,0.19001116071428573
011.Rusty_Blackbird/Rusty_Blackbird_0094_6582.jpg,dinov2,0.6227106227106227,0.29876977152899825,0.8100619316101074,0.0,0.018489819020032883,0.16906489158163265
012.Yellow_headed_Blackbird/Yellow_Headed_Blackbird_0079_8535.jpg,dinov2,0.5101214574898786,0.4772727272727273,0.716302216053009,0.0029296875,0.06356571614742279,0.14198022959183673
012.Yellow_headed_Blackbird/Yellow_Headed_Blackbird_0080_8601.jpg,dinov2,0.5987261146496815,0.40444444444444444,0.7596615552902222,0.0009765625,0.0969557911157608,0.10885682397959184
012.Yellow_headed_Blackbird/Yellow_Headed_Blackbird_0023_7325.jpg,dinov2,0.6377551020408163,0.2598870056497175,0.7321133017539978,0.01171875,0.036245882511138916,0.13285235969387754
013.Bobolink/Bobolink_0074_9311.jpg,dinov2,0.2831858407079646,0.08060453400503778,0.7575846314430237,0.0087890625,0.02814016118645668,0.03125
013.Bobolink/Bobolink_0097_10861.jpg,dinov2,0.2988505747126437,0.0,0.7859123945236206,0.01171875,0.06866390258073807,0.02977519132653061
013.Bobolink/Bobolink_0081_9439.jpg,dinov2,0.10380622837370242,0.09036144578313253,0.7626630067825317,0.005859375,0.032791849225759506,0.033123405612244895
013.Bobolink/Bobolink_0110_9496.jpg,dinov2,0.18584070796460178,0.13680781758957655,0.8149583339691162,0.025390625,0.011608535423874855,0.04063695790816327
014.Indigo_Bunting/Indigo_Bunting_0037_14128.jpg,dinov2,0.5338345864661654,0.0,0.7741483449935913,0.0625,0.014274939894676208,0.06935586734693877
014.Indigo_Bunting/Indigo_Bunting_0025_12532.jpg,dinov2,0.5882352941176471,0.049484536082474224,0.7632972002029419,0.015625,0.02802625298500061,0.07003348214285714
014.Indigo_Bunting/Indigo_Bunting_0052_11893.jpg,dinov2,0.07204610951008646,0.06793478260869565,0.7187938690185547,0.0,0.0416998565196991,0.05092075892857143
014.Indigo_Bunting/Indigo_Bunting_0029_13761.jpg,dinov2,0.06845965770171149,0.06682577565632458,0.803496241569519,0.0087890625,0.03882741928100586,0.055763711734693876
014.Indigo_Bunting/Indigo_Bunting_0061_13259.jpg,dinov2,0.6564885496183206,0.428927680798005,0.7428011894226074,0.0048828125,0.0662258118391037,0.16824776785714285
015.Lazuli_Bunting/Lazuli_Bunting_0030_14986.jpg,dinov2,0.5158730158730159,0.19174041297935104,0.7509164810180664,0.0048828125,0.021400943398475647,0.06572863520408163
015.Lazuli_Bunting/Lazuli_Bunting_0037_15021.jpg,dinov2,0.09428571428571429,0.07764705882352942,0.8569035530090332,0.0,0.01874912530183792,0.032704878826530615
015.Lazuli_Bunting/Lazuli_Bunting_0093_15030.jpg,dinov2,0.5729166666666666,0.13784461152882205,0.6864952445030212,0.001953125,0.07671458274126053,0.052236128826530615
015.Lazuli_Bunting/Lazuli_Bunting_0057_14775.jpg,dinov2,0.7841409691629956,0.28548644338118023,0.7426058650016785,0.0,0.0621945820748806,0.1769172512755102
016.Painted_Bunting/Painted_Bunting_0004_16641.jpg,dinov2,0.7327586206896551,0.723404255319149,0.787081778049469,0.0283203125,0.02754317782819271,0.16806839923469388
016.Painted_Bunting/Painted_Bunting_0010_16948.jpg,dinov2,0.6983471074380165,0.0,0.758648157119751,0.009765625,0.03465888649225235,0.16035554846938777
016.Painted_Bunting/Painted_Bunting_0054_16711.jpg,dinov2,0.5798816568047337,0.01702127659574468,0.7646826505661011,0.0107421875,0.019444601610302925,0.10060586734693877
016.Painted_Bunting/Painted_Bunting_0058_16719.jpg,dinov2,0.6238532110091743,0.13764044943820225,0.7111935615539551,0.0078125,0.0947711318731308,0.0702327806122449
016.Painted_Bunting/Painted_Bunting_0081_15230.jpg,dinov2,0.7366412213740458,0.2776978417266187,0.7966338396072388,0.0048828125,0.03447890281677246,0.19385762117346939
016.Painted_Bunting/Painted_Bunting_0080_16534.jpg,dinov2,0.5247524752475248,0.06935483870967742,0.79612135887146,0.087890625,0.020209234207868576,0.0548469387755102
017.Cardinal/Cardinal_0038_19203.jpg,dinov2,0.5614035087719298,0.2313167259786477,0.7700358629226685,0.0078125,0.024673907086253166,0.13026147959183673
017.Cardinal/Cardinal_0105_19045.jpg,dinov2,0.5909090909090909,0.22958057395143489,0.7049438953399658,0.0009765625,0.03853693976998329,0.10473134566326531
018.Spotted_Catbird/Spotted_Catbird_0033_796805.jpg,dinov2,0.7903930131004366,0.7841409691629956,0.7537659406661987,0.00390625,0.033201951533555984,0.1799266581632653
018.Spotted_Catbird/Spotted_Catbird_0015_796808.jpg,dinov2,0.67578125,0.3333333333333333,0.7493414878845215,0.01171875,0.027718914672732353,0.1728515625
018.Spotted_Catbird/Spotted_Catbird_0048_796817.jpg,dinov2,0.573170731707317,0.47715736040609136,0.7946702837944031,0.0087890625,0.011036140844225883,0.18696189413265307
018.Spotted_Catbird/Spotted_Catbird_0032_796828.jpg,dinov2,0.5609756097560976,0.3674321503131524,0.7336461544036865,0.013671875,0.03384979069232941,0.1702606823979592
018.Spotted_Catbird/Spotted_Catbird_0046_19399.jpg,dinov2,0.4552238805970149,0.0,0.7457995414733887,0.0078125,0.025208134204149246,0.06230070153061224
019.Gray_Catbird/Gray_Catbird_0028_20598.jpg,dinov2,0.7129337539432177,0.7290322580645161,0.7563669681549072,0.0,0.0360175184905529,0.2295519770408163
019.Gray_Catbird/Gray_Catbird_0022_19585.jpg,dinov2,0.4449152542372881,0.20270270270270271,0.8118723630905151,0.001953125,0.01868925429880619,0.10530931122448979
019.Gray_Catbird/Gray_Catbird_0075_21125.jpg,dinov2,0.6269592476489029,0.4329004329004329,0.8108878135681152,0.0,0.01070084422826767,0.19903938137755103
019.Gray_Catbird/Gray_Catbird_0104_20716.jpg,dinov2,0.7111913357400722,0.7538461538461538,0.7613900899887085,0.0,0.03432922810316086,0.21440529336734693
019.Gray_Catbird/Gray_Catbird_0002_21395.jpg,dinov2,0.5185185185185185,0.23796033994334279,0.7132261991500854,0.0009765625,0.026989823207259178,0.1691844706632653
019.Gray_Catbird/Gray_Catbird_0138_20945.jpg,dinov2,0.7197452229299363,0.7207792207792207,0.8001214265823364,0.0,0.01647067815065384,0.23622847576530612
020.Yellow_breasted_Chat/Yellow_Breasted_Chat_0010_21777.jpg,dinov2,0.5462184873949579,0.09135802469135802,0.743668794631958,0.0048828125,0.08208780735731125,0.0677016900510204
020.Yellow_breasted_Chat/Yellow_Breasted_Chat_0109_21796.jpg,dinov2,0.27555555555555555,0.11787072243346007,0.7629098892211914,0.00390625,0.028237294405698776,0.062001753826530615
020.Yellow_breasted_Chat/Yellow_Breasted_Chat_0066_21839.jpg,dinov2,0.6600985221674877,0.29977628635346754,0.741403341293335,0.0048828125,0.03640628233551979,0.1311981823979592
020.Yellow_breasted_Chat/Yellow_Breasted_Chat_0091_22111.jpg,dinov2,0.7756756756756756,0.676605504587156,0.8318368196487427,0.015625,0.007156872656196356,0.29201211734693877
020.Yellow_breasted_Chat/Yellow_Breasted_Chat_0035_21870.jpg,dinov2,0.5604395604395604,0.0,0.7394899725914001,0.0,0.06651388853788376,0.052076690051020405
020.Yellow_breasted_Chat/Yellow_Breasted_Chat_0085_21899.jpg,dinov2,0.7788018433179723,0.2893835616438356,0.7445268630981445,0.0029296875,0.031838495284318924,0.1710578762755102
021.Eastern_Towhee/Eastern_Towhee_0110_22549.jpg,dinov2,0.3697478991596639,0.1268882175226586,0.7342365980148315,0.0029296875,0.06847193837165833,0.04153380102040816
021.Eastern_Towhee/Eastern_Towhee_0095_22594.jpg,dinov2,0.12921348314606743,0.0,0.7281796336174011,0.044921875,0.045422278344631195,0.04858896683673469
021.Eastern_Towhee/Eastern_Towhee_0086_22611.jpg,dinov2,0.5855263157894737,0.039711191335740074,0.7423723936080933,0.0078125,0.027330348268151283,0.09628109056122448
021.Eastern_Towhee/Eastern_Towhee_0053_22623.jpg,dinov2,0.38819875776397517,0.24177949709864605,0.7782942056655884,0.0,0.02679811231791973,0.12097417091836735
021.Eastern_Towhee/Eastern_Towhee_0085_22674.jpg,dinov2,0.7543103448275862,0.7467811158798283,0.7659134268760681,0.015625,0.05463261157274246,0.17273198341836735
021.Eastern_Towhee/Eastern_Towhee_0105_22675.jpg,dinov2,0.3626373626373626,0.019834710743801654,0.7394697666168213,0.00390625,0.06409107148647308,0.03200733418367347
021.Eastern_Towhee/Eastern_Towhee_0108_22182.jpg,dinov2,0.7225806451612903,0.0022026431718061676,0.72165447473526,0.0712890625,0.029764633625745773,0.10995296556122448
021.Eastern_Towhee/Eastern_Towhee_0125_22220.jpg,dinov2,0.6153846153846154,0.2436548223350254,0.7454464435577393,0.0078125,0.036121346056461334,0.10082509566326531
021.Eastern_Towhee/Eastern_Towhee_0112_22231.jpg,dinov2,0.6521739130434783,0.5378486055776892,0.8054261803627014,0.013671875,0.014179129153490067,0.13486527423469388
021.Eastern_Towhee/Eastern_Towhee_0031_22233.jpg,dinov2,0.19270833333333334,0.18974358974358974,0.8071311712265015,0.00390625,0.017139721661806107,0.07330197704081633
021.Eastern_Towhee/Eastern_Towhee_0015_22275.jpg,dinov2,0.8481012658227848,0.8725490196078431,0.7781832218170166,0.0,0.026783166453242302,0.2618383290816326
021.Eastern_Towhee/Eastern_Towhee_0022_22279.jpg,dinov2,0.6691729323308271,0.13850415512465375,0.6652168035507202,0.00390625,0.0433061309158802,0.10419323979591837
021.Eastern_Towhee/Eastern_Towhee_0121_22319.jpg,dinov2,0.6337448559670782,0.308,0.7839480042457581,0.009765625,0.019715959206223488,0.15300143494897958
022.Chuck_will_Widow/Chuck_Will_Widow_0045_22798.jpg,dinov2,0.806949806949807,0.3535528596187175,0.7351083755493164,0.0029296875,0.04333043843507767,0.2031847895408163
022.Chuck_will_Widow/Chuck_Will_Widow_0019_22806.jpg,dinov2,0.3492063492063492,0.09705882352941177,0.8210734128952026,0.013671875,0.04549694433808327,0.06556919642857142
022.Chuck_will_Widow/Chuck_Will_Widow_0022_796967.jpg,dinov2,0.9352226720647774,0.9405737704918032,0.7815080285072327,0.001953125,0.058021001517772675,0.46139588647959184
022.Chuck_will_Widow/Chuck_Will_Widow_0027_796978.jpg,dinov2,0.9288194444444444,0.9480968858131488,0.8168108463287354,0.0029296875,0.07660090178251266,0.5587332589285714
022.Chuck_will_Widow/Chuck_Will_Widow_0031_796981.jpg,dinov2,0.79375,0.04154302670623145,0.7348679304122925,0.00390625,0.10065177083015442,0.12623565051020408
023.Brandt_Cormorant/Brandt_Cormorant_0092_23061.jpg,dinov2,0.47889908256880737,0.45674740484429066,0.7952058911323547,0.0009765625,0.05214517191052437,0.2745336415816326
023.Brandt_Cormorant/Brandt_Cormorant_0052_23356.jpg,dinov2,0.7181372549019608,0.7306733167082294,0.8158924579620361,0.013671875,0.0227506160736084,0.28944116709183676
023.Brandt_Cormorant/Brandt_Cormorant_0042_23151.jpg,dinov2,0.26229508196721313,0.08013355592654424,0.842519998550415,0.0107421875,0.03010198473930359,0.04902742346938776
023.Brandt_Cormorant/Brandt_Cormorant_0026_22913.jpg,dinov2,0.457286432160804,0.35546875,0.827123761177063,0.0,0.01804284378886223,0.18176020408163265
023.Brandt_Cormorant/Brandt_Cormorant_0053_22957.jpg,dinov2,0.8367346938775511,0.8371501272264631,0.8411582112312317,0.0068359375,0.0064617027528584,0.3204320790816326
024.Red_faced_Cormorant/Red_Faced_Cormorant_0021_796265.jpg,dinov2,0.0,0.023578363384188627,0.790023684501648,0.01171875,0.04912906140089035,0.09111926020408163
024.Red_faced_Cormorant/Red_Faced_Cormorant_0054_796301.jpg,dinov2,0.8073089700996677,0.4395796847635727,0.8000153303146362,0.0048828125,0.07076619565486908,0.24135044642857142
024.Red_faced_Cormorant/Red_Faced_Cormorant_0058_796315.jpg,dinov2,0.45,0.1445993031358885,0.8273235559463501,0.0,0.016882825642824173,0.08131377551020408
024.Red_faced_Cormorant/Red_Faced_Cormorant_0010_23421.jpg,dinov2,0.6303630363036303,0.4025157232704403,0.8138506412506104,0.0146484375,0.020985964685678482,0.1822185905612245
024.Red_faced_Cormorant/Red_Faced_Cormorant_0023_796328.jpg,dinov2,0.6384615384615384,0.301056338028169,0.8393816351890564,0.0,0.005221778992563486,0.16703204719387754
025.Pelagic_Cormorant/Pelagic_Cormorant_0042_23522.jpg,dinov2,0.44912280701754387,0.3062200956937799,0.8372867107391357,0.001953125,0.04629054665565491,0.12501992984693877
025.Pelagic_Cormorant/Pelagic_Cormorant_0010_23711.jpg,dinov2,0.39846743295019155,0.2549019607843137,0.8170406818389893,0.0,0.013527077622711658,0.10118383290816327
025.Pelagic_Cormorant/Pelagic_Cormorant_0096_23775.jpg,dinov2,0.3516483516483517,0.12673267326732673,0.8265240788459778,0.0009765625,0.017671482637524605,0.06253985969387756
026.Bronzed_Cowbird/Bronzed_Cowbird_0043_796224.jpg,dinov2,0.7307692307692307,0.7415730337078652,0.7392061948776245,0.0087890625,0.05081775784492493,0.13024154974489796
026.Bronzed_Cowbird/Bronzed_Cowbird_0073_796226.jpg,dinov2,0.014678899082568808,0.164021164021164,0.7998267412185669,0.0107421875,0.02508767880499363,0.09095982142857142
026.Bronzed_Cowbird/Bronzed_Cowbird_0021_24189.jpg,dinov2,0.2608695652173913,0.04460966542750929,0.7165147066116333,0.01953125,0.041329916566610336,0.026506696428571428
026.Bronzed_Cowbird/Bronzed_Cowbird_0031_24139.jpg,dinov2,0.5608108108108109,0.18577981651376146,0.7230098247528076,0.0,0.056490421295166016,0.08609693877551021
027.Shiny_Cowbird/Shiny_Cowbird_0057_24345.jpg,dinov2,0.5,0.0,0.7058821320533752,0.0107421875,0.03550160303711891,0.04862882653061224
027.Shiny_Cowbird/Shiny_Cowbird_0039_24359.jpg,dinov2,0.13617021276595745,0.0972644376899696,0.7646790146827698,0.0,0.04852413758635521,0.033083545918367346
027.Shiny_Cowbird/Shiny_Cowbird_0059_24421.jpg,dinov2,0.5174825174825175,0.0,0.6835676431655884,0.0107421875,0.05290512368083,0.07493622448979592
027.Shiny_Cowbird/Shiny_Cowbird_0043_796857.jpg,dinov2,0.6891385767790262,0.0,0.8390518426895142,0.0,0.019297191873192787,0.18592554209183673
028.Brown_Creeper/Brown_Creeper_0079_24647.jpg,dinov2,0.6271186440677966,0.0014970059880239522,0.8232175707817078,0.037109375,0.07742934674024582,0.11118861607142858
028.Brown_Creeper/Brown_Creeper_0065_24464.jpg,dinov2,0.8278388278388278,0.7985865724381626,0.8498907089233398,0.00390625,0.049809131771326065,0.2225765306122449
028.Brown_Creeper/Brown_Creeper_0124_24963.jpg,dinov2,0.6733333333333333,0.0,0.8045896291732788,0.0068359375,0.049263499677181244,0.09851323341836735
028.Brown_Creeper/Brown_Creeper_0046_24463.jpg,dinov2,0.5447154471544715,0.005415162454873646,0.8470605611801147,0.0107421875,0.04442928358912468,0.06740274234693877
028.Brown_Creeper/Brown_Creeper_0101_24987.jpg,dinov2,0.0,0.04754358161648178,0.8367570638656616,0.009765625,0.06187944486737251,0.05389030612244898
028.Brown_Creeper/Brown_Creeper_0006_25034.jpg,dinov2,0.41721854304635764,0.006507592190889371,0.8330668210983276,0.0107421875,0.022022223100066185,0.06210140306122449
029.American_Crow/American_Crow_0121_25720.jpg,dinov2,0.7516129032258064,0.7898305084745763,0.7771271467208862,0.0,0.04417423531413078,0.22682158801020408
029.American_Crow/American_Crow_0001_25053.jpg,dinov2,0.7167235494880546,0.6818181818181818,0.7808992862701416,0.0,0.021371936425566673,0.20665258290816327
030.Fish_Crow/Fish_Crow_0067_26124.jpg,dinov2,0.5017667844522968,0.4507936507936508,0.8863343000411987,0.0,0.00469305831938982,0.13885124362244897
030.Fish_Crow/Fish_Crow_0034_25891.jpg,dinov2,0.788961038961039,0.8203389830508474,0.7829930782318115,0.0,0.02026069536805153,0.23830117984693877
030.Fish_Crow/Fish_Crow_0085_25919.jpg,dinov2,0.32802547770700635,0.21106557377049182,0.7900181412696838,0.0,0.015329288318753242,0.10004783163265306
030.Fish_Crow/Fish_Crow_0047_26070.jpg,dinov2,0.3687150837988827,0.0,0.7867050766944885,0.0,0.022163337096571922,0.06491151147959184
031.Black_billed_Cuckoo/Black_Billed_Cuckoo_0030_26240.jpg,dinov2,0.6139534883720931,0.33814432989690724,0.7226752042770386,0.00390625,0.023540209978818893,0.1701610331632653
031.Black_billed_Cuckoo/Black_Billed_Cuckoo_0008_795305.jpg,dinov2,0.3080357142857143,0.19166666666666668,0.7395039796829224,0.0078125,0.027706418186426163,0.06937579719387756
031.Black_billed_Cuckoo/Black_Billed_Cuckoo_0043_795324.jpg,dinov2,0.6335877862595419,0.15398886827458255,0.670648992061615,0.0087890625,0.03385387361049652,0.08011798469387756
031.Black_billed_Cuckoo/Black_Billed_Cuckoo_0024_795331.jpg,dinov2,0.38926174496644295,0.028011204481792718,0.7419171333312988,0.001953125,0.03356396406888962,0.0574577487244898
032.Mangrove_Cuckoo/Mangrove_Cuckoo_0009_26354.jpg,dinov2,0.6788321167883211,0.1513157894736842,0.7521803379058838,0.0068359375,0.06038709729909897,0.0936702806122449
032.Mangrove_Cuckoo/Mangrove_Cuckoo_0018_794593.jpg,dinov2,0.7524752475247525,0.3385939741750359,0.8098019957542419,0.0,0.019422151148319244,0.2284558354591837
032.Mangrove_Cuckoo/Mangrove_Cuckoo_0035_794595.jpg,dinov2,0.6103286384976526,0.34075723830734966,0.7253887057304382,0.0,0.059623513370752335,0.15256297831632654
032.Mangrove_Cuckoo/Mangrove_Cuckoo_0003_794619.jpg,dinov2,0.8181818181818182,0.7941176470588235,0.7364646196365356,0.0888671875,0.04487057402729988,0.16974250637755103
033.Yellow_billed_Cuckoo/Yellow_Billed_Cuckoo_0023_26637.jpg,dinov2,0.11764705882352941,0.0,0.7245481014251709,0.001953125,0.08475849777460098,0.023397640306122448
033.Yellow_billed_Cuckoo/Yellow_Billed_Cuckoo_0012_26712.jpg,dinov2,0.37640449438202245,0.00583941605839416,0.723612904548645,0.001953125,0.05573532357811928,0.06483179209183673
033.Yellow_billed_Cuckoo/Yellow_Billed_Cuckoo_0074_26466.jpg,dinov2,0.6483516483516484,0.0,0.7242190837860107,0.01171875,0.05312534049153328,0.05502630739795918
033.Yellow_billed_Cuckoo/Yellow_Billed_Cuckoo_0053_26738.jpg,dinov2,0.6865671641791045,0.2303839732888147,0.7226488590240479,0.0146484375,0.068178690969944,0.12858737244897958
033.Yellow_billed_Cuckoo/Yellow_Billed_Cuckoo_0043_26492.jpg,dinov2,0.5393939393939394,0.17073170731707318,0.7000374794006348,0.0078125,0.0596439465880394,0.10522959183673469
033.Yellow_billed_Cuckoo/Yellow_Billed_Cuckoo_0018_26535.jpg,dinov2,0.6559139784946236,0.584375,0.7563318610191345,0.001953125,0.0360606424510479,0.18678252551020408
033.Yellow_billed_Cuckoo/Yellow_Billed_Cuckoo_0116_26544.jpg,dinov2,0.45454545454545453,0.2986111111111111,0.712909460067749,0.01171875,0.03722936287522316,0.1507892219387755
033.Yellow_billed_Cuckoo/Yellow_Billed_Cuckoo_0088_26812.jpg,dinov2,0.7379032258064516,0.8064516129032258,0.7301013469696045,0.0,0.055125925689935684,0.20665258290816327
033.Yellow_billed_Cuckoo/Yellow_Billed_Cuckoo_0006_26578.jpg,dinov2,0.6666666666666666,0.008818342151675485,0.7043821215629578,0.005859375,0.06129491701722145,0.11505500637755102
033.Yellow_billed_Cuckoo/Yellow_Billed_Cuckoo_0067_26878.jpg,dinov2,0.5038167938931297,0.07472527472527472,0.7243777513504028,0.0068359375,0.04871390759944916,0.07758689413265306
034.Gray_crowned_Rosy_Finch/Gray_Crowned_Rosy_Finch_0036_797287.jpg,dinov2,0.6802030456852792,0.6616161616161617,0.7880141735076904,0.0087890625,0.0668126568198204,0.13235411352040816
034.Gray_crowned_Rosy_Finch/Gray_Crowned_Rosy_Finch_0079_797294.jpg,dinov2,0.6778523489932886,0.0,0.8074066638946533,0.015625,0.03991496190428734,0.09988839285714286
034.Gray_crowned_Rosy_Finch/Gray_Crowned_Rosy_Finch_0057_27107.jpg,dinov2,0.8382352941176471,0.8528528528528528,0.811701774597168,0.0,0.009016210213303566,0.2727000956632653
035.Purple_Finch/Purple_Finch_0021_28235.jpg,dinov2,0.7327188940092166,0.4140625,0.825096845626831,0.0107421875,0.01600061170756817,0.1546954719387755
035.Purple_Finch/Purple_Finch_0030_27255.jpg,dinov2,0.69375,0.22792607802874743,0.7912700772285461,0.0185546875,0.014350650832057,0.10116390306122448
035.Purple_Finch/Purple_Finch_0119_27260.jpg,dinov2,0.8353909465020576,0.8468085106382979,0.8115839958190918,0.001953125,0.02914990857243538,0.20095264668367346
035.Purple_Finch/Purple_Finch_0065_27473.jpg,dinov2,0.6108597285067874,0.41033434650455924,0.7950806617736816,0.0087890625,0.01317716483026743,0.1273517219387755
035.Purple_Finch/Purple_Finch_0106_27607.jpg,dinov2,0.6763005780346821,0.4231464737793852,0.8243124485015869,0.0009765625,0.010578218847513199,0.23602917729591838
036.Northern_Flicker/Northern_Flicker_0093_28700.jpg,dinov2,0.7477477477477478,0.7942583732057417,0.7368171215057373,0.00390625,0.06552758067846298,0.16697225765306123
036.Northern_Flicker/Northern_Flicker_0135_28291.jpg,dinov2,0.5287769784172662,0.2782608695652174,0.8304893374443054,0.0,0.022842183709144592,0.16115274234693877
036.Northern_Flicker/Northern_Flicker_0131_28962.jpg,dinov2,0.3522727272727273,0.04430379746835443,0.7967195510864258,0.00390625,0.06286482512950897,0.034677933673469385
036.Northern_Flicker/Northern_Flicker_0090_28491.jpg,dinov2,0.7446808510638298,0.26595744680851063,0.794674277305603,0.0048828125,0.023721862584352493,0.17412707270408162
036.Northern_Flicker/Northern_Flicker_0051_28650.jpg,dinov2,0.6531365313653137,0.3169877408056042,0.8239128589630127,0.0,0.012572539038956165,0.1727917729591837
037.Acadian_Flycatcher/Acadian_Flycatcher_0030_795591.jpg,dinov2,0.7637362637362637,0.26990291262135924,0.7567128539085388,0.0078125,0.05709407851099968,0.14024633290816327
037.Acadian_Flycatcher/Acadian_Flycatcher_0051_29077.jpg,dinov2,0.84,0.8715083798882681,0.7563310861587524,0.0,0.038585904985666275,0.30807557397959184
037.Acadian_Flycatcher/Acadian_Flycatcher_0059_29102.jpg,dinov2,0.3453815261044177,0.2975778546712803,0.8128273487091064,0.013671875,0.014697977341711521,0.08669483418367346
037.Acadian_Flycatcher/Acadian_Flycatcher_0049_795580.jpg,dinov2,0.6081081081081081,0.22443890274314215,0.7860029935836792,0.0185546875,0.010981451719999313,0.08803013392857142
037.Acadian_Flycatcher/Acadian_Flycatcher_0041_795605.jpg,dinov2,0.7735849056603774,0.7884615384615384,0.7935847043991089,0.005859375,0.019695773720741272,0.16109295280612246
037.Acadian_Flycatcher/Acadian_Flycatcher_0050_795608.jpg,dinov2,0.788235294117647,0.8072289156626506,0.779114305973053,0.0,0.03514577075839043,0.268375318877551
037.Acadian_Flycatcher/Acadian_Flycatcher_0012_795612.jpg,dinov2,0.7704280155642024,0.3850574712643678,0.7606324553489685,0.0,0.03071628324687481,0.19511320153061223
038.Great_Crested_Flycatcher/Great_Crested_Flycatcher_0028_29696.jpg,dinov2,0.4758842443729904,0.3884514435695538,0.8132856488227844,0.0029296875,0.013339336030185223,0.14317602040816327
038.Great_Crested_Flycatcher/Great_Crested_Flycatcher_0139_29302.jpg,dinov2,0.4268292682926829,0.005291005291005291,0.6621208190917969,0.00390625,0.07169578969478607,0.03631218112244898
038.Great_Crested_Flycatcher/Great_Crested_Flycatcher_0010_29396.jpg,dinov2,0.6013071895424836,0.015901060070671377,0.7808471918106079,0.021484375,0.025668416172266006,0.08940529336734694
038.Great_Crested_Flycatcher/Great_Crested_Flycatcher_0024_29516.jpg,dinov2,0.6084905660377359,0.32663316582914576,0.7505588531494141,0.0029296875,0.036592014133930206,0.12611607142857142
038.Great_Crested_Flycatcher/Great_Crested_Flycatcher_0030_29645.jpg,dinov2,0.40229885057471265,0.13097345132743363,0.6867828965187073,0.0068359375,0.037591446191072464,0.07493622448979592
039.Least_Flycatcher/Least_Flycatcher_0057_30282.jpg,dinov2,0.3645833333333333,0.26785714285714285,0.7963467836380005,0.0263671875,0.020688295364379883,0.10323660714285714
040.Olive_sided_Flycatcher/Olive_Sided_Flycatcher_0069_30544.jpg,dinov2,0.3741496598639456,0.0954861111111111,0.831710696220398,0.0,0.016804849728941917,0.05640146683673469
041.Scissor_tailed_Flycatcher/Scissor_Tailed_Flycatcher_0042_41990.jpg,dinov2,0.10891089108910891,0.06790123456790123,0.8348946571350098,0.0,0.013761794194579124,0.03475765306122449
041.Scissor_tailed_Flycatcher/Scissor_Tailed_Flycatcher_0094_42018.jpg,dinov2,0.3212996389891697,0.23796791443850268,0.8669623136520386,0.0,0.010605355724692345,0.08478156887755102
041.Scissor_tailed_Flycatcher/Scissor_Tailed_Flycatcher_0013_42024.jpg,dinov2,0.19338422391857507,0.0,0.8401750326156616,0.0,0.016275065019726753,0.07633131377551021
041.Scissor_tailed_Flycatcher/Scissor_Tailed_Flycatcher_0076_41597.jpg,dinov2,0.3684210526315789,0.10606060606060606,0.762342095375061,0.005859375,0.016890941187739372,0.05195711096938776
041.Scissor_tailed_Flycatcher/Scissor_Tailed_Flycatcher_0122_41679.jpg,dinov2,0.03518518518518519,0.03171953255425709,0.6861350536346436,0.0078125,0.032264504581689835,0.020667251275510203
042.Vermilion_Flycatcher/Vermilion_Flycatcher_0070_42250.jpg,dinov2,0.2265193370165746,0.0,0.8334181308746338,0.0,0.012051881290972233,0.038763552295918366
042.Vermilion_Flycatcher/Vermilion_Flycatcher_0059_42261.jpg,dinov2,0.7194570135746606,0.6666666666666666,0.7998049855232239,0.005859375,0.014165046624839306,0.1542370854591837
042.Vermilion_Flycatcher/Vermilion_Flycatcher_0021_42378.jpg,dinov2,0.44621513944223107,0.3154929577464789,0.8616218566894531,0.0,0.008363395929336548,0.11057079081632654
042.Vermilion_Flycatcher/Vermilion_Flycatcher_0039_42423.jpg,dinov2,0.3951612903225806,0.08781362007168458,0.7024170160293579,0.0302734375,0.05643019080162048,0.050701530612244895
042.Vermilion_Flycatcher/Vermilion_Flycatcher_0028_42197.jpg,dinov2,0.5306748466257669,0.3827433628318584,0.8518920540809631,0.0,0.007848109118640423,0.17047991071428573
043.Yellow_bellied_Flycatcher/Yellow_Bellied_Flycatcher_0021_795472.jpg,dinov2,0.3640552995391705,0.19036144578313252,0.8396421074867249,0.005859375,0.005853614304214716,0.07752710459183673
043.Yellow_bellied_Flycatcher/Yellow_Bellied_Flycatcher_0001_795488.jpg,dinov2,0.6333333333333333,0.3484848484848485,0.796746015548706,0.0146484375,0.020968463271856308,0.11766581632653061
043.Yellow_bellied_Flycatcher/Yellow_Bellied_Flycatcher_0026_795489.jpg,dinov2,0.5240793201133145,0.41294642857142855,0.8159592151641846,0.005859375,0.01300657819956541,0.1778938137755102
043.Yellow_bellied_Flycatcher/Yellow_Bellied_Flycatcher_0007_795491.jpg,dinov2,0.893455098934551,0.9016641452344932,0.8164188861846924,0.0,0.01195316668599844,0.6208944515306123
043.Yellow_bellied_Flycatcher/Yellow_Bellied_Flycatcher_0065_42635.jpg,dinov2,0.5632183908045977,0.0,0.7883764505386353,0.0029296875,0.01370311714708805,0.09630102040816327
043.Yellow_bellied_Flycatcher/Yellow_Bellied_Flycatcher_0027_42649.jpg,dinov2,0.48044692737430167,0.13691931540342298,0.7385089993476868,0.0029296875,0.05386347323656082,0.08801020408163265
044.Frigatebird/Frigatebird_0054_43019.jpg,dinov2,0.5159235668789809,0.552901023890785,0.821771502494812,0.0,0.006961866281926632,0.15132732780612246
044.Frigatebird/Frigatebird_0034_43053.jpg,dinov2,0.5028901734104047,0.49714285714285716,0.8743573427200317,0.0,0.007178277242928743,0.17247289540816327
044.Frigatebird/Frigatebird_0091_43066.jpg,dinov2,0.21052631578947367,0.17543859649122806,0.9008990526199341,0.0,0.00462973490357399,0.037428252551020405
044.Frigatebird/Frigatebird_0062_43193.jpg,dinov2,0.6071428571428571,0.603030303030303,0.7474744319915771,0.0029296875,0.09014485031366348,0.2815688775510204
044.Frigatebird/Frigatebird_0120_43300.jpg,dinov2,0.1986754966887417,0.18181818181818182,0.9164770841598511,0.0,0.0028839069418609142,0.03334263392857143
045.Northern_Fulmar/Northern_Fulmar_0090_43867.jpg,dinov2,0.05656565656565657,0.009324009324009324,0.8307037949562073,0.0078125,0.013543608598411083,0.03306361607142857
045.Northern_Fulmar/Northern_Fulmar_0008_43647.jpg,dinov2,0.2727272727272727,0.10404624277456648,0.834053635597229,0.0048828125,0.018867870792746544,0.03356186224489796
045.Northern_Fulmar/Northern_Fulmar_0015_43658.jpg,dinov2,0.3422459893048128,0.2922374429223744,0.8683266639709473,0.0,0.0032597780227661133,0.06383529974489796
045.Northern_Fulmar/Northern_Fulmar_0016_43958.jpg,dinov2,0.9259259259259259,0.9385665529010239,0.8052632808685303,0.0009765625,0.056581802666187286,0.2678770727040816
046.Gadwall/Gadwall_0082_31301.jpg,dinov2,0.4146341463414634,0.4214876033057851,0.8209832310676575,0.009765625,0.02289782091975212,0.10837850765306123
046.Gadwall/Gadwall_0095_30911.jpg,dinov2,0.3907563025210084,0.3907563025210084,0.8292050361633301,0.009765625,0.04621827229857445,0.0899234693877551
046.Gadwall/Gadwall_0027_30966.jpg,dinov2,0.38461538461538464,0.42338709677419356,0.8269857168197632,0.01171875,0.019771765917539597,0.10720264668367346
047.American_Goldfinch/American_Goldfinch_0084_32295.jpg,dinov2,0.29583333333333334,0.0,0.7831296920776367,0.0,0.014835340902209282,0.07106983418367346
047.American_Goldfinch/American_Goldfinch_0036_31910.jpg,dinov2,0.5113122171945701,0.0,0.791387677192688,0.0048828125,0.02946869283914566,0.10911591198979592
047.American_Goldfinch/American_Goldfinch_0064_32142.jpg,dinov2,0.6411764705882353,0.016632016632016633,0.7467111945152283,0.0224609375,0.028151627629995346,0.10985331632653061
048.European_Goldfinch/European_Goldfinch_0017_794638.jpg,dinov2,0.8395061728395061,0.7112970711297071,0.7782377004623413,0.0,0.022952459752559662,0.33199139030612246
048.European_Goldfinch/European_Goldfinch_0036_794642.jpg,dinov2,0.6618705035971223,0.1807465618860511,0.7207897901535034,0.005859375,0.028549721464514732,0.08876753826530612
048.European_Goldfinch/European_Goldfinch_0047_33332.jpg,dinov2,0.546875,0.0,0.8383563160896301,0.0029296875,0.016312947496771812,0.07051179846938775
048.European_Goldfinch/European_Goldfinch_0034_33256.jpg,dinov2,0.7904761904761904,0.7904761904761904,0.7730070352554321,0.0009765625,0.03434773162007332,0.16356425382653061
048.European_Goldfinch/European_Goldfinch_0005_33263.jpg,dinov2,0.6835443037974683,0.2505800464037123,0.7566004395484924,0.0478515625,0.032926879823207855,0.10736208545918367
048.European_Goldfinch/European_Goldfinch_0089_33279.jpg,dinov2,0.5104477611940299,0.0,0.7858739495277405,0.0,0.016607053577899933,0.16238839285714285
049.Boat_tailed_Grackle/Boat_Tailed_Grackle_0116_33808.jpg,dinov2,0.8120300751879699,0.8195488721804511,0.810565710067749,0.0,0.02434966154396534,0.3257533482142857
049.Boat_tailed_Grackle/Boat_Tailed_Grackle_0095_33568.jpg,dinov2,0.3815261044176707,0.0,0.6974903345108032,0.0087890625,0.032034169882535934,0.09869260204081633
050.Eared_Grebe/Eared_Grebe_0018_34357.jpg,dinov2,0.7447306791569087,0.7429906542056075,0.839429497718811,0.009765625,0.01439688727259636,0.30937101403061223
050.Eared_Grebe/Eared_Grebe_0042_34132.jpg,dinov2,0.24390243902439024,0.23148148148148148,0.837640643119812,0.0068359375,0.01554178074002266,0.049705038265306124
050.Eared_Grebe/Eared_Grebe_0001_34433.jpg,dinov2,0.5662100456621004,0.5367965367965368,0.8198943734169006,0.005859375,0.02569795586168766,0.12147241709183673
051.Horned_Grebe/Horned_Grebe_0058_34568.jpg,dinov2,0.225,0.1111111111111111,0.8542463779449463,0.00390625,0.009484943933784962,0.03752790178571429
051.Horned_Grebe/Horned_Grebe_0071_35078.jpg,dinov2,0.3884297520661157,0.3705179282868526,0.8232746124267578,0.0126953125,0.019136009737849236,0.08928571428571429
051.Horned_Grebe/Horned_Grebe_0095_34491.jpg,dinov2,0.5364583333333334,0.532133676092545,0.8501842617988586,0.01171875,0.01315334439277649,0.20129145408163265
051.Horned_Grebe/Horned_Grebe_0053_34512.jpg,dinov2,0.39661016949152544,0.3979591836734694,0.8314543962478638,0.0087890625,0.032822154462337494,0.11828364158163265
051.Horned_Grebe/Horned_Grebe_0029_34557.jpg,dinov2,0.45454545454545453,0.48214285714285715,0.8429386615753174,0.0107421875,0.011848594062030315,0.13408801020408162
052.Pied_billed_Grebe/Pied_Billed_Grebe_0013_35882.jpg,dinov2,0.5693950177935944,0.6177606177606177,0.767752468585968,0.009765625,0.03142424672842026,0.16101323341836735
052.Pied_billed_Grebe/Pied_Billed_Grebe_0053_35262.jpg,dinov2,0.5210843373493976,0.5088235294117647,0.8082104921340942,0.0078125,0.021304165944457054,0.16360411352040816
052.Pied_billed_Grebe/Pied_Billed_Grebe_0059_35507.jpg,dinov2,0.18285714285714286,0.0,0.8401498794555664,0.0126953125,0.046080321073532104,0.03364158163265306
052.Pied_billed_Grebe/Pied_Billed_Grebe_0056_35623.jpg,dinov2,0.47413793103448276,0.5069124423963134,0.862836480140686,0.01171875,0.005284173414111137,0.10666454081632654
053.Western_Grebe/Western_Grebe_0029_36379.jpg,dinov2,0.5823293172690763,0.5823293172690763,0.8328229188919067,0.0107421875,0.008308817632496357,0.14686304209183673
053.Western_Grebe/Western_Grebe_0048_36399.jpg,dinov2,0.17716535433070865,0.14563106796116504,0.8107888698577881,0.005859375,0.014448574744164944,0.04587850765306122
053.Western_Grebe/Western_Grebe_0089_36154.jpg,dinov2,0.6127450980392157,0.6544502617801047,0.8141467571258545,0.0029296875,0.022513527423143387,0.12228954081632654
054.Blue_Grosbeak/Blue_Grosbeak_0109_36914.jpg,dinov2,0.6687116564417178,0.2766497461928934,0.7437542676925659,0.0078125,0.036386169493198395,0.11180644132653061
054.Blue_Grosbeak/Blue_Grosbeak_0015_36985.jpg,dinov2,0.7304347826086957,0.0,0.730944037437439,0.0068359375,0.07240878790616989,0.08181202168367346
054.Blue_Grosbeak/Blue_Grosbeak_0085_36990.jpg,dinov2,0.6149732620320856,0.0,0.7171550393104553,0.0087890625,0.04616420716047287,0.1277702487244898
054.Blue_Grosbeak/Blue_Grosbeak_0016_36862.jpg,dinov2,0.3977272727272727,0.0,0.7536942958831787,0.0,0.051551517099142075,0.03392059948979592
055.Evening_Grosbeak/Evening_Grosbeak_0141_37398.jpg,dinov2,0.5185185185185185,0.0910569105691057,0.8064590692520142,0.017578125,0.023328140377998352,0.0548469387755102
055.Evening_Grosbeak/Evening_Grosbeak_0063_37409.jpg,dinov2,0.7098445595854922,0.3071748878923767,0.8148765563964844,0.0263671875,0.026147257536649704,0.13382892219387754
055.Evening_Grosbeak/Evening_Grosbeak_0028_37410.jpg,dinov2,0.5884476534296029,0.27768595041322314,0.7499837279319763,0.0,0.029785161837935448,0.16661352040816327
055.Evening_Grosbeak/Evening_Grosbeak_0114_37416.jpg,dinov2,0.7061855670103093,0.7046632124352331,0.7806857824325562,0.009765625,0.019817199558019638,0.1389110331632653
055.Evening_Grosbeak/Evening_Grosbeak_0085_37487.jpg,dinov2,0.7170542635658915,0.4805194805194805,0.7752333879470825,0.0048828125,0.03154226392507553,0.1818000637755102
055.Evening_Grosbeak/Evening_Grosbeak_0053_38005.jpg,dinov2,0.7309417040358744,0.7276785714285714,0.7742372155189514,0.0078125,0.023487163707613945,0.1650988520408163
055.Evening_Grosbeak/Evening_Grosbeak_0098_37532.jpg,dinov2,0.5970149253731343,0.23622047244094488,0.7908544540405273,0.00390625,0.025155769661068916,0.12278778698979592
055.Evening_Grosbeak/Evening_Grosbeak_0038_37228.jpg,dinov2,0.7411347517730497,0.5135135135135135,0.7914185523986816,0.0,0.01753537543118,0.20918367346938777
055.Evening_Grosbeak/Evening_Grosbeak_0015_37238.jpg,dinov2,0.5984848484848485,0.09281437125748503,0.737070620059967,0.001953125,0.08478689193725586,0.07619180484693877
055.Evening_Grosbeak/Evening_Grosbeak_0021_37789.jpg,dinov2,0.74822695035461,0.0124804992199688,0.7993425130844116,0.001953125,0.04627380520105362,0.21326929209183673
055.Evening_Grosbeak/Evening_Grosbeak_0129_37831.jpg,dinov2,0.8662207357859532,0.875,0.7673385143280029,0.0029296875,0.06849396973848343,0.2534877232142857
056.Pine_Grosbeak/Pine_Grosbeak_0094_38912.jpg,dinov2,0.4657534246575342,0.009333333333333334,0.7866571545600891,0.025390625,0.0791645497083664,0.03932158801020408
056.Pine_Grosbeak/Pine_Grosbeak_0077_38929.jpg,dinov2,0.75,0.3312,0.7751014828681946,0.001953125,0.02427084557712078,0.20310507015306123
056.Pine_Grosbeak/Pine_Grosbeak_0042_38432.jpg,dinov2,0.12380952380952381,0.12037037037037036,0.7497029304504395,0.0107421875,0.04437323659658432,0.07631138392857142
056.Pine_Grosbeak/Pine_Grosbeak_0071_38207.jpg,dinov2,0.6402877697841727,0.664179104477612,0.7976740598678589,0.0107421875,0.01590310037136078,0.17165577168367346
056.Pine_Grosbeak/Pine_Grosbeak_0016_38743.jpg,dinov2,0.6680327868852459,0.5451505016722408,0.796220600605011,0.0126953125,0.012917445972561836,0.1605548469387755
056.Pine_Grosbeak/Pine_Grosbeak_0052_38804.jpg,dinov2,0.6614173228346457,0.1329243353783231,0.7369382381439209,0.0263671875,0.06292286515235901,0.08380500637755102
056.Pine_Grosbeak/Pine_Grosbeak_0009_38609.jpg,dinov2,0.5107033639143731,0.0,0.8125194311141968,0.0,0.0257591363042593,0.16374362244897958
056.Pine_Grosbeak/Pine_Grosbeak_0004_38396.jpg,dinov2,0.7318007662835249,0.7346153846153847,0.8148168325424194,0.01171875,0.015318373218178749,0.18935347576530612
057.Rose_breasted_Grosbeak/Rose_Breasted_Grosbeak_0003_39223.jpg,dinov2,0.4077669902912621,0.0,0.8168579339981079,0.0712890625,0.012727061286568642,0.04177295918367347
057.Rose_breasted_Grosbeak/Rose_Breasted_Grosbeak_0032_39772.jpg,dinov2,0.08207343412526998,0.07524752475247524,0.7487730979919434,0.00390625,0.03320460394024849,0.03960060586734694
057.Rose_breasted_Grosbeak/Rose_Breasted_Grosbeak_0060_39279.jpg,dinov2,0.5206611570247934,0.0,0.7621267437934875,0.0068359375,0.054983049631118774,0.06186224489795918
057.Rose_breasted_Grosbeak/Rose_Breasted_Grosbeak_0126_39361.jpg,dinov2,0.47058823529411764,0.16494845360824742,0.7120197415351868,0.0029296875,0.05073890462517738,0.06327726403061225
058.Pigeon_Guillemot/Pigeon_Guillemot_0071_40216.jpg,dinov2,0.8333333333333334,0.84,0.8321547508239746,0.0048828125,0.05724130570888519,0.20832669005102042
058.Pigeon_Guillemot/Pigeon_Guillemot_0096_39995.jpg,dinov2,0.7679180887372014,0.42938931297709926,0.7607836723327637,0.0009765625,0.03183479979634285,0.21749441964285715
058.Pigeon_Guillemot/Pigeon_Guillemot_0043_39861.jpg,dinov2,0.6646153846153846,0.6865203761755486,0.7723748683929443,0.01171875,0.0194381270557642,0.2168765943877551
058.Pigeon_Guillemot/Pigeon_Guillemot_0075_40159.jpg,dinov2,0.75,0.34823529411764703,0.797663688659668,0.0029296875,0.018838243559002876,0.1455078125
059.California_Gull/California_Gull_0078_41550.jpg,dinov2,0.34296028880866425,0.1529790660225443,0.8008275032043457,0.0,0.022194754332304,0.09624123086734694
059.California_Gull/California_Gull_0088_41296.jpg,dinov2,0.14763779527559054,0.13644524236983843,0.7663168907165527,0.00390625,0.031378235667943954,0.07391980229591837
059.California_Gull/California_Gull_0001_40786.jpg,dinov2,0.45989304812834225,0.2895622895622896,0.8194454908370972,0.0166015625,0.00814785622060299,0.08438297193877552
059.California_Gull/California_Gull_0058_40858.jpg,dinov2,0.5539906103286385,0.0,0.7820459604263306,0.0107421875,0.012233536690473557,0.11479591836734694
060.Glaucous_winged_Gull/Glaucous_Winged_Gull_0136_45059.jpg,dinov2,0.628,0.5097402597402597,0.741950511932373,0.0,0.05674810707569122,0.15656887755102042
060.Glaucous_winged_Gull/Glaucous_Winged_Gull_0015_44198.jpg,dinov2,0.592814371257485,0.16981132075471697,0.8023073673248291,0.0048828125,0.054691966623067856,0.10255899234693877
060.Glaucous_winged_Gull/Glaucous_Winged_Gull_0017_45224.jpg,dinov2,0.5570175438596491,0.5019762845849802,0.7836175560951233,0.0,0.01517111249268055,0.12627551020408162
061.Heermann_Gull/Heermann_Gull_0109_45619.jpg,dinov2,0.5,0.44782608695652176,0.8361573219299316,0.0068359375,0.007525620050728321,0.10269850127551021
061.Heermann_Gull/Heermann_Gull_0031_45822.jpg,dinov2,0.37073170731707317,0.0,0.7838882207870483,0.0048828125,0.02554795704782009,0.07936065051020408
061.Heermann_Gull/Heermann_Gull_0027_45864.jpg,dinov2,0.7262357414448669,0.720754716981132,0.7774389386177063,0.001953125,0.0607900395989418,0.18088329081632654
061.Heermann_Gull/Heermann_Gull_0136_45416.jpg,dinov2,0.6883852691218131,0.5,0.8177788257598877,0.0029296875,0.014867416583001614,0.2335578762755102
061.Heermann_Gull/Heermann_Gull_0001_45472.jpg,dinov2,0.372972972972973,0.10323574730354391,0.7963684797286987,0.00390625,0.018555590882897377,0.07106983418367346
062.Herring_Gull/Herring_Gull_0001_48205.jpg,dinov2,0.6527777777777778,0.29497907949790797,0.8111287951469421,0.0,0.03318338841199875,0.13909040178571427
062.Herring_Gull/Herring_Gull_0120_48822.jpg,dinov2,0.9284436493738819,0.9146341463414634,0.8323934078216553,0.0087890625,0.008741713128983974,0.5129743303571429
062.Herring_Gull/Herring_Gull_0068_46392.jpg,dinov2,0.6689419795221843,0.39436619718309857,0.8182287216186523,0.001953125,0.020259976387023926,0.19772401147959184
062.Herring_Gull/Herring_Gull_0082_47540.jpg,dinov2,0.5379746835443038,0.0,0.8211252093315125,0.0,0.008474031463265419,0.08547911352040816
063.Ivory_Gull/Ivory_Gull_0110_49408.jpg,dinov2,0.61328125,0.2625418060200669,0.8370540142059326,0.013671875,0.007806431036442518,0.15710698341836735
063.Ivory_Gull/Ivory_Gull_0085_49456.jpg,dinov2,0.4331983805668016,0.4476987447698745,0.8536167740821838,0.017578125,0.0020414995960891247,0.10622608418367346
063.Ivory_Gull/Ivory_Gull_0086_49532.jpg,dinov2,0.6653061224489796,0.4604519774011299,0.836257815361023,0.013671875,0.010381637141108513,0.16193000637755103
063.Ivory_Gull/Ivory_Gull_0073_49287.jpg,dinov2,0.5721925133689839,0.5911602209944752,0.8187792301177979,0.017578125,0.034050069749355316,0.11116868622448979
063.Ivory_Gull/Ivory_Gull_0007_49364.jpg,dinov2,0.5568181818181818,0.2168141592920354,0.8166935443878174,0.0048828125,0.016073571518063545,0.09925063775510204
064.Ring_billed_Gull/Ring_Billed_Gull_0039_50191.jpg,dinov2,0.46285714285714286,0.0,0.7739726901054382,0.0,0.0226989034563303,0.08679448341836735
064.Ring_billed_Gull/Ring_Billed_Gull_0085_51292.jpg,dinov2,0.70625,0.7018633540372671,0.8095874190330505,0.00390625,0.014755215495824814,0.22213807397959184
064.Ring_billed_Gull/Ring_Billed_Gull_0115_51891.jpg,dinov2,0.5547445255474452,0.24358974358974358,0.7896159887313843,0.0087890625,0.010673323646187782,0.14540816326530612
065.Slaty_backed_Gull/Slaty_Backed_Gull_0022_796022.jpg,dinov2,0.7073170731707317,0.3760129659643436,0.8136183023452759,0.0,0.01558489166200161,0.22435028698979592
065.Slaty_backed_Gull/Slaty_Backed_Gull_0024_796028.jpg,dinov2,0.6781115879828327,0.6929824561403509,0.7829678654670715,0.0009765625,0.03513259068131447,0.15718670280612246
065.Slaty_backed_Gull/Slaty_Backed_Gull_0023_796030.jpg,dinov2,0.6052631578947368,0.3389473684210526,0.8481889963150024,0.0,0.007383251562714577,0.16067442602040816
065.Slaty_backed_Gull/Slaty_Backed_Gull_0078_796042.jpg,dinov2,0.3221476510067114,0.0,0.8523980379104614,0.00390625,0.03350035473704338,0.046795280612244895
065.Slaty_backed_Gull/Slaty_Backed_Gull_0085_53158.jpg,dinov2,0.6578947368421053,0.3824091778202677,0.8128147125244141,0.0009765625,0.01579407788813114,0.2037029655612245
066.Western_Gull/Western_Gull_0013_54794.jpg,dinov2,0.14545454545454545,0.0,0.7864729166030884,0.0,0.02375507913529873,0.05229591836734694
066.Western_Gull/Western_Gull_0078_53595.jpg,dinov2,0.5618556701030928,0.27455919395465994,0.7907967567443848,0.0,0.026127981022000313,0.1129623724489796
066.Western_Gull/Western_Gull_0104_53816.jpg,dinov2,0.4743935309973046,0.4631578947368421,0.8128659725189209,0.0,0.014096533879637718,0.17478475765306123
066.Western_Gull/Western_Gull_0050_54425.jpg,dinov2,0.41379310344827586,0.0,0.829972505569458,0.0009765625,0.05098986625671387,0.023995535714285716
066.Western_Gull/Western_Gull_0069_53553.jpg,dinov2,0.7857142857142857,0.39285714285714285,0.7638676166534424,0.01171875,0.04748518764972687,0.13356983418367346
066.Western_Gull/Western_Gull_0066_54105.jpg,dinov2,0.6351706036745407,0.599009900990099,0.8050587177276611,0.005859375,0.0241780374199152,0.23818160076530612
066.Western_Gull/Western_Gull_0024_53631.jpg,dinov2,0.4860335195530726,0.2091346153846154,0.8442947864532471,0.0009765625,0.0179294366389513,0.08777104591836735
066.Western_Gull/Western_Gull_0049_53748.jpg,dinov2,0.7011173184357542,0.552863436123348,0.8182414770126343,0.0,0.008166171610355377,0.24111128826530612
067.Anna_Hummingbird/Anna_Hummingbird_0080_56366.jpg,dinov2,0.5338983050847458,0.2191780821917808,0.82703697681427,0.0,0.013087300583720207,0.12976323341836735
067.Anna_Hummingbird/Anna_Hummingbird_0055_56396.jpg,dinov2,0.375,0.15037593984962405,0.8404335379600525,0.0,0.009087870828807354,0.057736766581632654
067.Anna_Hummingbird/Anna_Hummingbird_0087_56435.jpg,dinov2,0.6223175965665236,0.48986486486486486,0.8298443555831909,0.0087890625,0.008754844777286053,0.1433952487244898
067.Anna_Hummingbird/Anna_Hummingbird_0019_57025.jpg,dinov2,0.4074074074074074,0.0728476821192053,0.8152902126312256,0.0,0.013745746575295925,0.04723373724489796
067.Anna_Hummingbird/Anna_Hummingbird_0037_56587.jpg,dinov2,0.635,0.36079545454545453,0.8263204097747803,0.0185546875,0.017558204010128975,0.12366470025510204
068.Ruby_throated_Hummingbird/Ruby_Throated_Hummingbird_0077_57858.jpg,dinov2,0.663003663003663,0.0,0.7661426067352295,0.0146484375,0.023374143987894058,0.18070392219387754
068.Ruby_throated_Hummingbird/Ruby_Throated_Hummingbird_0072_57391.jpg,dinov2,0.6235294117647059,0.668769716088328,0.839044451713562,0.013671875,0.005782484542578459,0.21075813137755103
068.Ruby_throated_Hummingbird/Ruby_Throated_Hummingbird_0118_57536.jpg,dinov2,0.07439446366782007,0.15639810426540285,0.7882691621780396,0.0078125,0.03419960290193558,0.09819435586734694
068.Ruby_throated_Hummingbird/Ruby_Throated_Hummingbird_0115_58067.jpg,dinov2,0.5615141955835962,0.43309002433090027,0.8074670433998108,0.0068359375,0.0067147440277040005,0.17578125
068.Ruby_throated_Hummingbird/Ruby_Throated_Hummingbird_0108_57653.jpg,dinov2,0.4789915966386555,0.09930313588850175,0.8284100294113159,0.001953125,0.012449171394109726,0.05883290816326531
069.Rufous_Hummingbird/Rufous_Hummingbird_0009_59405.jpg,dinov2,0.41198501872659177,0.3333333333333333,0.8372272253036499,0.0,0.0068041239865124226,0.11122847576530612
069.Rufous_Hummingbird/Rufous_Hummingbird_0134_59449.jpg,dinov2,0.19382504288164665,0.0,0.8472517728805542,0.0380859375,0.011741151101887226,0.11168686224489796
069.Rufous_Hummingbird/Rufous_Hummingbird_0100_59541.jpg,dinov2,0.17391304347826086,0.011560693641618497,0.7345645427703857,0.005859375,0.03341180458664894,0.07049186862244898
069.Rufous_Hummingbird/Rufous_Hummingbird_0046_59647.jpg,dinov2,0.5903614457831325,0.4523076923076923,0.8660207986831665,0.0048828125,0.0029751684051007032,0.14622528698979592
069.Rufous_Hummingbird/Rufous_Hummingbird_0119_59681.jpg,dinov2,0.0,0.15789473684210525,0.7752569913864136,0.0078125,0.022391460835933685,0.07886240433673469
070.Green_Violetear/Green_Violetear_0057_795701.jpg,dinov2,0.7933130699088146,0.8285714285714286,0.8128382563591003,0.0,0.02256096340715885,0.2561583227040816
070.Green_Violetear/Green_Violetear_0044_795717.jpg,dinov2,0.6884422110552764,0.46440677966101696,0.8386738300323486,0.009765625,0.008585890755057335,0.13560267857142858
070.Green_Violetear/Green_Violetear_0119_795724.jpg,dinov2,0.6908212560386473,0.7295918367346939,0.7758214473724365,0.00390625,0.016548000276088715,0.14467075892857142
071.Long_tailed_Jaeger/Long_Tailed_Jaeger_0033_60955.jpg,dinov2,0.5855263157894737,0.0,0.7854379415512085,0.0048828125,0.05396953970193863,0.08557876275510204
071.Long_tailed_Jaeger/Long_Tailed_Jaeger_0044_60968.jpg,dinov2,0.33513513513513515,0.3092269326683292,0.84940505027771,0.0,0.008783983066678047,0.11920041454081633
071.Long_tailed_Jaeger/Long_Tailed_Jaeger_0047_797075.jpg,dinov2,0.614406779661017,0.6041666666666666,0.8518598079681396,0.0126953125,0.020451338961720467,0.1465441645408163
071.Long_tailed_Jaeger/Long_Tailed_Jaeger_0036_797076.jpg,dinov2,0.603125,0.6107594936708861,0.8623359203338623,0.021484375,0.007173777092248201,0.18833705357142858
072.Pomarine_Jaeger/Pomarine_Jaeger_0058_795746.jpg,dinov2,0.4844961240310077,0.4921259842519685,0.7610756158828735,0.0146484375,0.01246937457472086,0.12802933673469388
072.Pomarine_Jaeger/Pomarine_Jaeger_0033_795749.jpg,dinov2,0.5700934579439252,0.42214532871972316,0.8451752662658691,0.01171875,0.020387811586260796,0.12099410076530612
072.Pomarine_Jaeger/Pomarine_Jaeger_0045_795750.jpg,dinov2,0.5104166666666666,0.4916387959866221,0.8899495601654053,0.0,0.005869902670383453,0.14205994897959184
072.Pomarine_Jaeger/Pomarine_Jaeger_0014_61335.jpg,dinov2,0.4186046511627907,0.3673469387755102,0.8889936804771423,0.0,0.004000329878181219,0.08834901147959184
072.Pomarine_Jaeger/Pomarine_Jaeger_0062_61351.jpg,dinov2,0.47619047619047616,0.313588850174216,0.8513907194137573,0.0087890625,0.02135792002081871,0.08848852040816327
072.Pomarine_Jaeger/Pomarine_Jaeger_0002_61361.jpg,dinov2,0.28859060402684567,0.09772727272727273,0.8489971160888672,0.0078125,0.04682953655719757,0.04083625637755102
072.Pomarine_Jaeger/Pomarine_Jaeger_0063_61406.jpg,dinov2,0.21710526315789475,0.0,0.8785532712936401,0.0,0.002166836056858301,0.03168845663265306
073.Blue_Jay/Blue_Jay_0083_61492.jpg,dinov2,0.6346153846153846,0.47277936962750716,0.7587146759033203,0.0,0.021351516246795654,0.1591198979591837
073.Blue_Jay/Blue_Jay_0068_61543.jpg,dinov2,0.43601895734597157,0.15944540727902945,0.7659656405448914,0.005859375,0.0355096235871315,0.09576291454081633
073.Blue_Jay/Blue_Jay_0076_61817.jpg,dinov2,0.7263681592039801,0.003424657534246575,0.7437686920166016,0.0009765625,0.01811913587152958,0.14479033801020408
073.Blue_Jay/Blue_Jay_0050_62974.jpg,dinov2,0.5055350553505535,0.341645885286783,0.7872880101203918,0.0234375,0.015455405227839947,0.13685825892857142
074.Florida_Jay/Florida_Jay_0105_64522.jpg,dinov2,0.6327433628318584,0.55859375,0.7524313926696777,0.0107421875,0.026322385296225548,0.1385124362244898
074.Florida_Jay/Florida_Jay_0004_65042.jpg,dinov2,0.5294117647058824,0.1736842105263158,0.7278331518173218,0.033203125,0.058563269674777985,0.09851323341836735
074.Florida_Jay/Florida_Jay_0011_64920.jpg,dinov2,0.7340823970037453,0.7452471482889734,0.767864465713501,0.0107421875,0.018867362290620804,0.2100207270408163
074.Florida_Jay/Florida_Jay_0005_64940.jpg,dinov2,0.6829268292682927,0.7150259067357513,0.7123558521270752,0.0,0.06510160118341446,0.1585419323979592
074.Florida_Jay/Florida_Jay_0080_64505.jpg,dinov2,0.6616915422885572,0.2182410423452769,0.7242327928543091,0.0009765625,0.047888580709695816,0.1320750956632653
074.Florida_Jay/Florida_Jay_0041_64734.jpg,dinov2,0.7371794871794872,0.756578947368421,0.7194099426269531,0.015625,0.050754278898239136,0.1143375318877551
074.Florida_Jay/Florida_Jay_0099_64735.jpg,dinov2,0.34177215189873417,0.0,0.7136925458908081,0.00390625,0.03955434262752533,0.07856345663265306
074.Florida_Jay/Florida_Jay_0065_64739.jpg,dinov2,0.28703703703703703,0.02680067001675042,0.7155037522315979,0.0107421875,0.06823326647281647,0.03228635204081633
075.Green_Jay/Green_Jay_0126_65716.jpg,dinov2,0.5116279069767442,0.07296137339055794,0.723170280456543,0.0068359375,0.04218113049864769,0.04474250637755102
075.Green_Jay/Green_Jay_0115_65745.jpg,dinov2,0.569620253164557,0.12075983717774763,0.8136177062988281,0.041015625,0.03012927994132042,0.09303252551020408
075.Green_Jay/Green_Jay_0106_65811.jpg,dinov2,0.6186440677966102,0.16444444444444445,0.7178168892860413,0.00390625,0.04352444410324097,0.07376036352040816
076.Dark_eyed_Junco/Dark_Eyed_Junco_0016_68738.jpg,dinov2,0.6943231441048034,0.7117117117117117,0.8394225239753723,0.0009765625,0.016031702980399132,0.15541294642857142
076.Dark_eyed_Junco/Dark_Eyed_Junco_0031_66785.jpg,dinov2,0.6796536796536796,0.43842364532019706,0.784618616104126,0.0,0.0183440912514925,0.17956792091836735
076.Dark_eyed_Junco/Dark_Eyed_Junco_0059_66305.jpg,dinov2,0.475177304964539,0.14408602150537633,0.7908551096916199,0.0146484375,0.016733644530177116,0.06558912627551021
076.Dark_eyed_Junco/Dark_Eyed_Junco_0093_67335.jpg,dinov2,0.46107784431137727,0.0,0.7638876438140869,0.009765625,0.011625773273408413,0.07206632653061225
076.Dark_eyed_Junco/Dark_Eyed_Junco_0131_66423.jpg,dinov2,0.3417085427135678,0.10413476263399694,0.7247155904769897,0.0185546875,0.03753224387764931,0.06708386479591837
076.Dark_eyed_Junco/Dark_Eyed_Junco_0114_67964.jpg,dinov2,0.33766233766233766,0.06692913385826772,0.7390451431274414,0.005859375,0.06545273959636688,0.05470742984693878
076.Dark_eyed_Junco/Dark_Eyed_Junco_0083_66449.jpg,dinov2,0.831275720164609,0.8632478632478633,0.7529630661010742,0.0,0.045772552490234375,0.19577088647959184
076.Dark_eyed_Junco/Dark_Eyed_Junco_0111_66488.jpg,dinov2,0.6255506607929515,0.6123348017621145,0.7252790927886963,0.0,0.08210291713476181,0.18317522321428573
077.Tropical_Kingbird/Tropical_Kingbird_0068_69397.jpg,dinov2,0.43288590604026844,0.3394736842105263,0.7925532460212708,0.02734375,0.01426478661596775,0.12627551020408162
077.Tropical_Kingbird/Tropical_Kingbird_0038_69455.jpg,dinov2,0.6445783132530121,0.4662309368191721,0.8336166739463806,0.0,0.012699592858552933,0.21257174744897958
077.Tropical_Kingbird/Tropical_Kingbird_0084_69312.jpg,dinov2,0.4915254237288136,0.16574585635359115,0.8151332139968872,0.0,0.037880800664424896,0.09253427933673469
077.Tropical_Kingbird/Tropical_Kingbird_0024_69582.jpg,dinov2,0.6201550387596899,0.6666666666666666,0.8224847316741943,0.0048828125,0.011621362529695034,0.1533203125
077.Tropical_Kingbird/Tropical_Kingbird_0063_69589.jpg,dinov2,0.09510086455331412,0.0,0.8234970569610596,0.0,0.013913655653595924,0.029755261479591837
078.Gray_Kingbird/Gray_Kingbird_0077_70191.jpg,dinov2,0.4939271255060729,0.19273301737756715,0.7907135486602783,0.0,0.015598893165588379,0.12300701530612244
078.Gray_Kingbird/Gray_Kingbird_0043_795032.jpg,dinov2,0.3175182481751825,0.1797520661157025,0.7909808158874512,0.0068359375,0.011262116022408009,0.08619658801020408
078.Gray_Kingbird/Gray_Kingbird_0010_70057.jpg,dinov2,0.4315068493150685,0.0,0.8128725290298462,0.0048828125,0.025113994255661964,0.12794961734693877
078.Gray_Kingbird/Gray_Kingbird_0076_70070.jpg,dinov2,0.6492307692307693,0.4720357941834452,0.8281984329223633,0.0,0.0360679030418396,0.2024872448979592
079.Belted_Kingfisher/Belted_Kingfisher_0079_70524.jpg,dinov2,0.1476510067114094,0.0,0.7516264915466309,0.009765625,0.024809937924146652,0.06662547831632654
079.Belted_Kingfisher/Belted_Kingfisher_0063_70835.jpg,dinov2,0.5895953757225434,0.288135593220339,0.7220815420150757,0.0068359375,0.030789917334914207,0.10006776147959184
079.Belted_Kingfisher/Belted_Kingfisher_0058_70848.jpg,dinov2,0.4666666666666667,0.39349112426035504,0.8870514631271362,0.0,0.005274035967886448,0.12976323341836735
079.Belted_Kingfisher/Belted_Kingfisher_0096_70347.jpg,dinov2,0.43034055727554177,0.34577114427860695,0.7798044681549072,0.0126953125,0.010270630940794945,0.13514429209183673
079.Belted_Kingfisher/Belted_Kingfisher_0028_70358.jpg,dinov2,0.6028880866425993,0.43155452436194897,0.8260855078697205,0.01171875,0.01807389035820961,0.18664301658163265
079.Belted_Kingfisher/Belted_Kingfisher_0014_70910.jpg,dinov2,0.6096256684491979,0.2814814814814815,0.7798495292663574,0.005859375,0.019789019599556923,0.11290258290816327
080.Green_Kingfisher/Green_Kingfisher_0060_66074.jpg,dinov2,0.37755102040816324,0.0067226890756302525,0.7401065230369568,0.009765625,0.01885339990258217,0.03647161989795918
080.Green_Kingfisher/Green_Kingfisher_0074_71214.jpg,dinov2,0.7655172413793103,0.20943396226415095,0.7399893999099731,0.0087890625,0.03169993683695793,0.10664461096938775
080.Green_Kingfisher/Green_Kingfisher_0057_71096.jpg,dinov2,0.3548387096774194,0.16666666666666666,0.7659363746643066,0.033203125,0.03289872035384178,0.0748764349489796
080.Green_Kingfisher/Green_Kingfisher_0002_71055.jpg,dinov2,0.7295597484276729,0.7215189873417721,0.7456033229827881,0.0029296875,0.0324278324842453,0.11377949617346939
080.Green_Kingfisher/Green_Kingfisher_0089_71325.jpg,dinov2,0.3798449612403101,0.06577181208053691,0.7107387781143188,0.0068359375,0.04307280480861664,0.04856903698979592
080.Green_Kingfisher/Green_Kingfisher_0077_71129.jpg,dinov2,0.7368421052631579,0.6694386694386695,0.8387376070022583,0.0,0.01134541817009449,0.3119419642857143
080.Green_Kingfisher/Green_Kingfisher_0035_71133.jpg,dinov2,0.49473684210526314,0.3122923588039867,0.7966117262840271,0.0087890625,0.01983058638870716,0.09683912627551021
081.Pied_Kingfisher/Pied_Kingfisher_0132_72706.jpg,dinov2,0.4190871369294606,0.2135306553911205,0.8253850936889648,0.0,0.006621233653277159,0.09795519770408163
081.Pied_Kingfisher/Pied_Kingfisher_0047_72401.jpg,dinov2,0.4223300970873786,0.0,0.7844216823577881,0.013671875,0.014938129112124443,0.08735251913265306
081.Pied_Kingfisher/Pied_Kingfisher_0095_72008.jpg,dinov2,0.5824742268041238,0.2803970223325062,0.762052595615387,0.0048828125,0.02064915932714939,0.11234454719387756
081.Pied_Kingfisher/Pied_Kingfisher_0085_71557.jpg,dinov2,0.2958579881656805,0.09345794392523364,0.8148857355117798,0.001953125,0.009527835994958878,0.049306441326530615
082.Ringed_Kingfisher/Ringed_Kingfisher_0051_72997.jpg,dinov2,0.3176470588235294,0.005660377358490566,0.7330412864685059,0.0068359375,0.08111122995615005,0.02467315051020408
082.Ringed_Kingfisher/Ringed_Kingfisher_0083_73053.jpg,dinov2,0.17928286852589642,0.09656652360515021,0.7896456122398376,0.00390625,0.012609935365617275,0.04633689413265306
082.Ringed_Kingfisher/Ringed_Kingfisher_0043_72877.jpg,dinov2,0.5505050505050505,0.0,0.7313336133956909,0.0048828125,0.04332788288593292,0.10664461096938775
083.White_breasted_Kingfisher/White_Breasted_Kingfisher_0047_73251.jpg,dinov2,0.33980582524271846,0.0,0.8006269931793213,0.0234375,0.019418107345700264,0.03457828443877551
083.White_breasted_Kingfisher/White_Breasted_Kingfisher_0065_73372.jpg,dinov2,0.47435897435897434,0.24364406779661016,0.8269712924957275,0.0,0.019834626466035843,0.11431760204081633
084.Red_legged_Kittiwake/Red_Legged_Kittiwake_0051_795404.jpg,dinov2,0.8632707774798928,0.8702702702702703,0.8141030669212341,0.0,0.01984402723610401,0.3140345982142857
084.Red_legged_Kittiwake/Red_Legged_Kittiwake_0040_795455.jpg,dinov2,0.8576271186440678,0.863481228668942,0.8171283006668091,0.005859375,0.03705776855349541,0.251953125
084.Red_legged_Kittiwake/Red_Legged_Kittiwake_0037_73794.jpg,dinov2,0.5333333333333333,0.12903225806451613,0.8145212531089783,0.0,0.014318828471004963,0.06447305484693877
085.Horned_Lark/Horned_Lark_0115_74271.jpg,dinov2,0.5175438596491229,0.08069620253164557,0.7424415349960327,0.0078125,0.05624181404709816,0.05580357142857143
085.Horned_Lark/Horned_Lark_0026_74910.jpg,dinov2,0.5337837837837838,0.2841726618705036,0.7620158195495605,0.0009765625,0.036007873713970184,0.07932079081632654
085.Horned_Lark/Horned_Lark_0083_74444.jpg,dinov2,0.4925373134328358,0.019184652278177457,0.7805774211883545,0.0068359375,0.03212578222155571,0.06652582908163265
085.Horned_Lark/Horned_Lark_0014_74963.jpg,dinov2,0.696078431372549,0.41642228739002934,0.7991636991500854,0.0048828125,0.09578707814216614,0.1436344068877551
085.Horned_Lark/Horned_Lark_0087_73989.jpg,dinov2,0.753731343283582,0.7240143369175627,0.77313232421875,0.005859375,0.033395376056432724,0.19437579719387754
085.Horned_Lark/Horned_Lark_0019_73996.jpg,dinov2,0.3333333333333333,0.0,0.8259748816490173,0.01171875,0.012326848693192005,0.04123485331632653
086.Pacific_Loon/Pacific_Loon_0041_75782.jpg,dinov2,0.2084130019120459,0.157514450867052,0.7944446802139282,0.013671875,0.048067886382341385,0.09638073979591837
086.Pacific_Loon/Pacific_Loon_0045_75589.jpg,dinov2,0.2,0.0,0.8105859756469727,0.009765625,0.024599885568022728,0.04450334821428571
087.Mallard/Mallard_0128_77396.jpg,dinov2,0.6170212765957447,0.655367231638418,0.8343286514282227,0.01171875,0.015969492495059967,0.23024952168367346
087.Mallard/Mallard_0064_76654.jpg,dinov2,0.5846153846153846,0.4539249146757679,0.7976042032241821,0.0078125,0.01680959016084671,0.2563576211734694
087.Mallard/Mallard_0107_76498.jpg,dinov2,0.6473429951690821,0.7228260869565217,0.8010329604148865,0.0068359375,0.02571895904839039,0.12910554846938777
087.Mallard/Mallard_0083_77052.jpg,dinov2,0.9262135922330097,0.9174664107485605,0.81465083360672,0.0009765625,0.06532640010118484,0.4747688137755102
087.Mallard/Mallard_0109_76616.jpg,dinov2,0.7320574162679426,0.6666666666666666,0.82110595703125,0.0068359375,0.04749886691570282,0.30775669642857145
087.Mallard/Mallard_0045_77129.jpg,dinov2,0.6008064516129032,0.5050847457627119,0.7814120054244995,0.0224609375,0.009051293134689331,0.1437938456632653
088.Western_Meadowlark/Western_Meadowlark_0034_78869.jpg,dinov2,0.3230769230769231,0.09767441860465116,0.7981120347976685,0.0,0.0146101675927639,0.04017857142857143
088.Western_Meadowlark/Western_Meadowlark_0032_78633.jpg,dinov2,0.6764705882352942,0.3926829268292683,0.8302230834960938,0.005859375,0.010510854423046112,0.1529217155612245
088.Western_Meadowlark/Western_Meadowlark_0107_78608.jpg,dinov2,0.654320987654321,0.3382978723404255,0.8161295652389526,0.0048828125,0.016673406586050987,0.15702726403061223
088.Western_Meadowlark/Western_Meadowlark_0064_78027.jpg,dinov2,0.5942857142857143,0.5875706214689266,0.792757511138916,0.005859375,0.05821007490158081,0.10803970025510204
089.Hooded_Merganser/Hooded_Merganser_0037_796731.jpg,dinov2,0.6243243243243243,0.6311475409836066,0.8311620950698853,0.013671875,0.02315427176654339,0.2318439094387755
089.Hooded_Merganser/Hooded_Merganser_0047_78962.jpg,dinov2,0.717391304347826,0.7115902964959568,0.8392849564552307,0.0107421875,0.008905916474759579,0.2573142538265306
089.Hooded_Merganser/Hooded_Merganser_0009_79012.jpg,dinov2,0.6857142857142857,0.7164179104477612,0.8325208425521851,0.0087890625,0.007298679556697607,0.13847257653061223
089.Hooded_Merganser/Hooded_Merganser_0064_79040.jpg,dinov2,0.5014836795252225,0.5,0.8376591801643372,0.0087890625,0.0340145081281662,0.1636639030612245
089.Hooded_Merganser/Hooded_Merganser_0020_79046.jpg,dinov2,0.6691729323308271,0.0,0.762846827507019,0.0185546875,0.046797458082437515,0.08799027423469388
089.Hooded_Merganser/Hooded_Merganser_0068_79057.jpg,dinov2,0.7283950617283951,0.759656652360515,0.8327088952064514,0.0087890625,0.025946956127882004,0.1795280612244898
089.Hooded_Merganser/Hooded_Merganser_0063_79064.jpg,dinov2,0.6242774566473989,0.576,0.8381550312042236,0.0107421875,0.030212009325623512,0.2105986926020408
090.Red_breasted_Merganser/Red_Breasted_Merganser_0030_79411.jpg,dinov2,0.27697841726618705,0.1855421686746988,0.8425854444503784,0.0087890625,0.012021386995911598,0.0751953125
090.Red_breasted_Merganser/Red_Breasted_Merganser_0014_79205.jpg,dinov2,0.4888888888888889,0.0026917900403768506,0.804145097732544,0.0048828125,0.06154555082321167,0.10835857780612244
090.Red_breasted_Merganser/Red_Breasted_Merganser_0004_79232.jpg,dinov2,0.26119402985074625,0.12727272727272726,0.839857816696167,0.0107421875,0.03935038298368454,0.03637197066326531
091.Mockingbird/Mockingbird_0030_79876.jpg,dinov2,0.632,0.521311475409836,0.7494717836380005,0.0107421875,0.026258602738380432,0.15174585459183673
091.Mockingbird/Mockingbird_0084_80670.jpg,dinov2,0.6090225563909775,0.13153724247226625,0.6750118732452393,0.0087890625,0.0718778446316719,0.08205117984693877
091.Mockingbird/Mockingbird_0012_81216.jpg,dinov2,0.5828877005347594,0.23851203501094093,0.7798827290534973,0.0,0.011085235513746738,0.10859773596938775
091.Mockingbird/Mockingbird_0026_81214.jpg,dinov2,0.7259786476868327,0.5339805825242718,0.7984858751296997,0.0,0.022796377539634705,0.21540178571428573
091.Mockingbird/Mockingbird_0042_81728.jpg,dinov2,0.4012738853503185,0.11033274956217162,0.8089040517807007,0.0234375,0.009510649368166924,0.06552933673469388
091.Mockingbird/Mockingbird_0067_79723.jpg,dinov2,0.7349397590361446,0.0,0.7183063626289368,0.01171875,0.073905348777771,0.06096540178571429
091.Mockingbird/Mockingbird_0082_80570.jpg,dinov2,0.4583333333333333,0.0,0.7323060035705566,0.0107421875,0.03650509566068649,0.087890625
091.Mockingbird/Mockingbird_0001_79812.jpg,dinov2,0.6766917293233082,0.3015075376884422,0.7814536094665527,0.0107421875,0.024531478062272072,0.18303571428571427
091.Mockingbird/Mockingbird_0021_80343.jpg,dinov2,0.37089201877934275,0.0783132530120482,0.6782430410385132,0.00390625,0.039437394589185715,0.07957987882653061
091.Mockingbird/Mockingbird_0023_80121.jpg,dinov2,0.8041958041958042,0.6589595375722543,0.6798903942108154,0.00390625,0.07650971412658691,0.11106903698979592
092.Nighthawk/Nighthawk_0059_82741.jpg,dinov2,0.7172131147540983,0.30017152658662094,0.766423225402832,0.0,0.04783361777663231,0.1717952806122449
092.Nighthawk/Nighthawk_0024_83519.jpg,dinov2,0.6764705882352942,0.178125,0.7758101224899292,0.0224609375,0.06734470278024673,0.11031170280612244
092.Nighthawk/Nighthawk_0087_82280.jpg,dinov2,0.18518518518518517,0.11842105263157894,0.8136395215988159,0.00390625,0.01257825642824173,0.04470264668367347
092.Nighthawk/Nighthawk_0042_83603.jpg,dinov2,0.7122302158273381,0.39363817097415504,0.7918354272842407,0.0029296875,0.013463094830513,0.19337930484693877
092.Nighthawk/Nighthawk_0020_83869.jpg,dinov2,0.6153846153846154,0.23565891472868217,0.8201668858528137,0.0,0.023399675264954567,0.14773995535714285
092.Nighthawk/Nighthawk_0072_795336.jpg,dinov2,0.7973684210526316,0.7354368932038835,0.8271867036819458,0.0,0.015035256743431091,0.2949816645408163
092.Nighthawk/Nighthawk_0028_82636.jpg,dinov2,0.33497536945812806,0.2222222222222222,0.8802846670150757,0.0,0.003243713639676571,0.06421396683673469
093.Clark_Nutcracker/Clark_Nutcracker_0096_84996.jpg,dinov2,0.6265560165975104,0.2649122807017544,0.7662948369979858,0.0068359375,0.035285744816064835,0.15058992346938777
093.Clark_Nutcracker/Clark_Nutcracker_0102_85089.jpg,dinov2,0.722488038277512,0.009375,0.8079591393470764,0.0166015625,0.013834383338689804,0.14951371173469388
093.Clark_Nutcracker/Clark_Nutcracker_0131_85701.jpg,dinov2,0.46116504854368934,0.3054662379421222,0.7913265824317932,0.001953125,0.04826021566987038,0.09355070153061225
093.Clark_Nutcracker/Clark_Nutcracker_0093_84809.jpg,dinov2,0.6847290640394089,0.20746268656716418,0.7978296279907227,0.0771484375,0.028047947213053703,0.13448660714285715
093.Clark_Nutcracker/Clark_Nutcracker_0106_84856.jpg,dinov2,0.6629834254143646,0.6703910614525139,0.8091208934783936,0.005859375,0.04992663860321045,0.12601642219387754
093.Clark_Nutcracker/Clark_Nutcracker_0051_84950.jpg,dinov2,0.6751592356687898,0.2505854800936768,0.7149343490600586,0.0,0.0463433600962162,0.10564811862244898
094.White_breasted_Nuthatch/White_Breasted_Nuthatch_0003_86029.jpg,dinov2,0.7205240174672489,0.3495762711864407,0.8211619853973389,0.01171875,0.025533050298690796,0.15967793367346939
094.White_breasted_Nuthatch/White_Breasted_Nuthatch_0060_86031.jpg,dinov2,0.6869565217391305,0.3191919191919192,0.8038330078125,0.0126953125,0.01442305464297533,0.1522839604591837
094.White_breasted_Nuthatch/White_Breasted_Nuthatch_0063_86573.jpg,dinov2,0.7671957671957672,0.6904761904761905,0.7746645212173462,0.0361328125,0.03594248369336128,0.1455875318877551
094.White_breasted_Nuthatch/White_Breasted_Nuthatch_0020_86143.jpg,dinov2,0.3586206896551724,0.21894736842105264,0.8139661550521851,0.021484375,0.013646597974002361,0.10331632653061225
095.Baltimore_Oriole/Baltimore_Oriole_0074_87214.jpg,dinov2,0.6264150943396226,0.37028824833702884,0.8333079814910889,0.0,0.013819901272654533,0.16169084821428573
095.Baltimore_Oriole/Baltimore_Oriole_0018_87782.jpg,dinov2,0.45263157894736844,0.009057971014492754,0.809109628200531,0.0,0.0189148411154747,0.2553013392857143
095.Baltimore_Oriole/Baltimore_Oriole_0037_87337.jpg,dinov2,0.00782472613458529,0.00984251968503937,0.6943199634552002,0.005859375,0.05144672840833664,0.04099569515306122
095.Baltimore_Oriole/Baltimore_Oriole_0058_87296.jpg,dinov2,0.4,0.36,0.7843937873840332,0.0,0.02326008304953575,0.14391342474489796
095.Baltimore_Oriole/Baltimore_Oriole_0086_88375.jpg,dinov2,0.6204379562043796,0.5246913580246914,0.8093204498291016,0.0009765625,0.01043993141502142,0.17432637117346939
095.Baltimore_Oriole/Baltimore_Oriole_0112_87447.jpg,dinov2,0.49732620320855614,0.1150990099009901,0.7556567192077637,0.0,0.02758968435227871,0.0914779974489796
096.Hooded_Oriole/Hooded_Oriole_0024_90157.jpg,dinov2,0.5245283018867924,0.26425855513307983,0.7916696667671204,0.005859375,0.018291078507900238,0.14174107142857142
096.Hooded_Oriole/Hooded_Oriole_0077_90886.jpg,dinov2,0.6118421052631579,0.17272727272727273,0.7378666400909424,0.009765625,0.023615848273038864,0.0946468431122449
096.Hooded_Oriole/Hooded_Oriole_0010_90413.jpg,dinov2,0.698744769874477,0.0,0.7742714881896973,0.0009765625,0.05329656973481178,0.16368383290816327
096.Hooded_Oriole/Hooded_Oriole_0029_90485.jpg,dinov2,0.4195804195804196,0.08823529411764706,0.7065424919128418,0.0126953125,0.0410214327275753,0.06028778698979592
096.Hooded_Oriole/Hooded_Oriole_0004_91057.jpg,dinov2,0.6686046511627907,0.004418262150220913,0.7363500595092773,0.00390625,0.06803201138973236,0.11007254464285714
096.Hooded_Oriole/Hooded_Oriole_0082_90045.jpg,dinov2,0.664179104477612,0.652014652014652,0.7757219672203064,0.0654296875,0.029141275212168694,0.2277782206632653
097.Orchard_Oriole/Orchard_Oriole_0085_91411.jpg,dinov2,0.5596330275229358,0.004210526315789474,0.7363818883895874,0.0,0.04117137938737869,0.12460140306122448
097.Orchard_Oriole/Orchard_Oriole_0054_91414.jpg,dinov2,0.5465116279069767,0.09771309771309772,0.7732745409011841,0.0078125,0.034969914704561234,0.0480110012755102
097.Orchard_Oriole/Orchard_Oriole_0027_91265.jpg,dinov2,0.25,0.0,0.7852940559387207,0.0078125,0.016588110476732254,0.05976961096938776
097.Orchard_Oriole/Orchard_Oriole_0088_92086.jpg,dinov2,0.6726618705035972,0.34124087591240876,0.806084156036377,0.0,0.01567196287214756,0.18195950255102042
098.Scott_Oriole/Scott_Oriole_0034_795813.jpg,dinov2,0.8619631901840491,0.8629283489096573,0.7456443309783936,0.0,0.039696745574474335,0.28226642219387754
099.Ovenbird/Ovenbird_0093_92705.jpg,dinov2,0.6859504132231405,0.5616438356164384,0.7771922945976257,0.0068359375,0.07624335587024689,0.08472177933673469
099.Ovenbird/Ovenbird_0089_93234.jpg,dinov2,0.8412698412698413,0.8285714285714286,0.7873250246047974,0.001953125,0.0654245913028717,0.2855947066326531
099.Ovenbird/Ovenbird_0009_93395.jpg,dinov2,0.8765432098765432,0.8969957081545065,0.775672435760498,0.00390625,0.04393696039915085,0.20380261479591838
099.Ovenbird/Ovenbird_0084_92901.jpg,dinov2,0.5571428571428572,0.20448877805486285,0.7485050559043884,0.00390625,0.06239087134599686,0.08272879464285714
099.Ovenbird/Ovenbird_0099_93148.jpg,dinov2,0.7513812154696132,0.39664804469273746,0.7264072895050049,0.0205078125,0.0536358542740345,0.1484972895408163
099.Ovenbird/Ovenbird_0083_92561.jpg,dinov2,0.686046511627907,0.46701846965699206,0.7797646522521973,0.005859375,0.015711473301053047,0.16990194515306123
099.Ovenbird/Ovenbird_0094_92577.jpg,dinov2,0.5271317829457365,0.13572854291417166,0.7781752347946167,0.009765625,0.025219863280653954,0.06750239158163265
099.Ovenbird/Ovenbird_0126_92602.jpg,dinov2,0.5229885057471264,0.0,0.7982065677642822,0.0009765625,0.027578771114349365,0.09261399872448979
100.Brown_Pelican/Brown_Pelican_0102_93727.jpg,dinov2,0.2533783783783784,0.1720183486238532,0.8250106573104858,0.00390625,0.022883741185069084,0.07708864795918367
100.Brown_Pelican/Brown_Pelican_0110_93622.jpg,dinov2,0.6314553990610329,0.5822510822510822,0.7649952173233032,0.0,0.011426087468862534,0.2670200892857143
100.Brown_Pelican/Brown_Pelican_0097_93767.jpg,dinov2,0.488,0.2932692307692308,0.804810643196106,0.0,0.014174367301166058,0.1871611926020408
100.Brown_Pelican/Brown_Pelican_0095_94290.jpg,dinov2,0.4823943661971831,0.43492063492063493,0.8414329290390015,0.0,0.004033707082271576,0.13636001275510204
100.Brown_Pelican/Brown_Pelican_0073_94823.jpg,dinov2,0.291044776119403,0.17180616740088106,0.8169037103652954,0.0029296875,0.009211118333041668,0.0764907525510204
100.Brown_Pelican/Brown_Pelican_0003_94427.jpg,dinov2,0.5853658536585366,0.2962962962962963,0.7954185009002686,0.0,0.030432073399424553,0.16924426020408162
100.Brown_Pelican/Brown_Pelican_0049_94598.jpg,dinov2,0.4646840148698885,0.4340277777777778,0.8782158493995667,0.001953125,0.004760362673550844,0.11894132653061225
101.White_Pelican/White_Pelican_0066_95495.jpg,dinov2,0.25321100917431194,0.16953316953316952,0.7775206565856934,0.0009765625,0.060920681804418564,0.1377551020408163
101.White_Pelican/White_Pelican_0083_95840.jpg,dinov2,0.34474327628361856,0.3634020618556701,0.8037747144699097,0.009765625,0.034414906054735184,0.1379344706632653
102.Western_Wood_Pewee/Western_Wood_Pewee_0062_98123.jpg,dinov2,0.056016597510373446,0.0,0.8208125829696655,0.0,0.023054463788866997,0.02889827806122449
102.Western_Wood_Pewee/Western_Wood_Pewee_0017_795041.jpg,dinov2,0.544,0.3177570093457944,0.8026875257492065,0.015625,0.012707691639661789,0.13331074617346939
102.Western_Wood_Pewee/Western_Wood_Pewee_0073_795044.jpg,dinov2,0.6608187134502924,0.2703962703962704,0.8178853988647461,0.0126953125,0.015335790812969208,0.11501514668367346
102.Western_Wood_Pewee/Western_Wood_Pewee_0019_795046.jpg,dinov2,0.7014492753623188,0.41765704584040747,0.8283230066299438,0.0,0.02347373776137829,0.23887914540816327
102.Western_Wood_Pewee/Western_Wood_Pewee_0051_98206.jpg,dinov2,0.5691056910569106,0.0,0.7296615839004517,0.0087890625,0.06881120055913925,0.07033242984693877
103.Sayornis/Sayornis_0022_98308.jpg,dinov2,0.4161849710982659,0.1518987341772152,0.8211451172828674,0.0,0.011807063594460487,0.07174744897959184
103.Sayornis/Sayornis_0115_99335.jpg,dinov2,0.10305343511450382,0.0,0.8861067891120911,0.0,0.008927684277296066,0.028380102040816327
103.Sayornis/Sayornis_0080_98518.jpg,dinov2,0.6175298804780877,0.3817733990147783,0.8324031233787537,0.0,0.009249050170183182,0.1476203762755102
104.American_Pipit/American_Pipit_0010_99843.jpg,dinov2,0.2661290322580645,0.04984894259818731,0.7143322229385376,0.001953125,0.025526396930217743,0.035654496173469385
104.American_Pipit/American_Pipit_0072_99631.jpg,dinov2,0.4731182795698925,0.008787346221441126,0.7946011424064636,0.0068359375,0.05138213559985161,0.04496173469387755
104.American_Pipit/American_Pipit_0104_100147.jpg,dinov2,0.5789473684210527,0.022968197879858657,0.7936501502990723,0.013671875,0.0392598956823349,0.05707908163265306
104.American_Pipit/American_Pipit_0035_100181.jpg,dinov2,0.17307692307692307,0.06440071556350627,0.8046332597732544,0.0,0.01786757819354534,0.03728874362244898
104.American_Pipit/American_Pipit_0066_99961.jpg,dinov2,0.7236842105263158,0.7534246575342466,0.7081600427627563,0.00390625,0.07578641921281815,0.10728236607142858
104.American_Pipit/American_Pipit_0091_100276.jpg,dinov2,0.6515151515151515,0.1485148514851485,0.754368245601654,0.00390625,0.04495106637477875,0.08444276147959184
104.American_Pipit/American_Pipit_0041_100060.jpg,dinov2,0.4574468085106383,0.0957683741648107,0.7842214703559875,0.0146484375,0.028213508427143097,0.04047751913265306
105.Whip_poor_Will/Whip_Poor_Will_0028_796421.jpg,dinov2,0.7450980392156863,0.1956241956241956,0.7342014312744141,0.001953125,0.051755309104919434,0.15254304846938777
105.Whip_poor_Will/Whip_Poor_Will_0045_796422.jpg,dinov2,0.6792452830188679,0.33088235294117646,0.7955551147460938,0.0107421875,0.027980118989944458,0.17795360331632654
105.Whip_poor_Will/Whip_Poor_Will_0002_796427.jpg,dinov2,0.7355371900826446,0.3782696177062374,0.726850152015686,0.001953125,0.045505546033382416,0.19899952168367346
105.Whip_poor_Will/Whip_Poor_Will_0041_796428.jpg,dinov2,0.8442028985507246,0.8721804511278195,0.7896350026130676,0.0029296875,0.022532222792506218,0.22969148596938777
105.Whip_poor_Will/Whip_Poor_Will_0015_796435.jpg,dinov2,0.4602272727272727,0.14136125654450263,0.7462797164916992,0.0078125,0.02609620802104473,0.07900191326530612
105.Whip_poor_Will/Whip_Poor_Will_0027_796441.jpg,dinov2,0.6463414634146342,0.3258655804480652,0.8124063014984131,0.001953125,0.02534778229892254,0.15507413903061223
106.Horned_Puffin/Horned_Puffin_0050_100645.jpg,dinov2,0.3767123287671233,0.3548387096774194,0.8191347122192383,0.0078125,0.059305012226104736,0.1073421556122449
106.Horned_Puffin/Horned_Puffin_0075_100664.jpg,dinov2,0.325,0.0,0.8730306029319763,0.0,0.007374408654868603,0.06275908801020408
106.Horned_Puffin/Horned_Puffin_0073_100830.jpg,dinov2,0.2824427480916031,0.1048158640226629,0.8516525626182556,0.0166015625,0.014864127151668072,0.03479751275510204
107.Common_Raven/Common_Raven_0070_101896.jpg,dinov2,0.7360406091370558,0.0,0.7759565114974976,0.0087890625,0.022870458662509918,0.14084422831632654
107.Common_Raven/Common_Raven_0024_101394.jpg,dinov2,0.7195121951219512,0.7129909365558912,0.8157572746276855,0.0029296875,0.008696760050952435,0.2313855229591837
107.Common_Raven/Common_Raven_0107_101412.jpg,dinov2,0.6151685393258427,0.5967302452316077,0.7874958515167236,0.001953125,0.02105441875755787,0.21368781887755103
107.Common_Raven/Common_Raven_0075_102530.jpg,dinov2,0.4940239043824701,0.45588235294117646,0.8072260618209839,0.0048828125,0.05132022872567177,0.12007732780612244
107.Common_Raven/Common_Raven_0093_102058.jpg,dinov2,0.5902255639097744,0.6108949416342413,0.7974487543106079,0.0068359375,0.014093737117946148,0.1564094387755102
107.Common_Raven/Common_Raven_0129_102094.jpg,dinov2,0.8354037267080745,0.8328173374613003,0.7912114858627319,0.0029296875,0.029488105326890945,0.267398756377551
107.Common_Raven/Common_Raven_0018_101713.jpg,dinov2,0.7055837563451777,0.34303534303534305,0.751935601234436,0.0068359375,0.03951183706521988,0.16312579719387754
107.Common_Raven/Common_Raven_0015_101364.jpg,dinov2,0.6104651162790697,0.3620689655172414,0.7684730291366577,0.0,0.023648928850889206,0.2093829719387755
108.White_necked_Raven/White_Necked_Raven_0034_102598.jpg,dinov2,0.635593220338983,0.37815126050420167,0.8014895915985107,0.0107421875,0.0147677818313241,0.2235530931122449
108.White_necked_Raven/White_Necked_Raven_0037_102734.jpg,dinov2,0.08710801393728224,0.0,0.7690135836601257,0.0,0.03363722562789917,0.02716438137755102
108.White_necked_Raven/White_Necked_Raven_0029_797349.jpg,dinov2,0.4235294117647059,0.15319148936170213,0.8094971776008606,0.0,0.01933087594807148,0.06879783163265306
108.White_necked_Raven/White_Necked_Raven_0057_797358.jpg,dinov2,0.6771653543307087,0.2514792899408284,0.7261542081832886,0.0263671875,0.06057983636856079,0.08591757015306123
108.White_necked_Raven/White_Necked_Raven_0043_797363.jpg,dinov2,0.6729559748427673,0.6645962732919255,0.7683041095733643,0.009765625,0.03705932945013046,0.10447225765306123
108.White_necked_Raven/White_Necked_Raven_0060_797365.jpg,dinov2,0.8805194805194805,0.88,0.7982573509216309,0.0,0.02421896904706955,0.33816964285714285
108.White_necked_Raven/White_Necked_Raven_0064_797378.jpg,dinov2,0.2077922077922078,0.0,0.7681955099105835,0.005859375,0.0324113555252552,0.03099091198979592
108.White_necked_Raven/White_Necked_Raven_0070_102645.jpg,dinov2,0.7917981072555205,0.7763975155279503,0.7942314147949219,0.0048828125,0.033044006675481796,0.24045360331632654
109.American_Redstart/American_Redstart_0122_103102.jpg,dinov2,0.6082949308755761,0.2116564417177914,0.8049458265304565,0.0,0.008190527558326721,0.1347058354591837
109.American_Redstart/American_Redstart_0088_103892.jpg,dinov2,0.612565445026178,0.0,0.7736717462539673,0.005859375,0.029988542199134827,0.11495535714285714
110.Geococcyx/Geococcyx_0050_104506.jpg,dinov2,0.3684210526315789,0.0,0.7441151142120361,0.029296875,0.03585140034556389,0.08095503826530612
110.Geococcyx/Geococcyx_0137_104693.jpg,dinov2,0.7195945945945946,0.75,0.8038158416748047,0.0048828125,0.01739058457314968,0.20850605867346939
110.Geococcyx/Geococcyx_0033_104195.jpg,dinov2,0.688034188034188,0.005574136008918618,0.7636944055557251,0.0068359375,0.046638619154691696,0.15431680484693877
111.Loggerhead_Shrike/Loggerhead_Shrike_0059_106086.jpg,dinov2,0.24489795918367346,0.0,0.7615680694580078,0.0068359375,0.03035912849009037,0.037607621173469385
111.Loggerhead_Shrike/Loggerhead_Shrike_0118_105157.jpg,dinov2,0.8642857142857143,0.8491228070175438,0.7578121423721313,0.0,0.050231900066137314,0.23582987882653061
112.Great_Grey_Shrike/Great_Grey_Shrike_0048_106754.jpg,dinov2,0.22857142857142856,0.050955414012738856,0.8088669180870056,0.0,0.02412104234099388,0.026068239795918366
112.Great_Grey_Shrike/Great_Grey_Shrike_0039_797015.jpg,dinov2,0.6963350785340314,0.6785714285714286,0.8382596969604492,0.03515625,0.010816900990903378,0.12952407525510204
112.Great_Grey_Shrike/Great_Grey_Shrike_0010_797023.jpg,dinov2,0.4344569288389513,0.31607629427792916,0.838396430015564,0.001953125,0.012878891080617905,0.11792490433673469
112.Great_Grey_Shrike/Great_Grey_Shrike_0085_797037.jpg,dinov2,0.266304347826087,0.09898989898989899,0.8175455331802368,0.0087890625,0.0061867088079452515,0.051060267857142856
112.Great_Grey_Shrike/Great_Grey_Shrike_0062_106628.jpg,dinov2,0.5124555160142349,0.3444976076555024,0.7859169840812683,0.0087890625,0.011879554018378258,0.15220424107142858
113.Baird_Sparrow/Baird_Sparrow_0005_794565.jpg,dinov2,0.40160642570281124,0.2849002849002849,0.8234899044036865,0.0,0.009423315525054932,0.09879225127551021
113.Baird_Sparrow/Baird_Sparrow_0004_794568.jpg,dinov2,0.5670995670995671,0.0,0.7684234380722046,0.005859375,0.01717708446085453,0.1543566645408163
113.Baird_Sparrow/Baird_Sparrow_0015_794573.jpg,dinov2,0.7728531855955678,0.3994910941475827,0.7377136945724487,0.0,0.07500059902667999,0.30996890943877553
114.Black_throated_Sparrow/Black_Throated_Sparrow_0003_107035.jpg,dinov2,0.7272727272727273,0.7465753424657534,0.7606292963027954,0.0283203125,0.06146400049328804,0.11156728316326531
114.Black_throated_Sparrow/Black_Throated_Sparrow_0074_107113.jpg,dinov2,0.5594855305466238,0.5420560747663551,0.8255670070648193,0.0029296875,0.014009473845362663,0.16932397959183673
114.Black_throated_Sparrow/Black_Throated_Sparrow_0098_107138.jpg,dinov2,0.44505494505494503,0.14678899082568808,0.7048349380493164,0.015625,0.026655282825231552,0.08486128826530612
114.Black_throated_Sparrow/Black_Throated_Sparrow_0076_106995.jpg,dinov2,0.6887417218543046,0.1897810218978102,0.7642154693603516,0.0048828125,0.020747466012835503,0.09976881377551021
114.Black_throated_Sparrow/Black_Throated_Sparrow_0039_107259.jpg,dinov2,0.7857142857142857,0.8054298642533937,0.7662192583084106,0.005859375,0.09096263349056244,0.1745655293367347
115.Brewer_Sparrow/Brewer_Sparrow_0034_796693.jpg,dinov2,0.8125,0.711864406779661,0.6941176652908325,0.001953125,0.0561538003385067,0.16432158801020408
115.Brewer_Sparrow/Brewer_Sparrow_0044_796698.jpg,dinov2,0.13636363636363635,0.1103448275862069,0.8168408870697021,0.0,0.014372581616044044,0.04466278698979592
115.Brewer_Sparrow/Brewer_Sparrow_0010_796716.jpg,dinov2,0.8702830188679245,0.8851674641148325,0.8036167621612549,0.0,0.027377218008041382,0.3591159119897959
115.Brewer_Sparrow/Brewer_Sparrow_0024_107439.jpg,dinov2,0.7309236947791165,0.2784615384615385,0.7630348205566406,0.0107421875,0.04348132014274597,0.1954719387755102
115.Brewer_Sparrow/Brewer_Sparrow_0050_107460.jpg,dinov2,0.583756345177665,0.23228346456692914,0.81318199634552,0.0068359375,0.005946180783212185,0.1192203443877551
116.Chipping_Sparrow/Chipping_Sparrow_0096_109853.jpg,dinov2,0.7222222222222222,0.01060070671378092,0.8327984809875488,0.0,0.056477684527635574,0.10570790816326531
116.Chipping_Sparrow/Chipping_Sparrow_0022_107825.jpg,dinov2,0.18949771689497716,0.18043478260869567,0.8034481406211853,0.0,0.024716030806303024,0.07898198341836735
116.Chipping_Sparrow/Chipping_Sparrow_0052_109874.jpg,dinov2,0.8258064516129032,0.4888888888888889,0.8231959939002991,0.001953125,0.01372724212706089,0.25271045918367346
116.Chipping_Sparrow/Chipping_Sparrow_0062_110187.jpg,dinov2,0.3159722222222222,0.2765957446808511,0.7884123921394348,0.0029296875,0.01662471517920494,0.08892697704081633
116.Chipping_Sparrow/Chipping_Sparrow_0103_109529.jpg,dinov2,0.45161290322580644,0.14705882352941177,0.8171454668045044,0.0283203125,0.00896159652620554,0.07144850127551021
117.Clay_colored_Sparrow/Clay_Colored_Sparrow_0001_110632.jpg,dinov2,0.7,0.6242038216560509,0.7723937034606934,0.0009765625,0.09811923652887344,0.10208067602040816
117.Clay_colored_Sparrow/Clay_Colored_Sparrow_0048_110653.jpg,dinov2,0.234375,0.13043478260869565,0.7058941125869751,0.0107421875,0.05478249490261078,0.045818718112244895
117.Clay_colored_Sparrow/Clay_Colored_Sparrow_0094_797250.jpg,dinov2,0.7867435158501441,0.8005865102639296,0.8198660612106323,0.0,0.01621493510901928,0.2705875318877551
117.Clay_colored_Sparrow/Clay_Colored_Sparrow_0075_797251.jpg,dinov2,0.5668449197860963,0.19887429643527205,0.8095030784606934,0.0,0.023861268535256386,0.10678411989795919
117.Clay_colored_Sparrow/Clay_Colored_Sparrow_0068_110706.jpg,dinov2,0.6384615384615384,0.2939068100358423,0.7718650698661804,0.0087890625,0.059902727603912354,0.08695392219387756
117.Clay_colored_Sparrow/Clay_Colored_Sparrow_0073_110718.jpg,dinov2,0.8381877022653722,0.8235294117647058,0.7628722190856934,0.0078125,0.03752927854657173,0.2582509566326531
118.House_Sparrow/House_Sparrow_0125_111130.jpg,dinov2,0.6613756613756614,0.2703862660944206,0.8058199882507324,0.0087890625,0.02697553113102913,0.12418287627551021
118.House_Sparrow/House_Sparrow_0025_111669.jpg,dinov2,0.7183098591549296,0.01576872536136662,0.7675936222076416,0.0,0.0651048794388771,0.1512874681122449
118.House_Sparrow/House_Sparrow_0084_111300.jpg,dinov2,0.6343612334801763,0.21021897810218979,0.8152960538864136,0.021484375,0.012095593847334385,0.1390106823979592
118.House_Sparrow/House_Sparrow_0036_112847.jpg,dinov2,0.514792899408284,0.0,0.7740780115127563,0.0166015625,0.012192388996481895,0.0897640306122449
118.House_Sparrow/House_Sparrow_0015_111085.jpg,dinov2,0.6096256684491979,0.2222222222222222,0.7315490245819092,0.0029296875,0.05762239545583725,0.11631058673469388
118.House_Sparrow/House_Sparrow_0049_110976.jpg,dinov2,0.5928571428571429,0.18344519015659955,0.7724283933639526,0.0068359375,0.04567866027355194,0.08890704719387756
118.House_Sparrow/House_Sparrow_0098_111073.jpg,dinov2,0.14906832298136646,0.0,0.8402191400527954,0.0,0.023643653839826584,0.06732302295918367
119.Field_Sparrow/Field_Sparrow_0120_113953.jpg,dinov2,0.5316455696202531,0.04185022026431718,0.6875264048576355,0.005859375,0.03381601348519325,0.04127471301020408
119.Field_Sparrow/Field_Sparrow_0067_113448.jpg,dinov2,0.5742574257425742,0.13649025069637882,0.7786445617675781,0.0048828125,0.036518584936857224,0.05624202806122449
119.Field_Sparrow/Field_Sparrow_0129_113748.jpg,dinov2,0.7753623188405797,0.8,0.7461678385734558,0.05078125,0.05639218911528587,0.1104312818877551
119.Field_Sparrow/Field_Sparrow_0123_113847.jpg,dinov2,0.16103896103896104,0.02702702702702703,0.7417941689491272,0.009765625,0.033688098192214966,0.05943080357142857
119.Field_Sparrow/Field_Sparrow_0090_113613.jpg,dinov2,0.6649746192893401,0.0,0.7713912129402161,0.0029296875,0.02021854557096958,0.1326530612244898
120.Fox_Sparrow/Fox_Sparrow_0022_115248.jpg,dinov2,0.6728395061728395,0.32456140350877194,0.7610160708427429,0.0087890625,0.027721762657165527,0.10760124362244898
120.Fox_Sparrow/Fox_Sparrow_0083_114496.jpg,dinov2,0.7222222222222222,0.004032258064516129,0.746017575263977,0.009765625,0.05293620377779007,0.11071029974489796
121.Grasshopper_Sparrow/Grasshopper_Sparrow_0117_115983.jpg,dinov2,0.6778115501519757,0.4901098901098901,0.8271750807762146,0.0,0.007393973413854837,0.2180125956632653
121.Grasshopper_Sparrow/Grasshopper_Sparrow_0075_116260.jpg,dinov2,0.4339622641509434,0.0,0.7876924276351929,0.0,0.006392883136868477,0.044064891581632654
121.Grasshopper_Sparrow/Grasshopper_Sparrow_0082_116300.jpg,dinov2,0.2825112107623318,0.15217391304347827,0.8409993648529053,0.0,0.00612484710291028,0.062220982142857144
121.Grasshopper_Sparrow/Grasshopper_Sparrow_0116_116066.jpg,dinov2,0.812807881773399,0.7710280373831776,0.7229640483856201,0.0068359375,0.06899500638246536,0.17157605229591838
121.Grasshopper_Sparrow/Grasshopper_Sparrow_0049_115918.jpg,dinov2,0.6307692307692307,0.34024896265560167,0.8139234781265259,0.0,0.009040528908371925,0.16507892219387754
121.Grasshopper_Sparrow/Grasshopper_Sparrow_0051_115923.jpg,dinov2,0.3395061728395062,0.0,0.8340960741043091,0.009765625,0.00807769875973463,0.054607780612244895
122.Harris_Sparrow/Harris_Sparrow_0007_116484.jpg,dinov2,0.689119170984456,0.7150537634408602,0.775820255279541,0.0146484375,0.03649403154850006,0.13221460459183673
122.Harris_Sparrow/Harris_Sparrow_0004_116581.jpg,dinov2,0.3522727272727273,0.06224899598393574,0.7280830144882202,0.001953125,0.0626697912812233,0.03278459821428571
122.Harris_Sparrow/Harris_Sparrow_0045_116603.jpg,dinov2,0.7215686274509804,0.36507936507936506,0.7960236072540283,0.001953125,0.02090243622660637,0.18030532525510204
122.Harris_Sparrow/Harris_Sparrow_0059_116608.jpg,dinov2,0.7452830188679245,0.26421404682274247,0.7650113105773926,0.005859375,0.019549043849110603,0.1543566645408163
122.Harris_Sparrow/Harris_Sparrow_0067_116707.jpg,dinov2,0.7893175074183977,0.8054711246200608,0.8025614619255066,0.005859375,0.04029405117034912,0.2665218431122449
123.Henslow_Sparrow/Henslow_Sparrow_0043_116756.jpg,dinov2,0.5748031496062992,0.0457516339869281,0.649722695350647,0.01171875,0.05646122992038727,0.09231505102040816
123.Henslow_Sparrow/Henslow_Sparrow_0104_796541.jpg,dinov2,0.46715328467153283,0.32,0.8390167951583862,0.0009765625,0.006871126592159271,0.12244897959183673
123.Henslow_Sparrow/Henslow_Sparrow_0040_116882.jpg,dinov2,0.6235294117647059,0.2299349240780911,0.7687896490097046,0.0087890625,0.008991693146526814,0.10718271683673469
123.Henslow_Sparrow/Henslow_Sparrow_0013_796578.jpg,dinov2,0.7639257294429708,0.7626666666666667,0.7816210985183716,0.0078125,0.012801328673958778,0.290836256377551
123.Henslow_Sparrow/Henslow_Sparrow_0010_796600.jpg,dinov2,0.3902439024390244,0.23703703703703705,0.8241854906082153,0.0146484375,0.006670833565294743,0.09673947704081633
124.Le_Conte_Sparrow/Le_Conte_Sparrow_0050_795143.jpg,dinov2,0.73224043715847,0.24587155963302754,0.7585408687591553,0.001953125,0.03224574029445648,0.1277702487244898
124.Le_Conte_Sparrow/Le_Conte_Sparrow_0023_795156.jpg,dinov2,0.6379310344827587,0.48068669527896996,0.7877669334411621,0.0087890625,0.012605908326804638,0.11264349489795919
124.Le_Conte_Sparrow/Le_Conte_Sparrow_0086_795170.jpg,dinov2,0.8936170212765957,0.8295081967213115,0.8037049770355225,0.001953125,0.07811276614665985,0.25679607780612246
124.Le_Conte_Sparrow/Le_Conte_Sparrow_0013_795176.jpg,dinov2,0.7150837988826816,0.2866817155756208,0.796646237373352,0.0,0.016945872455835342,0.12458147321428571
124.Le_Conte_Sparrow/Le_Conte_Sparrow_0012_795211.jpg,dinov2,0.7382198952879581,0.7663043478260869,0.8255875706672668,0.0078125,0.019273733720183372,0.14156170280612246
124.Le_Conte_Sparrow/Le_Conte_Sparrow_0046_795227.jpg,dinov2,0.27586206896551724,0.0,0.7758457660675049,0.0009765625,0.02327200584113598,0.07260443239795919
125.Lincoln_Sparrow/Lincoln_Sparrow_0033_117303.jpg,dinov2,0.7515923566878981,0.18446601941747573,0.7167050242424011,0.0,0.029761619865894318,0.11645009566326531
125.Lincoln_Sparrow/Lincoln_Sparrow_0017_117432.jpg,dinov2,0.37551020408163266,0.336996336996337,0.746492862701416,0.009765625,0.03613857924938202,0.09303252551020408
125.Lincoln_Sparrow/Lincoln_Sparrow_0099_117482.jpg,dinov2,0.5943396226415094,0.0,0.7915452718734741,0.0,0.03285922110080719,0.11720742984693877
125.Lincoln_Sparrow/Lincoln_Sparrow_0055_117506.jpg,dinov2,0.6642335766423357,0.56,0.7426074743270874,0.00390625,0.02257009595632553,0.17458545918367346
125.Lincoln_Sparrow/Lincoln_Sparrow_0052_117521.jpg,dinov2,0.7189189189189189,0.0,0.7481369972229004,0.0146484375,0.028088480234146118,0.1309390943877551
125.Lincoln_Sparrow/Lincoln_Sparrow_0045_117547.jpg,dinov2,0.708029197080292,0.03197674418604651,0.7081546783447266,0.0009765625,0.05797658488154411,0.10459183673469388
126.Nelson_Sharp_tailed_Sparrow/Nelson_Sharp_Tailed_Sparrow_0044_796932.jpg,dinov2,0.7037037037037037,0.6712962962962963,0.7425885200500488,0.0068359375,0.04587632790207863,0.17891023596938777
126.Nelson_Sharp_tailed_Sparrow/Nelson_Sharp_Tailed_Sparrow_0035_796924.jpg,dinov2,0.645933014354067,0.5230769230769231,0.7776249647140503,0.01171875,0.03022531233727932,0.1315967793367347
126.Nelson_Sharp_tailed_Sparrow/Nelson_Sharp_Tailed_Sparrow_0070_796925.jpg,dinov2,0.6502463054187192,0.6683417085427136,0.7742332220077515,0.0166015625,0.029266005381941795,0.13554288903061223
127.Savannah_Sparrow/Savannah_Sparrow_0048_120321.jpg,dinov2,0.654320987654321,0.23820224719101124,0.7597271800041199,0.009765625,0.025540458038449287,0.10453204719387756
127.Savannah_Sparrow/Savannah_Sparrow_0131_119946.jpg,dinov2,0.6175298804780877,0.3621495327102804,0.8413664102554321,0.0,0.008327274583280087,0.15204480229591838
127.Savannah_Sparrow/Savannah_Sparrow_0139_119444.jpg,dinov2,0.4013605442176871,0.13228699551569506,0.808163046836853,0.0,0.01611034944653511,0.05630181760204082
127.Savannah_Sparrow/Savannah_Sparrow_0035_120099.jpg,dinov2,0.6690647482014388,0.24538258575197888,0.8149707913398743,0.0029296875,0.04489423707127571,0.09434789540816327
127.Savannah_Sparrow/Savannah_Sparrow_0051_118574.jpg,dinov2,0.5076923076923077,0.15034168564920272,0.7652873396873474,0.0068359375,0.04817136004567146,0.06513073979591837
127.Savannah_Sparrow/Savannah_Sparrow_0135_119620.jpg,dinov2,0.36,0.0,0.8292441964149475,0.0,0.015656568109989166,0.05347177933673469
127.Savannah_Sparrow/Savannah_Sparrow_0095_119670.jpg,dinov2,0.5845410628019324,0.34277620396600567,0.8126196265220642,0.0,0.01006853487342596,0.11818399234693877
127.Savannah_Sparrow/Savannah_Sparrow_0019_118200.jpg,dinov2,0.650887573964497,0.0,0.827439546585083,0.009765625,0.03226841241121292,0.10447225765306123
127.Savannah_Sparrow/Savannah_Sparrow_0093_118267.jpg,dinov2,0.5698324022346368,0.504950495049505,0.8246206045150757,0.01171875,0.007232199423015118,0.10042649872448979
128.Seaside_Sparrow/Seaside_Sparrow_0052_796498.jpg,dinov2,0.6820512820512821,0.48363636363636364,0.7487550973892212,0.005859375,0.02550773322582245,0.1340282206632653
128.Seaside_Sparrow/Seaside_Sparrow_0065_796504.jpg,dinov2,0.5823529411764706,0.026984126984126985,0.7360070943832397,0.0087890625,0.03037911094725132,0.11684869260204081
128.Seaside_Sparrow/Seaside_Sparrow_0033_796506.jpg,dinov2,0.7379679144385026,0.7263157894736842,0.7670997381210327,0.00390625,0.0323147214949131,0.14048549107142858
128.Seaside_Sparrow/Seaside_Sparrow_0068_796515.jpg,dinov2,0.30357142857142855,0.05326460481099656,0.7468897104263306,0.0048828125,0.02534409426152706,0.034478635204081634
128.Seaside_Sparrow/Seaside_Sparrow_0037_796531.jpg,dinov2,0.8205128205128205,0.8333333333333334,0.7671636939048767,0.0068359375,0.03779487684369087,0.23405612244897958
128.Seaside_Sparrow/Seaside_Sparrow_0059_120794.jpg,dinov2,0.5583333333333333,0.0,0.7337976694107056,0.00390625,0.0430927574634552,0.06911670918367346
128.Seaside_Sparrow/Seaside_Sparrow_0069_120700.jpg,dinov2,0.49700598802395207,0.4678362573099415,0.738955557346344,0.005859375,0.034475237131118774,0.1162109375
128.Seaside_Sparrow/Seaside_Sparrow_0029_120828.jpg,dinov2,0.48905109489051096,0.15187713310580206,0.6925796270370483,0.00390625,0.058830730617046356,0.08717315051020408
129.Song_Sparrow/Song_Sparrow_0009_121025.jpg,dinov2,0.6371681415929203,0.31788079470198677,0.8075904846191406,0.001953125,0.014614619314670563,0.14247847576530612
129.Song_Sparrow/Song_Sparrow_0080_121033.jpg,dinov2,0.4807692307692308,0.11027568922305764,0.7913396954536438,0.0107421875,0.019864100962877274,0.0517578125
129.Song_Sparrow/Song_Sparrow_0037_121078.jpg,dinov2,0.4875444839857651,0.3477157360406091,0.8076800107955933,0.005859375,0.007342458236962557,0.14341517857142858
129.Song_Sparrow/Song_Sparrow_0096_121313.jpg,dinov2,0.556390977443609,0.12054329371816638,0.8228873014450073,0.009765625,0.024384088814258575,0.07569355867346939
129.Song_Sparrow/Song_Sparrow_0108_121327.jpg,dinov2,0.7065217391304348,0.5508474576271186,0.7794005870819092,0.0029296875,0.06052568182349205,0.13313137755102042
130.Tree_Sparrow/Tree_Sparrow_0042_124512.jpg,dinov2,0.7684729064039408,0.49363057324840764,0.7742344737052917,0.00390625,0.011657203547656536,0.15286192602040816
130.Tree_Sparrow/Tree_Sparrow_0015_125105.jpg,dinov2,0.7657142857142857,0.7514450867052023,0.7378795146942139,0.00390625,0.0439043864607811,0.14104352678571427
130.Tree_Sparrow/Tree_Sparrow_0058_123591.jpg,dinov2,0.5369127516778524,0.30206378986866794,0.7801887392997742,0.0,0.013202108442783356,0.15666852678571427
130.Tree_Sparrow/Tree_Sparrow_0068_125230.jpg,dinov2,0.652027027027027,0.46618357487922707,0.8001809120178223,0.0029296875,0.029761992394924164,0.19013073979591838
130.Tree_Sparrow/Tree_Sparrow_0073_123871.jpg,dinov2,0.5773195876288659,0.0,0.7847838997840881,0.00390625,0.051233526319265366,0.10857780612244898
131.Vesper_Sparrow/Vesper_Sparrow_0083_125718.jpg,dinov2,0.6714975845410628,0.24866785079928952,0.7759535312652588,0.005859375,0.027726132422685623,0.13749601403061223
131.Vesper_Sparrow/Vesper_Sparrow_0023_125465.jpg,dinov2,0.5339805825242718,0.22,0.8258851766586304,0.0029296875,0.00968676246702671,0.10899633290816327
131.Vesper_Sparrow/Vesper_Sparrow_0004_125787.jpg,dinov2,0.5757575757575758,0.2878787878787879,0.8002533316612244,0.0263671875,0.007220071274787188,0.1326530612244898
131.Vesper_Sparrow/Vesper_Sparrow_0058_125661.jpg,dinov2,0.49224806201550386,0.3713450292397661,0.8331736326217651,0.0390625,0.00992502924054861,0.12950414540816327
131.Vesper_Sparrow/Vesper_Sparrow_0030_125663.jpg,dinov2,0.13653136531365315,0.09840425531914894,0.8425474166870117,0.0,0.010662736371159554,0.03842474489795918
131.Vesper_Sparrow/Vesper_Sparrow_0003_125427.jpg,dinov2,0.5301204819277109,0.09255079006772009,0.7340253591537476,0.0029296875,0.13266412913799286,0.04900749362244898
131.Vesper_Sparrow/Vesper_Sparrow_0067_125429.jpg,dinov2,0.41721854304635764,0.15,0.8016921281814575,0.0087890625,0.01204545609652996,0.06676498724489796
132.White_crowned_Sparrow/White_Crowned_Sparrow_0047_127575.jpg,dinov2,0.6481994459833795,0.3110236220472441,0.7756957411766052,0.0,0.049622274935245514,0.23596938775510204
132.White_crowned_Sparrow/White_Crowned_Sparrow_0098_127019.jpg,dinov2,0.670995670995671,0.301556420233463,0.8252604007720947,0.0048828125,0.012315642088651657,0.1505500637755102
132.White_crowned_Sparrow/White_Crowned_Sparrow_0093_126531.jpg,dinov2,0.4421052631578947,0.0,0.7765474319458008,0.0,0.07283942401409149,0.04538026147959184
132.White_crowned_Sparrow/White_Crowned_Sparrow_0102_127708.jpg,dinov2,0.2708333333333333,0.2152317880794702,0.8472640514373779,0.0068359375,0.00991165079176426,0.06283880739795919
132.White_crowned_Sparrow/White_Crowned_Sparrow_0054_126068.jpg,dinov2,0.7923076923076923,0.7953667953667953,0.8033509850502014,0.00390625,0.016839586198329926,0.20184948979591838
132.White_crowned_Sparrow/White_Crowned_Sparrow_0049_128311.jpg,dinov2,0.757396449704142,0.34408602150537637,0.7619372606277466,0.0185546875,0.05002425238490105,0.12585698341836735
132.White_crowned_Sparrow/White_Crowned_Sparrow_0044_127386.jpg,dinov2,0.7890909090909091,0.7833935018050542,0.7405080795288086,0.00390625,0.03321494162082672,0.21498325892857142
132.White_crowned_Sparrow/White_Crowned_Sparrow_0031_126457.jpg,dinov2,0.7870370370370371,0.7906976744186046,0.7590804100036621,0.00390625,0.06373565644025803,0.17532286352040816
133.White_throated_Sparrow/White_Throated_Sparrow_0078_129041.jpg,dinov2,0.7967741935483871,0.8439716312056738,0.780670166015625,0.0,0.033305130898952484,0.24842554209183673
133.White_throated_Sparrow/White_Throated_Sparrow_0107_129046.jpg,dinov2,0.6746987951807228,0.6787878787878788,0.7159608602523804,0.009765625,0.04615814611315727,0.11987802933673469
133.White_throated_Sparrow/White_Throated_Sparrow_0082_129048.jpg,dinov2,0.8645833333333334,0.868421052631579,0.7501709461212158,0.0029296875,0.048334237188100815,0.15816326530612246
133.White_throated_Sparrow/White_Throated_Sparrow_0014_129148.jpg,dinov2,0.8034188034188035,0.834319526627219,0.8011659383773804,0.0,0.012024948373436928,0.27774234693877553
133.White_throated_Sparrow/White_Throated_Sparrow_0132_128833.jpg,dinov2,0.35135135135135137,0.14325068870523416,0.7758674025535583,0.0068359375,0.02937469817698002,0.05098054846938776
133.White_throated_Sparrow/White_Throated_Sparrow_0038_128853.jpg,dinov2,0.3597122302158273,0.14124293785310735,0.8357889652252197,0.0146484375,0.00607916759327054,0.05255500637755102
133.White_throated_Sparrow/White_Throated_Sparrow_0007_128918.jpg,dinov2,0.5877192982456141,0.021885521885521887,0.7535767555236816,0.0029296875,0.04492850974202156,0.06253985969387756
133.White_throated_Sparrow/White_Throated_Sparrow_0047_129014.jpg,dinov2,0.8300653594771242,0.5100401606425703,0.732211172580719,0.0048828125,0.08616873621940613,0.12400350765306123
133.White_throated_Sparrow/White_Throated_Sparrow_0033_129016.jpg,dinov2,0.712,0.007067137809187279,0.7448824644088745,0.0068359375,0.02598368003964424,0.09301259566326531
134.Cape_Glossy_Starling/Cape_Glossy_Starling_0002_129310.jpg,dinov2,0.6534090909090909,0.6647398843930635,0.7616094350814819,0.0009765625,0.05313628539443016,0.11623086734693877
134.Cape_Glossy_Starling/Cape_Glossy_Starling_0025_129341.jpg,dinov2,0.6228070175438597,0.3242009132420091,0.8071649074554443,0.00390625,0.00879791472107172,0.13905054209183673
134.Cape_Glossy_Starling/Cape_Glossy_Starling_0098_129365.jpg,dinov2,0.68359375,0.7142857142857143,0.8209316730499268,0.01171875,0.012054071761667728,0.16944355867346939
134.Cape_Glossy_Starling/Cape_Glossy_Starling_0079_129399.jpg,dinov2,0.5446428571428571,0.5350877192982456,0.7540011405944824,0.025390625,0.05881400406360626,0.1194595025510204
134.Cape_Glossy_Starling/Cape_Glossy_Starling_0099_129412.jpg,dinov2,0.7485714285714286,0.21906354515050167,0.7840911746025085,0.0068359375,0.03431782126426697,0.13245376275510204
134.Cape_Glossy_Starling/Cape_Glossy_Starling_0062_129254.jpg,dinov2,0.6309523809523809,0.14620689655172414,0.7635171413421631,0.009765625,0.04112997651100159,0.10216039540816327
135.Bank_Swallow/Bank_Swallow_0013_129563.jpg,dinov2,0.41106719367588934,0.3161094224924012,0.8444046974182129,0.0,0.008561721071600914,0.10321667729591837
135.Bank_Swallow/Bank_Swallow_0029_129751.jpg,dinov2,0.5752212389380531,0.3132530120481928,0.7981719374656677,0.009765625,0.021415211260318756,0.1259765625
135.Bank_Swallow/Bank_Swallow_0047_129520.jpg,dinov2,0.6061643835616438,0.0,0.8436770439147949,0.0,0.02663855254650116,0.17243303571428573
136.Barn_Swallow/Barn_Swallow_0034_130099.jpg,dinov2,0.6390243902439025,0.29638009049773756,0.8037266135215759,0.001953125,0.014073961414396763,0.12541852678571427
136.Barn_Swallow/Barn_Swallow_0014_130403.jpg,dinov2,0.6009852216748769,0.3398328690807799,0.8213448524475098,0.0087890625,0.014248352497816086,0.11866230867346939
136.Barn_Swallow/Barn_Swallow_0062_132755.jpg,dinov2,0.30526315789473685,0.1157684630738523,0.7655242681503296,0.009765625,0.016362519934773445,0.061244419642857144
136.Barn_Swallow/Barn_Swallow_0023_130325.jpg,dinov2,0.34838709677419355,0.3076923076923077,0.8114718794822693,0.0029296875,0.011659584939479828,0.11204559948979592
136.Barn_Swallow/Barn_Swallow_0072_130474.jpg,dinov2,0.7268722466960352,0.30783582089552236,0.802053689956665,0.0078125,0.015885286033153534,0.1648796237244898
136.Barn_Swallow/Barn_Swallow_0029_132832.jpg,dinov2,0.6071428571428571,0.0,0.7868063449859619,0.0,0.01648171991109848,0.16776945153061223
136.Barn_Swallow/Barn_Swallow_0080_131829.jpg,dinov2,0.4745762711864407,0.09811320754716982,0.7913835048675537,0.0078125,0.022378230467438698,0.0545280612244898
136.Barn_Swallow/Barn_Swallow_0019_130555.jpg,dinov2,0.31958762886597936,0.16230366492146597,0.7747074961662292,0.001953125,0.011013883166015148,0.06156329719387755
137.Cliff_Swallow/Cliff_Swallow_0012_133527.jpg,dinov2,0.8627450980392157,0.8585365853658536,0.8177981376647949,0.005859375,0.02247709594666958,0.3469786352040816
137.Cliff_Swallow/Cliff_Swallow_0084_133974.jpg,dinov2,0.16115702479338842,0.11470588235294117,0.8466230034828186,0.0,0.006477705668658018,0.03902264030612245
137.Cliff_Swallow/Cliff_Swallow_0100_133665.jpg,dinov2,0.8256227758007118,0.6363636363636364,0.7840547561645508,0.0,0.048103589564561844,0.2306281887755102
137.Cliff_Swallow/Cliff_Swallow_0013_133169.jpg,dinov2,0.6111111111111112,0.5701219512195121,0.8169517517089844,0.0078125,0.006455021910369396,0.18311543367346939
137.Cliff_Swallow/Cliff_Swallow_0038_133701.jpg,dinov2,0.5799256505576208,0.41823056300268097,0.8435824513435364,0.0107421875,0.007320729549974203,0.15058992346938777
137.Cliff_Swallow/Cliff_Swallow_0060_133280.jpg,dinov2,0.8742138364779874,0.8698347107438017,0.8190287947654724,0.0009765625,0.006977379787713289,0.4053531568877551
137.Cliff_Swallow/Cliff_Swallow_0083_133771.jpg,dinov2,0.7929292929292929,0.7864077669902912,0.8234653472900391,0.0029296875,0.011130749247968197,0.30929129464285715
138.Tree_Swallow/Tree_Swallow_0082_135006.jpg,dinov2,0.488,0.3185378590078329,0.8349151611328125,0.0068359375,0.008708732202649117,0.12087452168367346
138.Tree_Swallow/Tree_Swallow_0066_135788.jpg,dinov2,0.36609336609336607,0.29740518962075846,0.7971444725990295,0.0,0.012337513267993927,0.14694276147959184
138.Tree_Swallow/Tree_Swallow_0039_135038.jpg,dinov2,0.3639344262295082,0.3041095890410959,0.8572255373001099,0.0,0.008827641606330872,0.11172672193877552
138.Tree_Swallow/Tree_Swallow_0020_136587.jpg,dinov2,0.6370967741935484,0.3319327731092437,0.8453078269958496,0.0,0.006815935019403696,0.1530811543367347
139.Scarlet_Tanager/Scarlet_Tanager_0050_137874.jpg,dinov2,0.6433566433566433,0.006702412868632708,0.71062171459198,0.037109375,0.0578300766646862,0.08902662627551021
139.Scarlet_Tanager/Scarlet_Tanager_0008_137607.jpg,dinov2,0.7509433962264151,0.35985533453887886,0.7902231216430664,0.0078125,0.015560019761323929,0.1880779655612245
139.Scarlet_Tanager/Scarlet_Tanager_0025_138712.jpg,dinov2,0.6017699115044248,0.21587301587301588,0.7558919191360474,0.005859375,0.025669369846582413,0.06712372448979592
139.Scarlet_Tanager/Scarlet_Tanager_0097_137717.jpg,dinov2,0.5427509293680297,0.34515366430260047,0.802526593208313,0.001953125,0.019671587273478508,0.13801419005102042
140.Summer_Tanager/Summer_Tanager_0103_139267.jpg,dinov2,0.6219512195121951,0.03505535055350553,0.7439285516738892,0.0078125,0.03732429817318916,0.1103515625
140.Summer_Tanager/Summer_Tanager_0052_139804.jpg,dinov2,0.6464646464646465,0.0,0.760345995426178,0.0107421875,0.034997448325157166,0.06297831632653061
140.Summer_Tanager/Summer_Tanager_0127_139297.jpg,dinov2,0.5,0.0,0.7966397404670715,0.0,0.0266150813549757,0.07696906887755102
140.Summer_Tanager/Summer_Tanager_0062_140633.jpg,dinov2,0.7149122807017544,0.46175637393767704,0.7995996475219727,0.083984375,0.024835903197526932,0.1573062818877551
140.Summer_Tanager/Summer_Tanager_0069_139941.jpg,dinov2,0.3173913043478261,0.24172185430463577,0.8545222282409668,0.0,0.008601383306086063,0.07126913265306123
140.Summer_Tanager/Summer_Tanager_0070_137714.jpg,dinov2,0.8636363636363636,0.8482142857142857,0.7660813331604004,0.0,0.046624742448329926,0.28146922831632654
141.Artic_Tern/Artic_Tern_0093_141880.jpg,dinov2,0.7584269662921348,0.7377049180327869,0.7799386382102966,0.0,0.014623005874454975,0.26331313775510207
141.Artic_Tern/Artic_Tern_0014_141716.jpg,dinov2,0.7647058823529411,0.0,0.7327462434768677,0.0009765625,0.054405808448791504,0.11529416454081633
142.Black_Tern/Black_Tern_0107_144661.jpg,dinov2,0.42105263157894735,0.44171779141104295,0.7670091390609741,0.0078125,0.01348224189132452,0.08011798469387756
142.Black_Tern/Black_Tern_0102_144344.jpg,dinov2,0.3588516746411483,0.3768844221105528,0.8776960968971252,0.0,0.003478566650301218,0.07354113520408163
142.Black_Tern/Black_Tern_0012_144091.jpg,dinov2,0.5779467680608364,0.31275720164609055,0.831336259841919,0.001953125,0.010623564012348652,0.1525829081632653
143.Caspian_Tern/Caspian_Tern_0010_145667.jpg,dinov2,0.3910891089108911,0.13620689655172413,0.8540831208229065,0.0048828125,0.0028610408771783113,0.07268415178571429
143.Caspian_Tern/Caspian_Tern_0048_145672.jpg,dinov2,0.4108527131782946,0.3940520446096654,0.871580958366394,0.0,0.004274711478501558,0.10991310586734694
143.Caspian_Tern/Caspian_Tern_0022_144922.jpg,dinov2,0.3681592039800995,0.2364217252396166,0.8675777912139893,0.0107421875,0.003450003219768405,0.07374043367346939
143.Caspian_Tern/Caspian_Tern_0058_145886.jpg,dinov2,0.3543046357615894,0.2801047120418848,0.8137170076370239,0.0029296875,0.03296570107340813,0.09801498724489796
143.Caspian_Tern/Caspian_Tern_0014_145640.jpg,dinov2,0.44280442804428044,0.45454545454545453,0.8205499053001404,0.0,0.004029641859233379,0.1155532525510204
144.Common_Tern/Common_Tern_0045_150067.jpg,dinov2,0.4870689655172414,0.27163461538461536,0.8096729516983032,0.001953125,0.008456356823444366,0.11248405612244898
144.Common_Tern/Common_Tern_0092_147779.jpg,dinov2,0.44329896907216493,0.24157303370786518,0.8165479302406311,0.0068359375,0.0028219192754477262,0.0787826849489796
144.Common_Tern/Common_Tern_0108_149672.jpg,dinov2,0.3386243386243386,0.13473684210526315,0.847355842590332,0.001953125,0.004238072317093611,0.06309789540816327
144.Common_Tern/Common_Tern_0044_148680.jpg,dinov2,0.5962732919254659,0.18860510805500982,0.7646076679229736,0.0,0.027579113841056824,0.09857302295918367
144.Common_Tern/Common_Tern_0047_149195.jpg,dinov2,0.6045627376425855,0.6625,0.8028120398521423,0.0,0.007267986889928579,0.15692761479591838
145.Elegant_Tern/Elegant_Tern_0060_150837.jpg,dinov2,0.4430379746835443,0.0,0.782637357711792,0.0009765625,0.030906304717063904,0.09640066964285714
145.Elegant_Tern/Elegant_Tern_0033_150687.jpg,dinov2,0.3333333333333333,0.05650684931506849,0.8071328401565552,0.0126953125,0.04172230511903763,0.03437898596938776
145.Elegant_Tern/Elegant_Tern_0079_150953.jpg,dinov2,0.46,0.4151624548736462,0.8468085527420044,0.0,0.003483791137114167,0.1129623724489796
145.Elegant_Tern/Elegant_Tern_0044_150946.jpg,dinov2,0.586046511627907,0.5806451612903226,0.7793747186660767,0.0087890625,0.024400994181632996,0.12577726403061223
145.Elegant_Tern/Elegant_Tern_0035_150744.jpg,dinov2,0.35864978902953587,0.3373015873015873,0.896895706653595,0.0,0.0035712793469429016,0.0843032525510204
146.Forsters_Tern/Forsters_Tern_0098_151258.jpg,dinov2,0.3,0.027210884353741496,0.8033814430236816,0.005859375,0.05373138189315796,0.04225127551020408
146.Forsters_Tern/Forsters_Tern_0076_151330.jpg,dinov2,0.5522388059701493,0.4900662251655629,0.8537811040878296,0.00390625,0.002000243868678808,0.14142219387755103
146.Forsters_Tern/Forsters_Tern_0071_152142.jpg,dinov2,0.5384615384615384,0.0,0.79137122631073,0.0146484375,0.024449177086353302,0.10214046556122448
146.Forsters_Tern/Forsters_Tern_0049_151631.jpg,dinov2,0.475,0.46503496503496505,0.8624805212020874,0.0,0.0028701266273856163,0.12765066964285715
146.Forsters_Tern/Forsters_Tern_0065_152206.jpg,dinov2,0.2493573264781491,0.2255813953488372,0.8031206130981445,0.0,0.020179057493805885,0.09566326530612244
146.Forsters_Tern/Forsters_Tern_0086_152738.jpg,dinov2,0.4625,0.45121951219512196,0.7867926955223083,0.033203125,0.013878545723855495,0.07378029336734694
146.Forsters_Tern/Forsters_Tern_0029_151228.jpg,dinov2,0.5028571428571429,0.09375,0.7903071641921997,0.091796875,0.0312302615493536,0.08571827168367346
147.Least_Tern/Least_Tern_0128_153732.jpg,dinov2,0.4186046511627907,0.14814814814814814,0.7888137698173523,0.0,0.015576488338410854,0.07928093112244898
147.Least_Tern/Least_Tern_0028_153781.jpg,dinov2,0.6446700507614214,0.24470134874759153,0.8079068064689636,0.0009765625,0.03096919320523739,0.12085459183673469
147.Least_Tern/Least_Tern_0089_152912.jpg,dinov2,0.572347266881029,0.3912087912087912,0.8403444290161133,0.0,0.008761206641793251,0.16745057397959184
148.Green_tailed_Towhee/Green_Tailed_Towhee_0109_797440.jpg,dinov2,0.5071090047393365,0.2729591836734694,0.7724956274032593,0.01953125,0.02099038101732731,0.11202566964285714
148.Green_tailed_Towhee/Green_Tailed_Towhee_0100_154966.jpg,dinov2,0.7577092511013216,0.7713004484304933,0.75422602891922,0.0087890625,0.03643328323960304,0.1688655931122449
148.Green_tailed_Towhee/Green_Tailed_Towhee_0047_154776.jpg,dinov2,0.7025316455696202,0.7708333333333334,0.7211250066757202,0.0048828125,0.03698401898145676,0.11358019770408163
148.Green_tailed_Towhee/Green_Tailed_Towhee_0085_154822.jpg,dinov2,0.6218905472636815,0.0,0.7816268801689148,0.0078125,0.016686396673321724,0.12667410714285715
148.Green_tailed_Towhee/Green_Tailed_Towhee_0082_797395.jpg,dinov2,0.7042801556420234,0.7418032786885246,0.7406530380249023,0.0146484375,0.0614180825650692,0.17629942602040816
149.Brown_Thrasher/Brown_Thrasher_0015_155165.jpg,dinov2,0.4892086330935252,0.0,0.7987802028656006,0.009765625,0.021231945604085922,0.06760204081632654
149.Brown_Thrasher/Brown_Thrasher_0024_155363.jpg,dinov2,0.5255102040816326,0.1407103825136612,0.7325318455696106,0.001953125,0.03339410573244095,0.10825892857142858
149.Brown_Thrasher/Brown_Thrasher_0096_155412.jpg,dinov2,0.4375,0.22852233676975944,0.7631815671920776,0.0205078125,0.021134410053491592,0.13018176020408162
149.Brown_Thrasher/Brown_Thrasher_0092_155415.jpg,dinov2,0.4658385093167702,0.4,0.8422146439552307,0.0,0.010309849865734577,0.1494937818877551
149.Brown_Thrasher/Brown_Thrasher_0056_155048.jpg,dinov2,0.6654676258992805,0.3291814946619217,0.7692530751228333,0.0068359375,0.023278482258319855,0.19188456632653061
150.Sage_Thrasher/Sage_Thrasher_0029_796459.jpg,dinov2,0.5253456221198156,0.0,0.7868149280548096,0.013671875,0.014793658629059792,0.1116470025510204
150.Sage_Thrasher/Sage_Thrasher_0057_155488.jpg,dinov2,0.7979274611398963,0.7927461139896373,0.7839294672012329,0.0166015625,0.06358486413955688,0.16083386479591838
150.Sage_Thrasher/Sage_Thrasher_0073_155614.jpg,dinov2,0.5735294117647058,0.1969309462915601,0.7866539359092712,0.0146484375,0.02964145876467228,0.07601243622448979
151.Black_capped_Vireo/Black_Capped_Vireo_0051_797456.jpg,dinov2,0.7698412698412699,0.002188183807439825,0.7907673120498657,0.021484375,0.0420343317091465,0.1997967155612245
151.Black_capped_Vireo/Black_Capped_Vireo_0038_797465.jpg,dinov2,0.7486910994764397,0.344578313253012,0.7208875417709351,0.0009765625,0.03916165232658386,0.1429169323979592
151.Black_capped_Vireo/Black_Capped_Vireo_0033_797474.jpg,dinov2,0.2462686567164179,0.019662921348314606,0.7423704862594604,0.00390625,0.09026703238487244,0.037966358418367346
152.Blue_headed_Vireo/Blue_Headed_Vireo_0058_156261.jpg,dinov2,0.5913978494623656,0.375,0.8066087961196899,0.009765625,0.010200642049312592,0.12788982780612246
152.Blue_headed_Vireo/Blue_Headed_Vireo_0103_156382.jpg,dinov2,0.5588235294117647,0.17272727272727273,0.7872228622436523,0.0048828125,0.029432140290737152,0.07736766581632654
153.Philadelphia_Vireo/Philadelphia_Vireo_0060_156555.jpg,dinov2,0.7486631016042781,0.693069306930693,0.8262009620666504,0.0107421875,0.01887311227619648,0.13807397959183673
153.Philadelphia_Vireo/Philadelphia_Vireo_0028_156510.jpg,dinov2,0.7624309392265194,0.007874015748031496,0.7687901854515076,0.00390625,0.03756109997630119,0.13420758928571427
153.Philadelphia_Vireo/Philadelphia_Vireo_0038_794759.jpg,dinov2,0.6212624584717608,0.43287037037037035,0.7802497148513794,0.0,0.015354798175394535,0.17861128826530612
153.Philadelphia_Vireo/Philadelphia_Vireo_0027_156585.jpg,dinov2,0.7879656160458453,0.8017492711370262,0.8276470899581909,0.0068359375,0.012979934923350811,0.2895607461734694
153.Philadelphia_Vireo/Philadelphia_Vireo_0035_156596.jpg,dinov2,0.20412844036697247,0.1973392461197339,0.7484406232833862,0.009765625,0.018578996881842613,0.09307238520408163
153.Philadelphia_Vireo/Philadelphia_Vireo_0058_156558.jpg,dinov2,0.6604938271604939,0.28211586901763225,0.7166745066642761,0.0166015625,0.02855563350021839,0.11487563775510204
153.Philadelphia_Vireo/Philadelphia_Vireo_0020_156663.jpg,dinov2,0.36764705882352944,0.15575620767494355,0.7948890328407288,0.0068359375,0.02519468404352665,0.07007334183673469
154.Red_eyed_Vireo/Red_Eyed_Vireo_0132_156686.jpg,dinov2,0.7777777777777778,0.45901639344262296,0.7787952423095703,0.05859375,0.025298194959759712,0.13643973214285715
154.Red_eyed_Vireo/Red_Eyed_Vireo_0004_157224.jpg,dinov2,0.6578947368421053,0.1890359168241966,0.7224215269088745,0.005859375,0.03123924881219864,0.09763632015306123
154.Red_eyed_Vireo/Red_Eyed_Vireo_0026_156751.jpg,dinov2,0.4797979797979798,0.2079646017699115,0.7713835835456848,0.01171875,0.02998257800936699,0.09444754464285714
154.Red_eyed_Vireo/Red_Eyed_Vireo_0129_156781.jpg,dinov2,0.6049382716049383,0.2538860103626943,0.7479500770568848,0.01171875,0.05274446681141853,0.09371014030612244
154.Red_eyed_Vireo/Red_Eyed_Vireo_0134_156919.jpg,dinov2,0.6805555555555556,0.24297520661157024,0.7822462916374207,0.0078125,0.02799004316329956,0.14666374362244897
155.Warbling_Vireo/Warbling_Vireo_0036_158268.jpg,dinov2,0.8202898550724638,0.8298507462686567,0.7580708861351013,0.0,0.05951060727238655,0.3010801977040816
155.Warbling_Vireo/Warbling_Vireo_0018_158304.jpg,dinov2,0.6632124352331606,0.42105263157894735,0.7614443302154541,0.01171875,0.029549311846494675,0.12354512117346939
155.Warbling_Vireo/Warbling_Vireo_0054_158321.jpg,dinov2,0.6681818181818182,0.332579185520362,0.7617577314376831,0.0068359375,0.024100326001644135,0.1466438137755102
155.Warbling_Vireo/Warbling_Vireo_0087_158355.jpg,dinov2,0.5714285714285714,0.0,0.7691205739974976,0.005859375,0.058793723583221436,0.05412946428571429
155.Warbling_Vireo/Warbling_Vireo_0091_158419.jpg,dinov2,0.7988826815642458,0.5220588235294118,0.7292814254760742,0.0087890625,0.044514868408441544,0.14943399234693877
155.Warbling_Vireo/Warbling_Vireo_0131_158522.jpg,dinov2,0.5299145299145299,0.09553158705701079,0.7588907480239868,0.0068359375,0.016184713691473007,0.06419403698979592
156.White_eyed_Vireo/White_Eyed_Vireo_0045_159232.jpg,dinov2,0.7342657342657343,0.015082956259426848,0.6741677522659302,0.0,0.045781273394823074,0.10229990433673469
156.White_eyed_Vireo/White_Eyed_Vireo_0134_158889.jpg,dinov2,0.5423728813559322,0.1419068736141907,0.774337112903595,0.017578125,0.04381580650806427,0.06343670280612244
156.White_eyed_Vireo/White_Eyed_Vireo_0135_158955.jpg,dinov2,0.6511627906976745,0.21595330739299612,0.7328579425811768,0.0,0.03199285268783569,0.11324139030612244
156.White_eyed_Vireo/White_Eyed_Vireo_0041_159032.jpg,dinov2,0.6555555555555556,0.3030821917808219,0.7934823632240295,0.0048828125,0.02757916785776615,0.1738879145408163
156.White_eyed_Vireo/White_Eyed_Vireo_0061_159042.jpg,dinov2,0.3071253071253071,0.2358490566037736,0.8077980875968933,0.0,0.014650276862084866,0.12045599489795919
156.White_eyed_Vireo/White_Eyed_Vireo_0112_159147.jpg,dinov2,0.6413793103448275,0.024691358024691357,0.7420402765274048,0.005859375,0.03502313420176506,0.09606186224489796
156.White_eyed_Vireo/White_Eyed_Vireo_0086_159202.jpg,dinov2,0.6884057971014492,0.0019646365422396855,0.7951092720031738,0.0,0.03339067101478577,0.09729751275510204
157.Yellow_throated_Vireo/Yellow_Throated_Vireo_0055_159532.jpg,dinov2,0.16932907348242812,0.11726384364820847,0.7774462699890137,0.0078125,0.026615377515554428,0.05568399234693878
157.Yellow_throated_Vireo/Yellow_Throated_Vireo_0005_159588.jpg,dinov2,0.7699115044247787,0.4654255319148936,0.8258543014526367,0.0,0.009972281754016876,0.17036033163265307
157.Yellow_throated_Vireo/Yellow_Throated_Vireo_0057_159570.jpg,dinov2,0.48068669527896996,0.17777777777777778,0.8016567230224609,0.0,0.030094383284449577,0.10792012117346939
157.Yellow_throated_Vireo/Yellow_Throated_Vireo_0059_794970.jpg,dinov2,0.45652173913043476,0.19187358916478556,0.7950488328933716,0.0048828125,0.01576772890985012,0.08049665178571429
157.Yellow_throated_Vireo/Yellow_Throated_Vireo_0048_794982.jpg,dinov2,0.4083333333333333,0.196,0.7359781265258789,0.01953125,0.032510049641132355,0.09626116071428571
157.Yellow_throated_Vireo/Yellow_Throated_Vireo_0043_159628.jpg,dinov2,0.657608695652174,0.42662116040955633,0.7445125579833984,0.0048828125,0.03476780652999878,0.1393096301020408
157.Yellow_throated_Vireo/Yellow_Throated_Vireo_0071_159707.jpg,dinov2,0.14542190305206462,0.13754045307443366,0.7360132336616516,0.0,0.032139264047145844,0.07822464923469388
158.Bay_breasted_Warbler/Bay_Breasted_Warbler_0057_159818.jpg,dinov2,0.7095238095238096,0.31837606837606836,0.7940168380737305,0.005859375,0.01914091967046261,0.14714205994897958
158.Bay_breasted_Warbler/Bay_Breasted_Warbler_0102_159887.jpg,dinov2,0.37777777777777777,0.0,0.7362766265869141,0.021484375,0.03970424830913544,0.03404017857142857
158.Bay_breasted_Warbler/Bay_Breasted_Warbler_0067_159895.jpg,dinov2,0.17,0.05676126878130217,0.6744080185890198,0.001953125,0.05476672202348709,0.03677056760204082
158.Bay_breasted_Warbler/Bay_Breasted_Warbler_0008_797115.jpg,dinov2,0.6620370370370371,0.36855670103092786,0.8020318746566772,0.0078125,0.01339640561491251,0.1431560905612245
158.Bay_breasted_Warbler/Bay_Breasted_Warbler_0007_797118.jpg,dinov2,0.7094972067039106,0.0017921146953405018,0.8057680726051331,0.0185546875,0.03574616461992264,0.11975845025510204
158.Bay_breasted_Warbler/Bay_Breasted_Warbler_0054_797124.jpg,dinov2,0.729957805907173,0.3870246085011186,0.8183830976486206,0.0048828125,0.011157474480569363,0.17030054209183673
158.Bay_breasted_Warbler/Bay_Breasted_Warbler_0039_797152.jpg,dinov2,0.712707182320442,0.19775596072931276,0.7211394309997559,0.0029296875,0.032404642552137375,0.1351642219387755
158.Bay_breasted_Warbler/Bay_Breasted_Warbler_0043_797154.jpg,dinov2,0.8488372093023255,0.8626865671641791,0.7787426710128784,0.0,0.036396175622940063,0.2792370854591837
158.Bay_breasted_Warbler/Bay_Breasted_Warbler_0053_797157.jpg,dinov2,0.6809815950920245,0.14847161572052403,0.8039981126785278,0.0029296875,0.018621964380145073,0.10550860969387756
158.Bay_breasted_Warbler/Bay_Breasted_Warbler_0110_159735.jpg,dinov2,0.4605263157894737,0.09510869565217392,0.7354297041893005,0.0,0.035516124218702316,0.07148836096938775
159.Black_and_white_Warbler/Black_And_White_Warbler_0128_160803.jpg,dinov2,0.6425992779783394,0.49391727493917276,0.7835628986358643,0.0087890625,0.016473371535539627,0.1982421875
159.Black_and_white_Warbler/Black_And_White_Warbler_0024_160057.jpg,dinov2,0.41878172588832485,0.30612244897959184,0.7796475887298584,0.0078125,0.03493553027510643,0.15945870535714285
159.Black_and_white_Warbler/Black_And_White_Warbler_0025_160584.jpg,dinov2,0.71,0.2469982847341338,0.7527981996536255,0.0087890625,0.03292350098490715,0.13791454081632654
159.Black_and_white_Warbler/Black_And_White_Warbler_0088_160668.jpg,dinov2,0.3076923076923077,0.08,0.7060931324958801,0.00390625,0.04904470592737198,0.03868383290816327
159.Black_and_white_Warbler/Black_And_White_Warbler_0034_160695.jpg,dinov2,0.2627118644067797,0.18289085545722714,0.8042937517166138,0.0087890625,0.02052566595375538,0.06028778698979592
159.Black_and_white_Warbler/Black_And_White_Warbler_0090_160247.jpg,dinov2,0.5955555555555555,0.3308641975308642,0.776614785194397,0.009765625,0.015172582119703293,0.12878667091836735
160.Black_throated_Blue_Warbler/Black_Throated_Blue_Warbler_0136_161400.jpg,dinov2,0.7865168539325843,0.813953488372093,0.7706092596054077,0.0078125,0.01826585829257965,0.20920360331632654
160.Black_throated_Blue_Warbler/Black_Throated_Blue_Warbler_0113_161407.jpg,dinov2,0.6870748299319728,0.004392386530014641,0.7367428541183472,0.0029296875,0.030126430094242096,0.10004783163265306
160.Black_throated_Blue_Warbler/Black_Throated_Blue_Warbler_0048_161665.jpg,dinov2,0.624,0.14744801512287334,0.718704879283905,0.0048828125,0.036916423588991165,0.07932079081632654
160.Black_throated_Blue_Warbler/Black_Throated_Blue_Warbler_0001_161189.jpg,dinov2,0.7609561752988048,0.7100371747211895,0.8212095499038696,0.0087890625,0.018113164231181145,0.19013073979591838
160.Black_throated_Blue_Warbler/Black_Throated_Blue_Warbler_0110_161726.jpg,dinov2,0.48484848484848486,0.40875912408759124,0.7978344559669495,0.0390625,0.026220418512821198,0.11338089923469388
160.Black_throated_Blue_Warbler/Black_Throated_Blue_Warbler_0107_161214.jpg,dinov2,0.5677083333333334,0.06746987951807229,0.7386614680290222,0.0009765625,0.03485371917486191,0.11162707270408163
161.Blue_winged_Warbler/Blue_Winged_Warbler_0026_161813.jpg,dinov2,0.5597826086956522,0.30383480825958703,0.7855229377746582,0.0048828125,0.024237671867012978,0.11045121173469388
161.Blue_winged_Warbler/Blue_Winged_Warbler_0013_161816.jpg,dinov2,0.4489795918367347,0.15980629539951574,0.7775239944458008,0.0126953125,0.0183213260024786,0.07085060586734694
161.Blue_winged_Warbler/Blue_Winged_Warbler_0025_161873.jpg,dinov2,0.7708333333333334,0.7872340425531915,0.8197201490402222,0.0,0.012775581330060959,0.17986686862244897
161.Blue_winged_Warbler/Blue_Winged_Warbler_0017_161878.jpg,dinov2,0.31316725978647686,0.04059040590405904,0.7869603633880615,0.0048828125,0.029193086549639702,0.08270886479591837
161.Blue_winged_Warbler/Blue_Winged_Warbler_0078_161889.jpg,dinov2,0.4918032786885246,0.05598755832037325,0.6890839338302612,0.0087890625,0.02871333435177803,0.09632095025510204
161.Blue_winged_Warbler/Blue_Winged_Warbler_0061_161984.jpg,dinov2,0.3645833333333333,0.024029574861367836,0.7125593423843384,0.0,0.04588658735156059,0.04055723852040816
161.Blue_winged_Warbler/Blue_Winged_Warbler_0086_162027.jpg,dinov2,0.7814207650273224,0.6966019417475728,0.7985929250717163,0.0,0.01534709706902504,0.28079161352040816
162.Canada_Warbler/Canada_Warbler_0063_162324.jpg,dinov2,0.7379310344827587,0.1695447409733124,0.7016608715057373,0.0126953125,0.05125722289085388,0.10413345025510204
162.Canada_Warbler/Canada_Warbler_0020_162354.jpg,dinov2,0.5057471264367817,0.21890547263681592,0.7817829847335815,0.0078125,0.03094276785850525,0.09103954081632654
162.Canada_Warbler/Canada_Warbler_0008_162416.jpg,dinov2,0.7057356608478803,0.4913194444444444,0.7855197191238403,0.0,0.02842261642217636,0.2784000318877551
163.Cape_May_Warbler/Cape_May_Warbler_0048_162915.jpg,dinov2,0.6788321167883211,0.3875,0.734900951385498,0.00390625,0.04352770745754242,0.09303252551020408
163.Cape_May_Warbler/Cape_May_Warbler_0055_163171.jpg,dinov2,0.8104089219330854,0.6368876080691642,0.7388185262680054,0.005859375,0.038112662732601166,0.21408641581632654
163.Cape_May_Warbler/Cape_May_Warbler_0107_162941.jpg,dinov2,0.6686046511627907,0.0,0.7650632858276367,0.0,0.02466226927936077,0.11021205357142858
163.Cape_May_Warbler/Cape_May_Warbler_0062_162955.jpg,dinov2,0.6260504201680672,0.35308056872037913,0.7665723562240601,0.0185546875,0.02244528941810131,0.14333545918367346
163.Cape_May_Warbler/Cape_May_Warbler_0124_163037.jpg,dinov2,0.24193548387096775,0.04854368932038835,0.7787398099899292,0.0126953125,0.03257828950881958,0.03138950892857143
164.Cerulean_Warbler/Cerulean_Warbler_0041_163535.jpg,dinov2,0.7073170731707317,0.0,0.7603263258934021,0.0087890625,0.035389479249715805,0.1116470025510204
164.Cerulean_Warbler/Cerulean_Warbler_0025_797232.jpg,dinov2,0.6910569105691057,0.43147208121827413,0.8141903877258301,0.0087890625,0.01458888128399849,0.1752032844387755
165.Chestnut_sided_Warbler/Chestnut_Sided_Warbler_0046_163856.jpg,dinov2,0.29439252336448596,0.10260586319218241,0.7162060141563416,0.02734375,0.020887089893221855,0.06415417729591837
165.Chestnut_sided_Warbler/Chestnut_Sided_Warbler_0127_163860.jpg,dinov2,0.6666666666666666,0.16689847009735745,0.7111634016036987,0.0615234375,0.02875259704887867,0.11256377551020408
165.Chestnut_sided_Warbler/Chestnut_Sided_Warbler_0090_163629.jpg,dinov2,0.5897435897435898,0.22417153996101363,0.6989341974258423,0.001953125,0.052290089428424835,0.11292251275510204
165.Chestnut_sided_Warbler/Chestnut_Sided_Warbler_0037_164233.jpg,dinov2,0.7102272727272727,0.2967289719626168,0.7799752950668335,0.0322265625,0.014447788707911968,0.12183115433673469
165.Chestnut_sided_Warbler/Chestnut_Sided_Warbler_0049_163735.jpg,dinov2,0.5378787878787878,0.1347248576850095,0.7608411312103271,0.0009765625,0.01902112551033497,0.07314253826530612
166.Golden_winged_Warbler/Golden_Winged_Warbler_0035_164362.jpg,dinov2,0.5434782608695652,0.13227513227513227,0.77752685546875,0.0078125,0.03158976882696152,0.0790218431122449
166.Golden_winged_Warbler/Golden_Winged_Warbler_0070_164460.jpg,dinov2,0.6599326599326599,0.34507042253521125,0.8509026765823364,0.0,0.020569493994116783,0.19033003826530612
166.Golden_winged_Warbler/Golden_Winged_Warbler_0043_164476.jpg,dinov2,0.744,0.21017699115044247,0.7545990943908691,0.0048828125,0.04635785520076752,0.09169722576530612
166.Golden_winged_Warbler/Golden_Winged_Warbler_0049_164509.jpg,dinov2,0.4934210526315789,0.15625,0.7781077027320862,0.0029296875,0.027841616421937943,0.08169244260204081
166.Golden_winged_Warbler/Golden_Winged_Warbler_0052_164529.jpg,dinov2,0.6086956521739131,0.18205128205128204,0.7524017095565796,0.0068359375,0.04861507564783096,0.06363600127551021
166.Golden_winged_Warbler/Golden_Winged_Warbler_0082_164544.jpg,dinov2,0.5094339622641509,0.014028056112224449,0.7002120018005371,0.005859375,0.040242694318294525,0.05502630739795918
166.Golden_winged_Warbler/Golden_Winged_Warbler_0036_794817.jpg,dinov2,0.7544910179640718,0.2485089463220676,0.7454278469085693,0.0107421875,0.034134991466999054,0.12041613520408163
166.Golden_winged_Warbler/Golden_Winged_Warbler_0067_794846.jpg,dinov2,0.7272727272727273,0.18604651162790697,0.7588808536529541,0.0224609375,0.02916817180812359,0.11270328443877552
167.Hooded_Warbler/Hooded_Warbler_0017_164911.jpg,dinov2,0.39325842696629215,0.08045977011494253,0.761181116104126,0.0009765625,0.02065209485590458,0.04049744897959184
167.Hooded_Warbler/Hooded_Warbler_0133_165016.jpg,dinov2,0.39543726235741444,0.33876221498371334,0.8191760778427124,0.0234375,0.011903460137546062,0.10235969387755102
167.Hooded_Warbler/Hooded_Warbler_0122_164635.jpg,dinov2,0.7736842105263158,0.7945945945945946,0.8081313371658325,0.001953125,0.12329137325286865,0.14351482780612246
168.Kentucky_Warbler/Kentucky_Warbler_0076_795907.jpg,dinov2,0.7380952380952381,0.0,0.7137784957885742,0.0078125,0.052561212331056595,0.09331154336734694
168.Kentucky_Warbler/Kentucky_Warbler_0005_795919.jpg,dinov2,0.6867469879518072,0.36477987421383645,0.8251116275787354,0.009765625,0.023563964292407036,0.16800860969387754
168.Kentucky_Warbler/Kentucky_Warbler_0044_165436.jpg,dinov2,0.2036613272311213,0.07606679035250463,0.7915351390838623,0.0,0.030226439237594604,0.08372528698979592
168.Kentucky_Warbler/Kentucky_Warbler_0043_165240.jpg,dinov2,0.893491124260355,0.887905604719764,0.7859539985656738,0.0,0.0546359121799469,0.29310825892857145
168.Kentucky_Warbler/Kentucky_Warbler_0048_165360.jpg,dinov2,0.7788778877887789,0.8368794326241135,0.7910959124565125,0.0029296875,0.018962088972330093,0.22841597576530612
168.Kentucky_Warbler/Kentucky_Warbler_0049_165313.jpg,dinov2,0.5192307692307693,0.0,0.7263040542602539,0.0,0.03106895089149475,0.12143255739795919
168.Kentucky_Warbler/Kentucky_Warbler_0022_795882.jpg,dinov2,0.8216867469879519,0.8292682926829268,0.796387791633606,0.0078125,0.04673311114311218,0.34004304846938777
168.Kentucky_Warbler/Kentucky_Warbler_0030_795885.jpg,dinov2,0.6229508196721312,0.6277777777777778,0.7791293859481812,0.0087890625,0.045352086424827576,0.12794961734693877
168.Kentucky_Warbler/Kentucky_Warbler_0003_795892.jpg,dinov2,0.3472222222222222,0.2304147465437788,0.78940749168396,0.005859375,0.022903727367520332,0.09321189413265306
169.Magnolia_Warbler/Magnolia_Warbler_0039_165532.jpg,dinov2,0.6666666666666666,0.15338345864661654,0.7198426127433777,0.00390625,0.031332600861787796,0.10243941326530612
169.Magnolia_Warbler/Magnolia_Warbler_0079_165783.jpg,dinov2,0.6947368421052632,0.34464751958224543,0.7878644466400146,0.01171875,0.017496665939688683,0.13211495535714285
170.Mourning_Warbler/Mourning_Warbler_0006_166595.jpg,dinov2,0.5905511811023622,0.027624309392265192,0.7512659430503845,0.005859375,0.0343315564095974,0.07651068239795919
170.Mourning_Warbler/Mourning_Warbler_0048_166596.jpg,dinov2,0.5836734693877551,0.30952380952380953,0.8304583430290222,0.0,0.00996484886854887,0.14333545918367346
170.Mourning_Warbler/Mourning_Warbler_0061_166598.jpg,dinov2,0.5,0.08618331053351573,0.7273359894752502,0.0048828125,0.031254399567842484,0.061045121173469385
170.Mourning_Warbler/Mourning_Warbler_0047_795373.jpg,dinov2,0.7663934426229508,0.35946462715105165,0.7874268293380737,0.0107421875,0.03083772026002407,0.18094308035714285
170.Mourning_Warbler/Mourning_Warbler_0065_795374.jpg,dinov2,0.8809523809523809,0.3978494623655914,0.7997813820838928,0.0,0.04270577058196068,0.17795360331632654
171.Myrtle_Warbler/Myrtle_Warbler_0045_166710.jpg,dinov2,0.6535947712418301,0.0,0.7337589263916016,0.0,0.037127405405044556,0.10146285076530612
171.Myrtle_Warbler/Myrtle_Warbler_0083_166738.jpg,dinov2,0.45686900958466453,0.40509915014164305,0.8075494766235352,0.01171875,0.012029342353343964,0.13986766581632654
171.Myrtle_Warbler/Myrtle_Warbler_0028_166905.jpg,dinov2,0.7417582417582418,0.806060606060606,0.773953914642334,0.046875,0.03278337046504021,0.1338687818877551
171.Myrtle_Warbler/Myrtle_Warbler_0032_166847.jpg,dinov2,0.6875,0.6626506024096386,0.7810818552970886,0.0078125,0.026802271604537964,0.11497528698979592
171.Myrtle_Warbler/Myrtle_Warbler_0063_93378.jpg,dinov2,0.5359116022099447,0.3333333333333333,0.7962786555290222,0.0,0.016842961311340332,0.18889508928571427
172.Nashville_Warbler/Nashville_Warbler_0015_167429.jpg,dinov2,0.7796610169491526,0.16936936936936936,0.7325613498687744,0.0419921875,0.058617688715457916,0.09349091198979592
172.Nashville_Warbler/Nashville_Warbler_0005_167103.jpg,dinov2,0.6355140186915887,0.0,0.7212389707565308,0.0390625,0.053659532219171524,0.07025271045918367
172.Nashville_Warbler/Nashville_Warbler_0001_167117.jpg,dinov2,0.5909090909090909,0.2,0.7361907958984375,0.0048828125,0.023531172424554825,0.07615194515306123
172.Nashville_Warbler/Nashville_Warbler_0107_167186.jpg,dinov2,0.06583072100313479,0.0,0.8299819827079773,0.0,0.016463778913021088,0.02303890306122449
172.Nashville_Warbler/Nashville_Warbler_0014_167190.jpg,dinov2,0.5634920634920635,0.25,0.7462999820709229,0.0048828125,0.04077067971229553,0.08169244260204081
172.Nashville_Warbler/Nashville_Warbler_0018_167191.jpg,dinov2,0.40625,0.0,0.7174218893051147,0.0009765625,0.0428244024515152,0.06481186224489796
173.Orange_crowned_Warbler/Orange_Crowned_Warbler_0065_167952.jpg,dinov2,0.37777777777777777,0.20278330019880716,0.7767789363861084,0.0078125,0.015871822834014893,0.10293765943877552
173.Orange_crowned_Warbler/Orange_Crowned_Warbler_0019_167626.jpg,dinov2,0.7678571428571429,0.2819672131147541,0.7916191816329956,0.009765625,0.020998600870370865,0.1608936543367347
173.Orange_crowned_Warbler/Orange_Crowned_Warbler_0114_167732.jpg,dinov2,0.7623318385650224,0.7695852534562212,0.7900234460830688,0.0,0.018815400078892708,0.1831951530612245
174.Palm_Warbler/Palm_Warbler_0051_169487.jpg,dinov2,0.5833333333333334,0.0898876404494382,0.6777945756912231,0.00390625,0.05020540580153465,0.05685985331632653
174.Palm_Warbler/Palm_Warbler_0050_170042.jpg,dinov2,0.6174496644295302,0.2977346278317152,0.7528529167175293,0.005859375,0.04280675947666168,0.09689891581632654
174.Palm_Warbler/Palm_Warbler_0111_169663.jpg,dinov2,0.6646706586826348,0.21787709497206703,0.7391543388366699,0.00390625,0.026833001524209976,0.10933514030612244
174.Palm_Warbler/Palm_Warbler_0086_169676.jpg,dinov2,0.6451612903225806,0.21413276231263384,0.8045871257781982,0.0087890625,0.02196637913584709,0.09681919642857142
174.Palm_Warbler/Palm_Warbler_0075_168751.jpg,dinov2,0.59375,0.19136690647482013,0.8084703683853149,0.0,0.013111966662108898,0.1366390306122449
174.Palm_Warbler/Palm_Warbler_0013_169411.jpg,dinov2,0.72,0.0,0.703400194644928,0.0,0.06090201064944267,0.12806919642857142
175.Pine_Warbler/Pine_Warbler_0005_171548.jpg,dinov2,0.772020725388601,0.0035294117647058825,0.7288354635238647,0.0,0.029373208060860634,0.14893574617346939
175.Pine_Warbler/Pine_Warbler_0119_171551.jpg,dinov2,0.4919786096256685,0.16283185840707964,0.7548905611038208,0.0078125,0.028974678367376328,0.09438775510204081
175.Pine_Warbler/Pine_Warbler_0095_171588.jpg,dinov2,0.17562724014336917,0.13424657534246576,0.775133490562439,0.013671875,0.020986024290323257,0.04731345663265306
175.Pine_Warbler/Pine_Warbler_0044_171104.jpg,dinov2,0.45614035087719296,0.06744487678339818,0.7438009977340698,0.0029296875,0.07867397367954254,0.05064174107142857
175.Pine_Warbler/Pine_Warbler_0045_171150.jpg,dinov2,0.7430167597765364,0.2809917355371901,0.793108344078064,0.005859375,0.024023698642849922,0.12649473852040816
175.Pine_Warbler/Pine_Warbler_0097_171671.jpg,dinov2,0.6287425149700598,0.2710997442455243,0.8022748231887817,0.0,0.016083747148513794,0.09833386479591837
175.Pine_Warbler/Pine_Warbler_0136_171382.jpg,dinov2,0.7853881278538812,0.8160377358490566,0.8124144673347473,0.0087890625,0.017804056406021118,0.17207429846938777
175.Pine_Warbler/Pine_Warbler_0084_172409.jpg,dinov2,0.8295081967213115,0.840531561461794,0.7957059144973755,0.0,0.024825189262628555,0.24920280612244897
175.Pine_Warbler/Pine_Warbler_0103_171922.jpg,dinov2,0.7557251908396947,0.7704280155642024,0.8071634769439697,0.0087890625,0.01983989216387272,0.19852120535714285
175.Pine_Warbler/Pine_Warbler_0101_171501.jpg,dinov2,0.676,0.33137254901960783,0.7794952392578125,0.0068359375,0.01659557968378067,0.16627471301020408
176.Prairie_Warbler/Prairie_Warbler_0118_173261.jpg,dinov2,0.5238095238095238,0.008928571428571428,0.7345943450927734,0.0,0.0727090910077095,0.04340720663265306
176.Prairie_Warbler/Prairie_Warbler_0133_173279.jpg,dinov2,0.13307240704500978,0.002183406113537118,0.7416585683822632,0.00390625,0.045163411647081375,0.06395487882653061
176.Prairie_Warbler/Prairie_Warbler_0066_173350.jpg,dinov2,0.7079646017699115,0.16826923076923078,0.7471164464950562,0.0078125,0.021403495222330093,0.07559390943877552
176.Prairie_Warbler/Prairie_Warbler_0094_91950.jpg,dinov2,0.7116104868913857,0.6044303797468354,0.8231700658798218,0.0107421875,0.009675493463873863,0.1802654655612245
176.Prairie_Warbler/Prairie_Warbler_0052_173400.jpg,dinov2,0.8181818181818182,0.84375,0.7358524203300476,0.0029296875,0.04250338301062584,0.1632453762755102
176.Prairie_Warbler/Prairie_Warbler_0127_172913.jpg,dinov2,0.6598639455782312,0.10898379970544919,0.703495442867279,0.0166015625,0.04626947641372681,0.08920599489795919
176.Prairie_Warbler/Prairie_Warbler_0014_172542.jpg,dinov2,0.5448717948717948,0.1526032315978456,0.7321480512619019,0.0126953125,0.03929673880338669,0.08655532525510204
177.Prothonotary_Warbler/Prothonotary_Warbler_0102_174595.jpg,dinov2,0.7150259067357513,0.7272727272727273,0.7135658264160156,0.025390625,0.04410737380385399,0.15603077168367346
177.Prothonotary_Warbler/Prothonotary_Warbler_0105_174097.jpg,dinov2,0.8582995951417004,0.8713692946058091,0.7220553159713745,0.0029296875,0.05778944492340088,0.2110969387755102
177.Prothonotary_Warbler/Prothonotary_Warbler_0089_174636.jpg,dinov2,0.28,0.0,0.7752504944801331,0.0419921875,0.012175212614238262,0.06612723214285714
177.Prothonotary_Warbler/Prothonotary_Warbler_0023_173788.jpg,dinov2,0.7304964539007093,0.21161825726141079,0.7546737194061279,0.001953125,0.03915681317448616,0.0996890943877551
177.Prothonotary_Warbler/Prothonotary_Warbler_0047_174340.jpg,dinov2,0.7786885245901639,0.78099173553719,0.7785570621490479,0.0078125,0.026033751666545868,0.1944156568877551
177.Prothonotary_Warbler/Prothonotary_Warbler_0059_173434.jpg,dinov2,0.4827586206896552,0.03490759753593429,0.7354953289031982,0.0068359375,0.045803990215063095,0.05259486607142857
178.Swainson_Warbler/Swainson_Warbler_0008_794886.jpg,dinov2,0.4434782608695652,0.0744047619047619,0.7328256368637085,0.00390625,0.034927356988191605,0.0470344387755102
178.Swainson_Warbler/Swainson_Warbler_0015_794891.jpg,dinov2,0.7591036414565826,0.5103189493433395,0.7592453360557556,0.0,0.02758183889091015,0.2676578443877551
178.Swainson_Warbler/Swainson_Warbler_0042_794895.jpg,dinov2,0.39171974522292996,0.0,0.7749686241149902,0.001953125,0.011823163367807865,0.12075494260204081
178.Swainson_Warbler/Swainson_Warbler_0033_794856.jpg,dinov2,0.4418604651162791,0.16344086021505377,0.8007882833480835,0.0,0.020182183012366295,0.08396444515306123
179.Tennessee_Warbler/Tennessee_Warbler_0002_174884.jpg,dinov2,0.8278688524590164,0.44713656387665196,0.7561937570571899,0.0,0.040161676704883575,0.19951769770408162
179.Tennessee_Warbler/Tennessee_Warbler_0003_175154.jpg,dinov2,0.5375722543352601,0.029605263157894735,0.7360588312149048,0.0029296875,0.04460359364748001,0.09287308673469388
179.Tennessee_Warbler/Tennessee_Warbler_0085_156530.jpg,dinov2,0.6015625,0.26732673267326734,0.7622569799423218,0.0,0.04217379167675972,0.07637117346938775
179.Tennessee_Warbler/Tennessee_Warbler_0038_174760.jpg,dinov2,0.7235772357723578,0.022916666666666665,0.7170850038528442,0.00390625,0.029673421755433083,0.0911391900510204
179.Tennessee_Warbler/Tennessee_Warbler_0070_174962.jpg,dinov2,0.6978723404255319,0.7302904564315352,0.7827818393707275,0.001953125,0.030034558847546577,0.1806640625
179.Tennessee_Warbler/Tennessee_Warbler_0080_167714.jpg,dinov2,0.3464566929133858,0.0,0.7578080892562866,0.001953125,0.04422532767057419,0.05412946428571429
180.Wilson_Warbler/Wilson_Warbler_0067_175261.jpg,dinov2,0.6754385964912281,0.234375,0.7374429702758789,0.0,0.024197610095143318,0.1617705676020408
180.Wilson_Warbler/Wilson_Warbler_0012_175328.jpg,dinov2,0.5260115606936416,0.09715242881072027,0.7834732532501221,0.0078125,0.019732873886823654,0.09183673469387756
180.Wilson_Warbler/Wilson_Warbler_0092_175676.jpg,dinov2,0.31176470588235294,0.09658246656760773,0.7071318626403809,0.0029296875,0.04620704427361488,0.07075095663265306
180.Wilson_Warbler/Wilson_Warbler_0109_175578.jpg,dinov2,0.40625,0.3650107991360691,0.8083168268203735,0.00390625,0.012117383070290089,0.16637436224489796
181.Worm_eating_Warbler/Worm_Eating_Warbler_0005_175977.jpg,dinov2,0.6763005780346821,0.3046875,0.8033488988876343,0.009765625,0.012045882642269135,0.11397879464285714
181.Worm_eating_Warbler/Worm_Eating_Warbler_0002_795533.jpg,dinov2,0.363265306122449,0.2755417956656347,0.7913949489593506,0.0087890625,0.015876805409789085,0.08502072704081633
181.Worm_eating_Warbler/Worm_Eating_Warbler_0021_795545.jpg,dinov2,0.7276595744680852,0.7166666666666667,0.794887900352478,0.01171875,0.01985091343522072,0.17040019132653061
181.Worm_eating_Warbler/Worm_Eating_Warbler_0056_795547.jpg,dinov2,0.7741935483870968,0.4146868250539957,0.787634551525116,0.0087890625,0.011216840706765652,0.18215880102040816
181.Worm_eating_Warbler/Worm_Eating_Warbler_0019_795554.jpg,dinov2,0.8556338028169014,0.01937984496124031,0.8203231692314148,0.0,0.05064446106553078,0.23341836734693877
181.Worm_eating_Warbler/Worm_Eating_Warbler_0036_795573.jpg,dinov2,0.8060344827586207,0.8114035087719298,0.7774220705032349,0.0048828125,0.02340209297835827,0.18349410076530612
181.Worm_eating_Warbler/Worm_Eating_Warbler_0027_176062.jpg,dinov2,0.7380952380952381,0.2605042016806723,0.7809208631515503,0.0078125,0.032121509313583374,0.15477519132653061
181.Worm_eating_Warbler/Worm_Eating_Warbler_0053_176079.jpg,dinov2,0.6444444444444445,0.036585365853658534,0.7369886636734009,0.0048828125,0.03402252122759819,0.12647480867346939
182.Yellow_Warbler/Yellow_Warbler_0038_176388.jpg,dinov2,0.44664031620553357,0.0,0.804797351360321,0.0,0.008248085156083107,0.11144770408163265
182.Yellow_Warbler/Yellow_Warbler_0080_176542.jpg,dinov2,0.5365853658536586,0.21153846153846154,0.7924763560295105,0.0,0.0239145215600729,0.1322345344387755
182.Yellow_Warbler/Yellow_Warbler_0118_176409.jpg,dinov2,0.19467213114754098,0.12418300653594772,0.7694483995437622,0.0,0.0338260717689991,0.09592235331632654
182.Yellow_Warbler/Yellow_Warbler_0093_176490.jpg,dinov2,0.10324483775811209,0.0,0.7942484617233276,0.0048828125,0.018829137086868286,0.03306361607142857
182.Yellow_Warbler/Yellow_Warbler_0031_176282.jpg,dinov2,0.056133056133056136,0.0,0.7989501953125,0.0,0.02156289853155613,0.03093112244897959
182.Yellow_Warbler/Yellow_Warbler_0112_176301.jpg,dinov2,0.7108433734939759,0.24686192468619247,0.7318546772003174,0.0068359375,0.05599943920969963,0.12362484056122448
182.Yellow_Warbler/Yellow_Warbler_0088_176336.jpg,dinov2,0.1497175141242938,0.08141321044546851,0.787775993347168,0.0,0.0247543565928936,0.05084103954081633
182.Yellow_Warbler/Yellow_Warbler_0026_176337.jpg,dinov2,0.6710526315789473,0.0,0.6970627307891846,0.00390625,0.02834560163319111,0.10226004464285714
182.Yellow_Warbler/Yellow_Warbler_0029_176855.jpg,dinov2,0.21428571428571427,0.052734375,0.8258998394012451,0.0,0.010814954526722431,0.027463329081632654
183.Northern_Waterthrush/Northern_Waterthrush_0096_177007.jpg,dinov2,0.6689655172413793,0.16928446771378708,0.759800136089325,0.0087890625,0.03580456227064133,0.1024593431122449
183.Northern_Waterthrush/Northern_Waterthrush_0042_177272.jpg,dinov2,0.425,0.0703971119133574,0.7614109516143799,0.0146484375,0.06104716658592224,0.05199697066326531
183.Northern_Waterthrush/Northern_Waterthrush_0093_177141.jpg,dinov2,0.5072463768115942,0.0,0.7089272737503052,0.001953125,0.06296563893556595,0.03609295280612245
184.Louisiana_Waterthrush/Louisiana_Waterthrush_0078_177444.jpg,dinov2,0.6009389671361502,0.27350427350427353,0.8081661462783813,0.005859375,0.013336645439267159,0.12476084183673469
184.Louisiana_Waterthrush/Louisiana_Waterthrush_0016_795240.jpg,dinov2,0.7251461988304093,0.775,0.7478046417236328,0.0263671875,0.052077557891607285,0.13331074617346939
184.Louisiana_Waterthrush/Louisiana_Waterthrush_0076_795257.jpg,dinov2,0.7827586206896552,0.8,0.7863874435424805,0.0048828125,0.024264024570584297,0.2276985012755102
184.Louisiana_Waterthrush/Louisiana_Waterthrush_0094_795264.jpg,dinov2,0.195,0.09535452322738386,0.8071236610412598,0.0126953125,0.011912955902516842,0.0428093112244898
184.Louisiana_Waterthrush/Louisiana_Waterthrush_0081_795283.jpg,dinov2,0.6637554585152838,0.2676056338028169,0.7889890074729919,0.001953125,0.046495575457811356,0.15224410076530612
185.Bohemian_Waxwing/Bohemian_Waxwing_0001_796680.jpg,dinov2,0.630901287553648,0.0,0.7911279201507568,0.0087890625,0.01865817978978157,0.15021125637755103
185.Bohemian_Waxwing/Bohemian_Waxwing_0079_796687.jpg,dinov2,0.7888888888888889,0.8,0.8032091856002808,0.0,0.0162187647074461,0.28714923469387754
185.Bohemian_Waxwing/Bohemian_Waxwing_0099_177747.jpg,dinov2,0.8185840707964602,0.8504672897196262,0.7669761180877686,0.00390625,0.03698139265179634,0.18622448979591838
185.Bohemian_Waxwing/Bohemian_Waxwing_0101_796653.jpg,dinov2,0.7132075471698113,0.39501039501039503,0.7971035838127136,0.0,0.02054557017982006,0.18684231505102042
186.Cedar_Waxwing/Cedar_Waxwing_0042_179391.jpg,dinov2,0.7595628415300546,0.49642857142857144,0.7609637379646301,0.0078125,0.029170773923397064,0.13765545280612246
186.Cedar_Waxwing/Cedar_Waxwing_0074_178888.jpg,dinov2,0.6842105263157895,0.005671077504725898,0.6649104356765747,0.0302734375,0.05165296047925949,0.12968351403061223
186.Cedar_Waxwing/Cedar_Waxwing_0051_178385.jpg,dinov2,0.7265193370165746,0.7025641025641025,0.8249587416648865,0.0,0.007392725441604853,0.26548549107142855
186.Cedar_Waxwing/Cedar_Waxwing_0113_178627.jpg,dinov2,0.5769230769230769,0.22277227722772278,0.7894520163536072,0.0,0.022538626566529274,0.13333067602040816
187.American_Three_toed_Woodpecker/American_Three_Toed_Woodpecker_0028_796175.jpg,dinov2,0.7115384615384616,0.6158730158730159,0.7852542996406555,0.001953125,0.04643353819847107,0.20390226403061223
188.Pileated_Woodpecker/Pileated_Woodpecker_0075_180480.jpg,dinov2,0.15570934256055363,0.11834319526627218,0.6916057467460632,0.001953125,0.06949865072965622,0.0587531887755102
188.Pileated_Woodpecker/Pileated_Woodpecker_0093_180205.jpg,dinov2,0.7411167512690355,0.22720247295208656,0.784234881401062,0.009765625,0.02653253823518753,0.14142219387755103
188.Pileated_Woodpecker/Pileated_Woodpecker_0097_180392.jpg,dinov2,0.4492753623188406,0.0,0.8519571423530579,0.0,0.012903867289423943,0.12266820790816327
188.Pileated_Woodpecker/Pileated_Woodpecker_0106_180446.jpg,dinov2,0.16435185185185186,0.1834625322997416,0.7490485310554504,0.00390625,0.044914569705724716,0.07021285076530612
188.Pileated_Woodpecker/Pileated_Woodpecker_0027_179956.jpg,dinov2,0.71875,0.47018739352640543,0.8041648864746094,0.0,0.02497534081339836,0.25719467474489793
189.Red_bellied_Woodpecker/Red_Bellied_Woodpecker_0015_182320.jpg,dinov2,0.7,0.003898635477582846,0.7241029739379883,0.001953125,0.039001721888780594,0.11517458545918367
189.Red_bellied_Woodpecker/Red_Bellied_Woodpecker_0032_181587.jpg,dinov2,0.45871559633027525,0.08626760563380281,0.8248997926712036,0.0048828125,0.0276721753180027,0.04723373724489796
189.Red_bellied_Woodpecker/Red_Bellied_Woodpecker_0044_181122.jpg,dinov2,0.5863309352517986,0.27580372250423013,0.8068723678588867,0.005859375,0.023421766236424446,0.16328523596938777
189.Red_bellied_Woodpecker/Red_Bellied_Woodpecker_0070_181182.jpg,dinov2,0.7241379310344828,0.01303538175046555,0.7670727372169495,0.0107421875,0.025644369423389435,0.12205038265306123
189.Red_bellied_Woodpecker/Red_Bellied_Woodpecker_0023_181958.jpg,dinov2,0.31781376518218624,0.29678638941398866,0.8009559512138367,0.005859375,0.027341658249497414,0.15361926020408162
189.Red_bellied_Woodpecker/Red_Bellied_Woodpecker_0068_180949.jpg,dinov2,0.3938618925831202,0.21993127147766323,0.7988792061805725,0.0029296875,0.037023790180683136,0.15491470025510204
190.Red_cockaded_Woodpecker/Red_Cockaded_Woodpecker_0042_182373.jpg,dinov2,0.47368421052631576,0.0,0.8185499906539917,0.0068359375,0.04631027206778526,0.05470742984693878
190.Red_cockaded_Woodpecker/Red_Cockaded_Woodpecker_0048_182599.jpg,dinov2,0.44021739130434784,0.02127659574468085,0.8403723835945129,0.005859375,0.039149314165115356,0.08043686224489796
190.Red_cockaded_Woodpecker/Red_Cockaded_Woodpecker_0061_794728.jpg,dinov2,0.012345679012345678,0.010810810810810811,0.8395876884460449,0.00390625,0.05207878351211548,0.06670519770408163
190.Red_cockaded_Woodpecker/Red_Cockaded_Woodpecker_0051_182347.jpg,dinov2,0.6071428571428571,0.0034904013961605585,0.8264764547348022,0.005859375,0.060727089643478394,0.16085379464285715
190.Red_cockaded_Woodpecker/Red_Cockaded_Woodpecker_0030_794711.jpg,dinov2,0.6533957845433255,0.42136498516320475,0.8350395560264587,0.0048828125,0.038997989147901535,0.2875279017857143
190.Red_cockaded_Woodpecker/Red_Cockaded_Woodpecker_0016_182493.jpg,dinov2,0.7037037037037037,0.0,0.803661048412323,0.001953125,0.06945133954286575,0.09502551020408163
190.Red_cockaded_Woodpecker/Red_Cockaded_Woodpecker_0014_794718.jpg,dinov2,0.7736549165120594,0.7803030303030303,0.812423825263977,0.0009765625,0.053667955100536346,0.49021444515306123
191.Red_headed_Woodpecker/Red_Headed_Woodpecker_0087_183271.jpg,dinov2,0.8033898305084746,0.0017035775127768314,0.8170843720436096,0.00390625,0.050285905599594116,0.2340361926020408
191.Red_headed_Woodpecker/Red_Headed_Woodpecker_0058_183086.jpg,dinov2,0.043478260869565216,0.03935860058309038,0.700495719909668,0.01171875,0.04258421063423157,0.02564971301020408
191.Red_headed_Woodpecker/Red_Headed_Woodpecker_0042_182834.jpg,dinov2,0.5490196078431373,0.0,0.7934869527816772,0.0068359375,0.04397757723927498,0.05562420280612245
191.Red_headed_Woodpecker/Red_Headed_Woodpecker_0093_182925.jpg,dinov2,0.22338568935427575,0.19811320754716982,0.7982425689697266,0.0029296875,0.03354600444436073,0.12300701530612244
191.Red_headed_Woodpecker/Red_Headed_Woodpecker_0099_183524.jpg,dinov2,0.6992481203007519,0.4713216957605985,0.7644182443618774,0.0078125,0.017876939848065376,0.1823780293367347
191.Red_headed_Woodpecker/Red_Headed_Woodpecker_0027_183029.jpg,dinov2,0.6097560975609756,0.42134831460674155,0.8380398750305176,0.0,0.022525276988744736,0.29530054209183676
192.Downy_Woodpecker/Downy_Woodpecker_0036_184048.jpg,dinov2,0.6982248520710059,0.006160164271047228,0.8300154209136963,0.0029296875,0.028591236099600792,0.11734693877551021
193.Bewick_Wren/Bewick_Wren_0092_184901.jpg,dinov2,0.812,0.8451882845188284,0.777846097946167,0.005859375,0.02848130278289318,0.20593510841836735
193.Bewick_Wren/Bewick_Wren_0016_184999.jpg,dinov2,0.48148148148148145,0.0,0.7423676252365112,0.02734375,0.05075577646493912,0.052056760204081634
193.Bewick_Wren/Bewick_Wren_0027_185212.jpg,dinov2,0.65625,0.328125,0.7682204246520996,0.125,0.027277899906039238,0.1449298469387755
194.Cactus_Wren/Cactus_Wren_0088_185873.jpg,dinov2,0.32978723404255317,0.11380597014925373,0.7675226926803589,0.0146484375,0.028454087674617767,0.06877790178571429
194.Cactus_Wren/Cactus_Wren_0102_185902.jpg,dinov2,0.7824427480916031,0.79296875,0.7703153491020203,0.0146484375,0.02793574333190918,0.22951211734693877
194.Cactus_Wren/Cactus_Wren_0116_185927.jpg,dinov2,0.4715909090909091,0.4019370460048426,0.8384420871734619,0.0,0.010593662969768047,0.15929926658163265
194.Cactus_Wren/Cactus_Wren_0120_185956.jpg,dinov2,0.6424581005586593,0.0,0.7355902194976807,0.017578125,0.04304632544517517,0.11672911352040816
194.Cactus_Wren/Cactus_Wren_0046_186017.jpg,dinov2,0.07717041800643087,0.07017543859649122,0.7646464705467224,0.01953125,0.04140672832727432,0.025550063775510203
194.Cactus_Wren/Cactus_Wren_0085_185515.jpg,dinov2,0.8,0.6323809523809524,0.7867370843887329,0.0,0.015329018235206604,0.3276267538265306
195.Carolina_Wren/Carolina_Wren_0130_186369.jpg,dinov2,0.54,0.12871287128712872,0.8057718873023987,0.0146484375,0.01771760918200016,0.05239556760204082
195.Carolina_Wren/Carolina_Wren_0031_186713.jpg,dinov2,0.6746031746031746,0.3333333333333333,0.8130255341529846,0.02734375,0.013977964408695698,0.17592075892857142
195.Carolina_Wren/Carolina_Wren_0066_186818.jpg,dinov2,0.6546762589928058,0.1801980198019802,0.7443658113479614,0.015625,0.024431532248854637,0.0905014349489796
195.Carolina_Wren/Carolina_Wren_0006_186742.jpg,dinov2,0.5253164556962026,0.15689981096408318,0.7830597162246704,0.0146484375,0.018382782116532326,0.08340640943877552
196.House_Wren/House_Wren_0004_187448.jpg,dinov2,0.5075757575757576,0.020905923344947737,0.7262079119682312,0.0068359375,0.0599057711660862,0.07441804846938775
196.House_Wren/House_Wren_0103_187466.jpg,dinov2,0.43790849673202614,0.4263322884012539,0.8182209134101868,0.0146484375,0.013980546966195107,0.13689811862244897
196.House_Wren/House_Wren_0064_187489.jpg,dinov2,0.2777777777777778,0.056910569105691054,0.7834464311599731,0.01171875,0.016578827053308487,0.038584183673469385
196.House_Wren/House_Wren_0025_187160.jpg,dinov2,0.65,0.0,0.7877260446548462,0.0048828125,0.02558484673500061,0.1390704719387755
196.House_Wren/House_Wren_0086_187815.jpg,dinov2,0.7021276595744681,0.40824742268041236,0.742822527885437,0.0,0.0348629355430603,0.1962292729591837
197.Marsh_Wren/Marsh_Wren_0106_188100.jpg,dinov2,0.6304347826086957,0.0,0.7643637657165527,0.013671875,0.06788291037082672,0.05542490433673469
197.Marsh_Wren/Marsh_Wren_0076_188108.jpg,dinov2,0.5032258064516129,0.2025974025974026,0.751121997833252,0.0087890625,0.018591944128274918,0.08474170918367346
197.Marsh_Wren/Marsh_Wren_0071_188111.jpg,dinov2,0.7511520737327189,0.7570093457943925,0.7552539110183716,0.0126953125,0.03130383417010307,0.16352439413265307
197.Marsh_Wren/Marsh_Wren_0055_188123.jpg,dinov2,0.6204379562043796,0.16098484848484848,0.7724277973175049,0.005859375,0.018553802743554115,0.0848812181122449
197.Marsh_Wren/Marsh_Wren_0117_188676.jpg,dinov2,0.6347826086956522,0.6347826086956522,0.811499834060669,0.0068359375,0.03074702061712742,0.07734773596938775
197.Marsh_Wren/Marsh_Wren_0082_188699.jpg,dinov2,0.47368421052631576,0.0,0.8154102563858032,0.0,0.02671746164560318,0.07081074617346939
197.Marsh_Wren/Marsh_Wren_0022_188280.jpg,dinov2,0.7836538461538461,0.7222222222222222,0.7828829288482666,0.015625,0.035900186747312546,0.1698421556122449
197.Marsh_Wren/Marsh_Wren_0048_188370.jpg,dinov2,0.46017699115044247,0.08823529411764706,0.7559460997581482,0.00390625,0.05362820252776146,0.053033322704081634
198.Rock_Wren/Rock_Wren_0065_188995.jpg,dinov2,0.5426829268292683,0.0,0.8375802040100098,0.0,0.017560357227921486,0.08615672831632654
198.Rock_Wren/Rock_Wren_0025_188897.jpg,dinov2,0.06181818181818182,0.06882591093117409,0.8489012718200684,0.0,0.02221369929611683,0.03459821428571429
198.Rock_Wren/Rock_Wren_0037_189256.jpg,dinov2,0.7489539748953975,0.6067796610169491,0.8213052153587341,0.0078125,0.019691307097673416,0.17580117984693877
198.Rock_Wren/Rock_Wren_0023_189075.jpg,dinov2,0.5,0.0,0.8083856105804443,0.015625,0.02053397335112095,0.0584343112244898
198.Rock_Wren/Rock_Wren_0020_188895.jpg,dinov2,0.12010443864229765,0.0,0.8199621438980103,0.0087890625,0.016851462423801422,0.048150510204081634
199.Winter_Wren/Winter_Wren_0122_189475.jpg,dinov2,0.41875,0.0,0.7529178857803345,0.0009765625,0.06327985972166061,0.07188695790816327
199.Winter_Wren/Winter_Wren_0050_189514.jpg,dinov2,0.7245762711864406,0.2928082191780822,0.7650476098060608,0.0048828125,0.03337786719202995,0.1659558354591837
199.Winter_Wren/Winter_Wren_0082_189549.jpg,dinov2,0.8325991189427313,0.5491329479768786,0.7635719776153564,0.0068359375,0.043987855315208435,0.19013073979591838
199.Winter_Wren/Winter_Wren_0127_190091.jpg,dinov2,0.5976331360946746,0.30952380952380953,0.7718455195426941,0.015625,0.010899382643401623,0.10756138392857142
200.Common_Yellowthroat/Common_Yellowthroat_0099_190531.jpg,dinov2,0.21621621621621623,0.09803921568627451,0.7736653089523315,0.0126953125,0.02143312618136406,0.04125478316326531
200.Common_Yellowthroat/Common_Yellowthroat_0045_190563.jpg,dinov2,0.7327935222672065,0.044169611307420496,0.8061219453811646,0.00390625,0.01708417944610119,0.19445551658163265
200.Common_Yellowthroat/Common_Yellowthroat_0111_190569.jpg,dinov2,0.6179401993355482,0.5224719101123596,0.77535480260849,0.0,0.018609516322612762,0.18534757653061223
200.Common_Yellowthroat/Common_Yellowthroat_0112_190571.jpg,dinov2,0.3992248062015504,0.29428571428571426,0.8180921077728271,0.0,0.007798499893397093,0.10325653698979592
200.Common_Yellowthroat/Common_Yellowthroat_0029_190403.jpg,dinov2,0.6453488372093024,0.30919220055710306,0.8209501504898071,0.0048828125,0.010169001296162605,0.10696348852040816
200.Common_Yellowthroat/Common_Yellowthroat_0070_190678.jpg,dinov2,0.47126436781609193,0.16302186878727634,0.8162354230880737,0.0302734375,0.013715218752622604,0.07892219387755102
200.Common_Yellowthroat/Common_Yellowthroat_0063_190440.jpg,dinov2,0.7619047619047619,0.2222222222222222,0.7552928924560547,0.0498046875,0.04636518284678459,0.11071029974489796
200.Common_Yellowthroat/Common_Yellowthroat_0008_190703.jpg,dinov2,0.6690647482014388,0.6433566433566433,0.8096531629562378,0.0283203125,0.02924242429435253,0.0924545599489796
200.Common_Yellowthroat/Common_Yellowthroat_0055_190967.jpg,dinov2,0.6863905325443787,0.19237147595356552,0.7171899080276489,0.00390625,0.029294578358530998,0.11363998724489796
001.Black_footed_Albatross/Black_Footed_Albatross_0002_55.jpg,dinov2_reg4,0.6981132075471698,0.7115384615384616,0.8638098239898682,0.0,0.041138503700494766,0.18654336734693877
001.Black_footed_Albatross/Black_Footed_Albatross_0086_796062.jpg,dinov2_reg4,0.39361702127659576,0.17845659163987138,0.8770012855529785,0.0,0.009011308662593365,0.10534917091836735
001.Black_footed_Albatross/Black_Footed_Albatross_0008_796083.jpg,dinov2_reg4,0.43037974683544306,0.45132743362831856,0.879419207572937,0.037109375,0.002583378227427602,0.10024713010204081
001.Black_footed_Albatross/Black_Footed_Albatross_0024_796089.jpg,dinov2_reg4,0.501779359430605,0.4964788732394366,0.8881685733795166,0.009765625,0.006464878097176552,0.13721699617346939
001.Black_footed_Albatross/Black_Footed_Albatross_0005_796090.jpg,dinov2_reg4,0.5424836601307189,0.5171339563862928,0.8472558856010437,0.00390625,0.021120190620422363,0.1564094387755102
001.Black_footed_Albatross/Black_Footed_Albatross_0058_796074.jpg,dinov2_reg4,0.4236453201970443,0.42574257425742573,0.8790116310119629,0.009765625,0.04938432574272156,0.08836894132653061
002.Laysan_Albatross/Laysan_Albatross_0002_1027.jpg,dinov2_reg4,0.23780487804878048,0.25161290322580643,0.8762327432632446,0.0107421875,0.04206907004117966,0.040915975765306124
002.Laysan_Albatross/Laysan_Albatross_0053_543.jpg,dinov2_reg4,0.18556701030927836,0.1875,0.8822004199028015,0.0,0.0029702656902372837,0.03985969387755102
002.Laysan_Albatross/Laysan_Albatross_0102_611.jpg,dinov2_reg4,0.44107744107744107,0.43666666666666665,0.8996171951293945,0.00390625,0.004299789201468229,0.12484056122448979
002.Laysan_Albatross/Laysan_Albatross_0098_621.jpg,dinov2_reg4,0.6821428571428572,0.7074074074074074,0.7834784984588623,0.001953125,0.036831844598054886,0.18656329719387754
002.Laysan_Albatross/Laysan_Albatross_0104_630.jpg,dinov2_reg4,0.11494252873563218,0.0,0.8882931470870972,0.0,0.03626326099038124,0.020647321428571428
002.Laysan_Albatross/Laysan_Albatross_0064_674.jpg,dinov2_reg4,0.6863468634686347,0.7265625,0.8438222408294678,0.0009765625,0.015733379870653152,0.1747448979591837
003.Sooty_Albatross/Sooty_Albatross_0033_1128.jpg,dinov2_reg4,0.5533596837944664,0.5533596837944664,0.8759246468544006,0.0,0.00921783596277237,0.13488520408163265
003.Sooty_Albatross/Sooty_Albatross_0048_1130.jpg,dinov2_reg4,0.36637931034482757,0.33073929961089493,0.8795772790908813,0.041015625,0.0036230338737368584,0.08013791454081633
003.Sooty_Albatross/Sooty_Albatross_0050_796351.jpg,dinov2_reg4,0.5156794425087108,0.0,0.8247280120849609,0.001953125,0.023162351921200752,0.1522640306122449
004.Groove_billed_Ani/Groove_Billed_Ani_0109_1592.jpg,dinov2_reg4,0.748898678414097,0.8009478672985783,0.7602499723434448,0.0,0.08028843998908997,0.18022560586734693
004.Groove_billed_Ani/Groove_Billed_Ani_0029_1620.jpg,dinov2_reg4,0.5140845070422535,0.010727056019070322,0.7338817119598389,0.03125,0.06949032098054886,0.08229033801020408
004.Groove_billed_Ani/Groove_Billed_Ani_0087_1765.jpg,dinov2_reg4,0.46703296703296704,0.2522255192878338,0.7824051976203918,0.0029296875,0.056342676281929016,0.08641581632653061
005.Crested_Auklet/Crested_Auklet_0021_794938.jpg,dinov2_reg4,0.8136482939632546,0.828042328042328,0.8286859393119812,0.001953125,0.05064952000975609,0.3253148915816326
005.Crested_Auklet/Crested_Auklet_0074_794949.jpg,dinov2_reg4,0.6221498371335505,0.2993730407523511,0.8305113315582275,0.0244140625,0.03938673809170723,0.18805803571428573
005.Crested_Auklet/Crested_Auklet_0036_794905.jpg,dinov2_reg4,0.8290993071593533,0.8609112709832134,0.8479040861129761,0.0,0.03398905321955681,0.34225526147959184
006.Least_Auklet/Least_Auklet_0039_795081.jpg,dinov2_reg4,0.6529411764705882,0.683076923076923,0.8327659368515015,0.07421875,0.014911738224327564,0.2352917729591837
006.Least_Auklet/Least_Auklet_0055_795106.jpg,dinov2_reg4,0.7484472049689441,0.7894736842105263,0.8430554866790771,0.0,0.03190094232559204,0.23768335459183673
006.Least_Auklet/Least_Auklet_0041_795107.jpg,dinov2_reg4,0.6713780918727915,0.2887537993920973,0.8214690685272217,0.0322265625,0.03614511713385582,0.18291613520408162
006.Least_Auklet/Least_Auklet_0023_1898.jpg,dinov2_reg4,0.6321428571428571,0.6175438596491228,0.8507018089294434,0.03125,0.015974629670381546,0.1783721301020408
006.Least_Auklet/Least_Auklet_0005_795119.jpg,dinov2_reg4,0.6597510373443983,0.6570247933884298,0.8446557521820068,0.03125,0.03792620450258255,0.1566485969387755
007.Parakeet_Auklet/Parakeet_Auklet_0017_795924.jpg,dinov2_reg4,0.7959866220735786,0.8040540540540541,0.8400906324386597,0.064453125,0.023679368197917938,0.23427535076530612
007.Parakeet_Auklet/Parakeet_Auklet_0072_795929.jpg,dinov2_reg4,0.1762652705061082,0.0,0.8278428316116333,0.0,0.025753457099199295,0.09903140943877552
007.Parakeet_Auklet/Parakeet_Auklet_0064_795954.jpg,dinov2_reg4,0.6872727272727273,0.7078651685393258,0.828742265701294,0.0126953125,0.023599840700626373,0.18730070153061223
007.Parakeet_Auklet/Parakeet_Auklet_0026_795962.jpg,dinov2_reg4,0.8054607508532423,0.8109965635738832,0.841699481010437,0.0791015625,0.040430448949337006,0.23188376913265307
007.Parakeet_Auklet/Parakeet_Auklet_0067_795964.jpg,dinov2_reg4,0.4251207729468599,0.18410041841004185,0.861453652381897,0.025390625,0.030005818232893944,0.09064094387755102
007.Parakeet_Auklet/Parakeet_Auklet_0016_795977.jpg,dinov2_reg4,0.7224080267558528,0.0,0.8421651124954224,0.0,0.03240935876965523,0.20707110969387754
008.Rhinoceros_Auklet/Rhinoceros_Auklet_0044_797502.jpg,dinov2_reg4,0.7542857142857143,0.7696793002915452,0.8700648546218872,0.0068359375,0.040118612349033356,0.2625757334183674
009.Brewer_Blackbird/Brewer_Blackbird_0054_2631.jpg,dinov2_reg4,0.5364238410596026,0.49375,0.8263118267059326,0.0,0.07021261751651764,0.08412388392857142
009.Brewer_Blackbird/Brewer_Blackbird_0028_2682.jpg,dinov2_reg4,0.7542372881355932,0.7705627705627706,0.8248257040977478,0.0048828125,0.016896232962608337,0.17494419642857142
009.Brewer_Blackbird/Brewer_Blackbird_0080_2234.jpg,dinov2_reg4,0.5622119815668203,0.22634508348794063,0.8355231285095215,0.0,0.01881602592766285,0.11884167729591837
010.Red_winged_Blackbird/Red_Winged_Blackbird_0017_4116.jpg,dinov2_reg4,0.6288343558282209,0.640625,0.8568537831306458,0.033203125,0.008818279020488262,0.2069515306122449
010.Red_winged_Blackbird/Red_Winged_Blackbird_0042_3635.jpg,dinov2_reg4,0.4174757281553398,0.256,0.8734432458877563,0.0,0.012084348127245903,0.09028220663265306
010.Red_winged_Blackbird/Red_Winged_Blackbird_0053_4072.jpg,dinov2_reg4,0.5412844036697247,0.02706766917293233,0.7518131732940674,0.0087890625,0.06425197422504425,0.054587850765306124
010.Red_winged_Blackbird/Red_Winged_Blackbird_0006_6005.jpg,dinov2_reg4,0.7048611111111112,0.7275985663082437,0.8637938499450684,0.0009765625,0.015270937234163284,0.19411670918367346
010.Red_winged_Blackbird/Red_Winged_Blackbird_0072_4338.jpg,dinov2_reg4,0.6956521739130435,0.21296296296296297,0.788641095161438,0.0029296875,0.041053496301174164,0.1102718431122449
011.Rusty_Blackbird/Rusty_Blackbird_0020_6679.jpg,dinov2_reg4,0.4251968503937008,0.28286852589641437,0.7787866592407227,0.0419921875,0.0632549598813057,0.07296316964285714
011.Rusty_Blackbird/Rusty_Blackbird_0109_6698.jpg,dinov2_reg4,0.5454545454545454,0.0,0.8541767597198486,0.0,0.01725136488676071,0.12717235331632654
011.Rusty_Blackbird/Rusty_Blackbird_0005_6771.jpg,dinov2_reg4,0.47901234567901235,0.47317073170731705,0.785926342010498,0.00390625,0.03724364563822746,0.19001116071428573
011.Rusty_Blackbird/Rusty_Blackbird_0094_6582.jpg,dinov2_reg4,0.5818815331010453,0.28052805280528054,0.8457611799240112,0.0,0.018489819020032883,0.16906489158163265
012.Yellow_headed_Blackbird/Yellow_Headed_Blackbird_0079_8535.jpg,dinov2_reg4,0.6121495327102804,0.5720720720720721,0.760927677154541,0.0068359375,0.06356571614742279,0.14198022959183673
012.Yellow_headed_Blackbird/Yellow_Headed_Blackbird_0080_8601.jpg,dinov2_reg4,0.5291005291005291,0.5491329479768786,0.8005667328834534,0.0244140625,0.0969557911157608,0.10885682397959184
012.Yellow_headed_Blackbird/Yellow_Headed_Blackbird_0023_7325.jpg,dinov2_reg4,0.645320197044335,0.6485148514851485,0.807036817073822,0.0068359375,0.036245882511138916,0.13285235969387754
013.Bobolink/Bobolink_0074_9311.jpg,dinov2_reg4,0.29357798165137616,0.0774818401937046,0.8183978796005249,0.0,0.02814016118645668,0.03125
013.Bobolink/Bobolink_0097_10861.jpg,dinov2_reg4,0.2549019607843137,0.0,0.8217031955718994,0.0,0.06866390258073807,0.02977519132653061
013.Bobolink/Bobolink_0081_9439.jpg,dinov2_reg4,0.0970873786407767,0.10033444816053512,0.8018723726272583,0.0166015625,0.032791849225759506,0.033123405612244895
013.Bobolink/Bobolink_0110_9496.jpg,dinov2_reg4,0.16153846153846155,0.15730337078651685,0.8593699336051941,0.001953125,0.011608535423874855,0.04063695790816327
014.Indigo_Bunting/Indigo_Bunting_0037_14128.jpg,dinov2_reg4,0.23127035830618892,0.0,0.8276675939559937,0.0546875,0.014274939894676208,0.06935586734693877
014.Indigo_Bunting/Indigo_Bunting_0025_12532.jpg,dinov2_reg4,0.5932203389830508,0.6542056074766355,0.8154386281967163,0.009765625,0.02802625298500061,0.07003348214285714
014.Indigo_Bunting/Indigo_Bunting_0052_11893.jpg,dinov2_reg4,0.0681198910081744,0.0651890482398957,0.794983983039856,0.1591796875,0.0416998565196991,0.05092075892857143
014.Indigo_Bunting/Indigo_Bunting_0029_13761.jpg,dinov2_reg4,0.15384615384615385,0.06481481481481481,0.8681082725524902,0.0146484375,0.03882741928100586,0.055763711734693876
014.Indigo_Bunting/Indigo_Bunting_0061_13259.jpg,dinov2_reg4,0.7445887445887446,0.4365482233502538,0.7823987007141113,0.0615234375,0.0662258118391037,0.16824776785714285
015.Lazuli_Bunting/Lazuli_Bunting_0030_14986.jpg,dinov2_reg4,0.5462184873949579,0.2181208053691275,0.8136965036392212,0.0478515625,0.021400943398475647,0.06572863520408163
015.Lazuli_Bunting/Lazuli_Bunting_0037_15021.jpg,dinov2_reg4,0.09792284866468842,0.0,0.870018720626831,0.0,0.01874912530183792,0.032704878826530615
015.Lazuli_Bunting/Lazuli_Bunting_0093_15030.jpg,dinov2_reg4,0.55,0.2037037037037037,0.7457232475280762,0.0390625,0.07671458274126053,0.052236128826530615
015.Lazuli_Bunting/Lazuli_Bunting_0057_14775.jpg,dinov2_reg4,0.7091633466135459,0.7652173913043478,0.7459259629249573,0.0048828125,0.0621945820748806,0.1769172512755102
016.Painted_Bunting/Painted_Bunting_0004_16641.jpg,dinov2_reg4,0.7347826086956522,0.7316017316017316,0.8291028738021851,0.06640625,0.02754317782819271,0.16806839923469388
016.Painted_Bunting/Painted_Bunting_0010_16948.jpg,dinov2_reg4,0.6653543307086615,0.0,0.8218497633934021,0.0,0.03465888649225235,0.16035554846938777
016.Painted_Bunting/Painted_Bunting_0054_16711.jpg,dinov2_reg4,0.21380846325167038,0.20464135021097046,0.7987782955169678,0.09375,0.019444601610302925,0.10060586734693877
016.Painted_Bunting/Painted_Bunting_0058_16719.jpg,dinov2_reg4,0.5819672131147541,0.23129251700680273,0.7739133834838867,0.056640625,0.0947711318731308,0.0702327806122449
016.Painted_Bunting/Painted_Bunting_0081_15230.jpg,dinov2_reg4,0.6795774647887324,0.7255639097744361,0.8479268550872803,0.109375,0.03447890281677246,0.19385762117346939
016.Painted_Bunting/Painted_Bunting_0080_16534.jpg,dinov2_reg4,0.48623853211009177,0.0806697108066971,0.8348574042320251,0.0810546875,0.020209234207868576,0.0548469387755102
017.Cardinal/Cardinal_0038_19203.jpg,dinov2_reg4,0.5480225988700564,0.1650326797385621,0.8153964877128601,0.0107421875,0.024673907086253166,0.13026147959183673
017.Cardinal/Cardinal_0105_19045.jpg,dinov2_reg4,0.574585635359116,0.4015444015444015,0.7750957012176514,0.0029296875,0.03853693976998329,0.10473134566326531
018.Spotted_Catbird/Spotted_Catbird_0033_796805.jpg,dinov2_reg4,0.801762114537445,0.8211009174311926,0.8199697732925415,0.013671875,0.033201951533555984,0.1799266581632653
018.Spotted_Catbird/Spotted_Catbird_0015_796808.jpg,dinov2_reg4,0.7119341563786008,0.7119341563786008,0.7794820070266724,0.0673828125,0.027718914672732353,0.1728515625
018.Spotted_Catbird/Spotted_Catbird_0048_796817.jpg,dinov2_reg4,0.6308724832214765,0.49473684210526314,0.8445717096328735,0.0,0.011036140844225883,0.18696189413265307
018.Spotted_Catbird/Spotted_Catbird_0032_796828.jpg,dinov2_reg4,0.5604838709677419,0.3801295896328294,0.796422004699707,0.103515625,0.03384979069232941,0.1702606823979592
018.Spotted_Catbird/Spotted_Catbird_0046_19399.jpg,dinov2_reg4,0.4959349593495935,0.0,0.8047945499420166,0.0791015625,0.025208134204149246,0.06230070153061224
019.Gray_Catbird/Gray_Catbird_0028_20598.jpg,dinov2_reg4,0.653179190751445,0.7129337539432177,0.7941555380821228,0.0,0.0360175184905529,0.2295519770408163
019.Gray_Catbird/Gray_Catbird_0022_19585.jpg,dinov2_reg4,0.481651376146789,0.20388349514563106,0.8360698819160461,0.033203125,0.01868925429880619,0.10530931122448979
019.Gray_Catbird/Gray_Catbird_0075_21125.jpg,dinov2_reg4,0.5747126436781609,0.45454545454545453,0.8537876605987549,0.0,0.01070084422826767,0.19903938137755103
019.Gray_Catbird/Gray_Catbird_0104_20716.jpg,dinov2_reg4,0.6896551724137931,0.7153284671532847,0.8036518096923828,0.0068359375,0.03432922810316086,0.21440529336734693
019.Gray_Catbird/Gray_Catbird_0002_21395.jpg,dinov2_reg4,0.5714285714285714,0.24347826086956523,0.7826520800590515,0.015625,0.026989823207259178,0.1691844706632653
019.Gray_Catbird/Gray_Catbird_0138_20945.jpg,dinov2_reg4,0.7040498442367601,0.7015873015873015,0.8438957929611206,0.0,0.01647067815065384,0.23622847576530612
020.Yellow_breasted_Chat/Yellow_Breasted_Chat_0010_21777.jpg,dinov2_reg4,0.5075757575757576,0.5752212389380531,0.8057394623756409,0.0322265625,0.08208780735731125,0.0677016900510204
020.Yellow_breasted_Chat/Yellow_Breasted_Chat_0109_21796.jpg,dinov2_reg4,0.432,0.17563739376770537,0.8082871437072754,0.0419921875,0.028237294405698776,0.062001753826530615
020.Yellow_breasted_Chat/Yellow_Breasted_Chat_0066_21839.jpg,dinov2_reg4,0.6118721461187214,0.3059360730593607,0.7868533134460449,0.048828125,0.03640628233551979,0.1311981823979592
020.Yellow_breasted_Chat/Yellow_Breasted_Chat_0091_22111.jpg,dinov2_reg4,0.7135922330097088,0.6599552572706935,0.8687581419944763,0.0,0.007156872656196356,0.29201211734693877
020.Yellow_breasted_Chat/Yellow_Breasted_Chat_0035_21870.jpg,dinov2_reg4,0.504950495049505,0.0,0.7703560590744019,0.0,0.06651388853788376,0.052076690051020405
020.Yellow_breasted_Chat/Yellow_Breasted_Chat_0085_21899.jpg,dinov2_reg4,0.7533632286995515,0.7887323943661971,0.8059471845626831,0.044921875,0.031838495284318924,0.1710578762755102
021.Eastern_Towhee/Eastern_Towhee_0110_22549.jpg,dinov2_reg4,0.1746031746031746,0.13442622950819672,0.787710428237915,0.0390625,0.06847193837165833,0.04153380102040816
021.Eastern_Towhee/Eastern_Towhee_0095_22594.jpg,dinov2_reg4,0.13897280966767372,0.0,0.7920413017272949,0.0791015625,0.045422278344631195,0.04858896683673469
021.Eastern_Towhee/Eastern_Towhee_0086_22611.jpg,dinov2_reg4,0.5925925925925926,0.049723756906077346,0.8111340999603271,0.0107421875,0.027330348268151283,0.09628109056122448
021.Eastern_Towhee/Eastern_Towhee_0053_22623.jpg,dinov2_reg4,0.3993610223642173,0.40064102564102566,0.841576874256134,0.0185546875,0.02679811231791973,0.12097417091836735
021.Eastern_Towhee/Eastern_Towhee_0085_22674.jpg,dinov2_reg4,0.6975806451612904,0.7413793103448276,0.8090100288391113,0.046875,0.05463261157274246,0.17273198341836735
021.Eastern_Towhee/Eastern_Towhee_0105_22675.jpg,dinov2_reg4,0.3793103448275862,0.0,0.794041097164154,0.0,0.06409107148647308,0.03200733418367347
021.Eastern_Towhee/Eastern_Towhee_0108_22182.jpg,dinov2_reg4,0.6607142857142857,0.17095310136157338,0.776555061340332,0.0712890625,0.029764633625745773,0.10995296556122448
021.Eastern_Towhee/Eastern_Towhee_0125_22220.jpg,dinov2_reg4,0.5864197530864198,0.256,0.788284182548523,0.064453125,0.036121346056461334,0.10082509566326531
021.Eastern_Towhee/Eastern_Towhee_0112_22231.jpg,dinov2_reg4,0.6026785714285714,0.6081081081081081,0.8560893535614014,0.037109375,0.014179129153490067,0.13486527423469388
021.Eastern_Towhee/Eastern_Towhee_0031_22233.jpg,dinov2_reg4,0.19170984455958548,0.18271604938271604,0.8348497152328491,0.0,0.017139721661806107,0.07330197704081633
021.Eastern_Towhee/Eastern_Towhee_0015_22275.jpg,dinov2_reg4,0.8354037267080745,0.8525641025641025,0.8184916377067566,0.0166015625,0.026783166453242302,0.2618383290816326
021.Eastern_Towhee/Eastern_Towhee_0022_22279.jpg,dinov2_reg4,0.6666666666666666,0.2266355140186916,0.7327021360397339,0.08203125,0.0433061309158802,0.10419323979591837
021.Eastern_Towhee/Eastern_Towhee_0121_22319.jpg,dinov2_reg4,0.6015625,0.3037475345167653,0.8464944958686829,0.001953125,0.019715959206223488,0.15300143494897958
022.Chuck_will_Widow/Chuck_Will_Widow_0045_22798.jpg,dinov2_reg4,0.7857142857142857,0.8600823045267489,0.7976150512695312,0.001953125,0.04333043843507767,0.2031847895408163
022.Chuck_will_Widow/Chuck_Will_Widow_0019_22806.jpg,dinov2_reg4,0.4049079754601227,0.14102564102564102,0.8526777029037476,0.0,0.04549694433808327,0.06556919642857142
022.Chuck_will_Widow/Chuck_Will_Widow_0022_796967.jpg,dinov2_reg4,0.930327868852459,0.927536231884058,0.8265162706375122,0.0,0.058021001517772675,0.46139588647959184
022.Chuck_will_Widow/Chuck_Will_Widow_0027_796978.jpg,dinov2_reg4,0.9481865284974094,0.9553264604810997,0.8383029103279114,0.0,0.07660090178251266,0.5587332589285714
022.Chuck_will_Widow/Chuck_Will_Widow_0031_796981.jpg,dinov2_reg4,0.7530120481927711,0.15625,0.7785643339157104,0.0,0.10065177083015442,0.12623565051020408
023.Brandt_Cormorant/Brandt_Cormorant_0092_23061.jpg,dinov2_reg4,0.45342706502636204,0.444633730834753,0.8481891751289368,0.0,0.05214517191052437,0.2745336415816326
023.Brandt_Cormorant/Brandt_Cormorant_0052_23356.jpg,dinov2_reg4,0.6992840095465394,0.7111650485436893,0.8614659309387207,0.0,0.0227506160736084,0.28944116709183676
023.Brandt_Cormorant/Brandt_Cormorant_0042_23151.jpg,dinov2_reg4,0.2594594594594595,0.2513089005235602,0.8960467576980591,0.0,0.03010198473930359,0.04902742346938776
023.Brandt_Cormorant/Brandt_Cormorant_0026_22913.jpg,dinov2_reg4,0.3897216274089936,0.0,0.8701105117797852,0.0,0.01804284378886223,0.18176020408163265
023.Brandt_Cormorant/Brandt_Cormorant_0053_22957.jpg,dinov2_reg4,0.775175644028103,0.7788235294117647,0.876563310623169,0.0,0.0064617027528584,0.3204320790816326
024.Red_faced_Cormorant/Red_Faced_Cormorant_0021_796265.jpg,dinov2_reg4,0.0,0.12433862433862433,0.8365203142166138,0.0,0.04912906140089035,0.09111926020408163
024.Red_faced_Cormorant/Red_Faced_Cormorant_0054_796301.jpg,dinov2_reg4,0.76875,0.5976190476190476,0.8223766088485718,0.0478515625,0.07076619565486908,0.24135044642857142
024.Red_faced_Cormorant/Red_Faced_Cormorant_0058_796315.jpg,dinov2_reg4,0.13620071684587814,0.0,0.8651973009109497,0.0009765625,0.016882825642824173,0.08131377551020408
024.Red_faced_Cormorant/Red_Faced_Cormorant_0010_23421.jpg,dinov2_reg4,0.5950155763239875,0.401673640167364,0.8533704280853271,0.0224609375,0.020985964685678482,0.1822185905612245
024.Red_faced_Cormorant/Red_Faced_Cormorant_0023_796328.jpg,dinov2_reg4,0.35477178423236516,0.29533678756476683,0.8674233555793762,0.0,0.005221778992563486,0.16703204719387754
025.Pelagic_Cormorant/Pelagic_Cormorant_0042_23522.jpg,dinov2_reg4,0.3855421686746988,0.0,0.8695550560951233,0.0,0.04629054665565491,0.12501992984693877
025.Pelagic_Cormorant/Pelagic_Cormorant_0010_23711.jpg,dinov2_reg4,0.4046692607003891,0.3466666666666667,0.8722270131111145,0.0,0.013527077622711658,0.10118383290816327
025.Pelagic_Cormorant/Pelagic_Cormorant_0096_23775.jpg,dinov2_reg4,0.3282051282051282,0.16976127320954906,0.8654942512512207,0.0,0.017671482637524605,0.06253985969387756
026.Bronzed_Cowbird/Bronzed_Cowbird_0043_796224.jpg,dinov2_reg4,0.6887755102040817,0.73224043715847,0.7820378541946411,0.0283203125,0.05081775784492493,0.13024154974489796
026.Bronzed_Cowbird/Bronzed_Cowbird_0073_796226.jpg,dinov2_reg4,0.6453900709219859,0.16258741258741258,0.8582658767700195,0.068359375,0.02508767880499363,0.09095982142857142
026.Bronzed_Cowbird/Bronzed_Cowbird_0021_24189.jpg,dinov2_reg4,0.2962962962962963,0.04700854700854701,0.7670135498046875,0.01171875,0.041329916566610336,0.026506696428571428
026.Bronzed_Cowbird/Bronzed_Cowbird_0031_24139.jpg,dinov2_reg4,0.5774647887323944,0.18568232662192394,0.7842940092086792,0.0,0.056490421295166016,0.08609693877551021
027.Shiny_Cowbird/Shiny_Cowbird_0057_24345.jpg,dinov2_reg4,0.42016806722689076,0.0033500837520938024,0.7532567977905273,0.0,0.03550160303711891,0.04862882653061224
027.Shiny_Cowbird/Shiny_Cowbird_0039_24359.jpg,dinov2_reg4,0.1415929203539823,0.08767123287671233,0.8052030801773071,0.0,0.04852413758635521,0.033083545918367346
027.Shiny_Cowbird/Shiny_Cowbird_0059_24421.jpg,dinov2_reg4,0.5285714285714286,0.13381555153707053,0.7452607750892639,0.1005859375,0.05290512368083,0.07493622448979592
027.Shiny_Cowbird/Shiny_Cowbird_0043_796857.jpg,dinov2_reg4,0.6548042704626335,0.001336898395721925,0.8631150722503662,0.0,0.019297191873192787,0.18592554209183673
028.Brown_Creeper/Brown_Creeper_0079_24647.jpg,dinov2_reg4,0.6098901098901099,0.0,0.8371329307556152,0.064453125,0.07742934674024582,0.11118861607142858
028.Brown_Creeper/Brown_Creeper_0065_24464.jpg,dinov2_reg4,0.7929824561403509,0.773972602739726,0.8499231934547424,0.0009765625,0.049809131771326065,0.2225765306122449
028.Brown_Creeper/Brown_Creeper_0124_24963.jpg,dinov2_reg4,0.5976331360946746,0.0,0.8406815528869629,0.0244140625,0.049263499677181244,0.09851323341836735
028.Brown_Creeper/Brown_Creeper_0046_24463.jpg,dinov2_reg4,0.5234375,0.007207207207207207,0.8710938692092896,0.111328125,0.04442928358912468,0.06740274234693877
028.Brown_Creeper/Brown_Creeper_0101_24987.jpg,dinov2_reg4,0.08176100628930817,0.07926829268292683,0.8635793328285217,0.0,0.06187944486737251,0.05389030612244898
028.Brown_Creeper/Brown_Creeper_0006_25034.jpg,dinov2_reg4,0.4666666666666667,0.04893617021276596,0.8684288263320923,0.0078125,0.022022223100066185,0.06210140306122449
029.American_Crow/American_Crow_0121_25720.jpg,dinov2_reg4,0.7327044025157232,0.7540453074433657,0.8109620809555054,0.0,0.04417423531413078,0.22682158801020408
029.American_Crow/American_Crow_0001_25053.jpg,dinov2_reg4,0.6645569620253164,0.6976744186046512,0.8319006562232971,0.0,0.021371936425566673,0.20665258290816327
030.Fish_Crow/Fish_Crow_0067_26124.jpg,dinov2_reg4,0.5071428571428571,0.505338078291815,0.9111520051956177,0.0,0.00469305831938982,0.13885124362244897
030.Fish_Crow/Fish_Crow_0034_25891.jpg,dinov2_reg4,0.7570093457943925,0.801980198019802,0.8166323900222778,0.0,0.02026069536805153,0.23830117984693877
030.Fish_Crow/Fish_Crow_0085_25919.jpg,dinov2_reg4,0.4951923076923077,0.0,0.8271499872207642,0.0,0.015329288318753242,0.10004783163265306
030.Fish_Crow/Fish_Crow_0047_26070.jpg,dinov2_reg4,0.4452054794520548,0.0,0.8365817666053772,0.0,0.022163337096571922,0.06491151147959184
031.Black_billed_Cuckoo/Black_Billed_Cuckoo_0030_26240.jpg,dinov2_reg4,0.5963302752293578,0.6074766355140186,0.7895164489746094,0.0185546875,0.023540209978818893,0.1701610331632653
031.Black_billed_Cuckoo/Black_Billed_Cuckoo_0008_795305.jpg,dinov2_reg4,0.4791666666666667,0.23793103448275862,0.8038832545280457,0.0224609375,0.027706418186426163,0.06937579719387756
031.Black_billed_Cuckoo/Black_Billed_Cuckoo_0043_795324.jpg,dinov2_reg4,0.664,0.49700598802395207,0.7458035349845886,0.0068359375,0.03385387361049652,0.08011798469387756
031.Black_billed_Cuckoo/Black_Billed_Cuckoo_0024_795331.jpg,dinov2_reg4,0.5918367346938775,0.13615023474178403,0.817176342010498,0.02734375,0.03356396406888962,0.0574577487244898
032.Mangrove_Cuckoo/Mangrove_Cuckoo_0009_26354.jpg,dinov2_reg4,0.6344827586206897,0.14790996784565916,0.7905468940734863,0.0048828125,0.06038709729909897,0.0936702806122449
032.Mangrove_Cuckoo/Mangrove_Cuckoo_0018_794593.jpg,dinov2_reg4,0.7066246056782335,0.33099579242636745,0.8463097810745239,0.0,0.019422151148319244,0.2284558354591837
032.Mangrove_Cuckoo/Mangrove_Cuckoo_0035_794595.jpg,dinov2_reg4,0.5814977973568282,0.27549194991055453,0.7836209535598755,0.0009765625,0.059623513370752335,0.15256297831632654
032.Mangrove_Cuckoo/Mangrove_Cuckoo_0003_794619.jpg,dinov2_reg4,0.7330316742081447,0.6639344262295082,0.789713978767395,0.1025390625,0.04487057402729988,0.16974250637755103
033.Yellow_billed_Cuckoo/Yellow_Billed_Cuckoo_0023_26637.jpg,dinov2_reg4,0.1187214611872146,0.0,0.7712470293045044,0.0380859375,0.08475849777460098,0.023397640306122448
033.Yellow_billed_Cuckoo/Yellow_Billed_Cuckoo_0012_26712.jpg,dinov2_reg4,0.5,0.09180790960451977,0.7673212289810181,0.013671875,0.05573532357811928,0.06483179209183673
033.Yellow_billed_Cuckoo/Yellow_Billed_Cuckoo_0074_26466.jpg,dinov2_reg4,0.6145833333333334,0.0,0.7752182483673096,0.0126953125,0.05312534049153328,0.05502630739795918
033.Yellow_billed_Cuckoo/Yellow_Billed_Cuckoo_0053_26738.jpg,dinov2_reg4,0.6716417910447762,0.7096774193548387,0.7666414380073547,0.0048828125,0.068178690969944,0.12858737244897958
033.Yellow_billed_Cuckoo/Yellow_Billed_Cuckoo_0043_26492.jpg,dinov2_reg4,0.6231884057971014,0.4644808743169399,0.7431191205978394,0.05859375,0.0596439465880394,0.10522959183673469
033.Yellow_billed_Cuckoo/Yellow_Billed_Cuckoo_0018_26535.jpg,dinov2_reg4,0.7,0.7317073170731707,0.8097765445709229,0.0205078125,0.0360606424510479,0.18678252551020408
033.Yellow_billed_Cuckoo/Yellow_Billed_Cuckoo_0116_26544.jpg,dinov2_reg4,0.44711538461538464,0.30071599045346065,0.7636083364486694,0.0341796875,0.03722936287522316,0.1507892219387755
033.Yellow_billed_Cuckoo/Yellow_Billed_Cuckoo_0088_26812.jpg,dinov2_reg4,0.7011494252873564,0.7283464566929134,0.7714598178863525,0.0283203125,0.055125925689935684,0.20665258290816327
033.Yellow_billed_Cuckoo/Yellow_Billed_Cuckoo_0006_26578.jpg,dinov2_reg4,0.6766467065868264,0.0016666666666666668,0.7446293234825134,0.0458984375,0.06129491701722145,0.11505500637755102
033.Yellow_billed_Cuckoo/Yellow_Billed_Cuckoo_0067_26878.jpg,dinov2_reg4,0.5317460317460317,0.033707865168539325,0.7799935340881348,0.0283203125,0.04871390759944916,0.07758689413265306
034.Gray_crowned_Rosy_Finch/Gray_Crowned_Rosy_Finch_0036_797287.jpg,dinov2_reg4,0.5851528384279476,0.6487804878048781,0.8092082738876343,0.0009765625,0.0668126568198204,0.13235411352040816
034.Gray_crowned_Rosy_Finch/Gray_Crowned_Rosy_Finch_0079_797294.jpg,dinov2_reg4,0.6234567901234568,0.1686143572621035,0.8403925895690918,0.0107421875,0.03991496190428734,0.09988839285714286
034.Gray_crowned_Rosy_Finch/Gray_Crowned_Rosy_Finch_0057_27107.jpg,dinov2_reg4,0.7983193277310925,0.8073654390934845,0.8579448461532593,0.0,0.009016210213303566,0.2727000956632653
035.Purple_Finch/Purple_Finch_0021_28235.jpg,dinov2_reg4,0.7098214285714286,0.7066666666666667,0.8714056015014648,0.0810546875,0.01600061170756817,0.1546954719387755
035.Purple_Finch/Purple_Finch_0030_27255.jpg,dinov2_reg4,0.6306818181818182,0.0,0.842421293258667,0.01171875,0.014350650832057,0.10116390306122448
035.Purple_Finch/Purple_Finch_0119_27260.jpg,dinov2_reg4,0.8145161290322581,0.8375,0.8470638990402222,0.046875,0.02914990857243538,0.20095264668367346
035.Purple_Finch/Purple_Finch_0065_27473.jpg,dinov2_reg4,0.6221198156682027,0.5443548387096774,0.8444316387176514,0.0009765625,0.01317716483026743,0.1273517219387755
035.Purple_Finch/Purple_Finch_0106_27607.jpg,dinov2_reg4,0.7048192771084337,0.72,0.8564457893371582,0.0,0.010578218847513199,0.23602917729591838
036.Northern_Flicker/Northern_Flicker_0093_28700.jpg,dinov2_reg4,0.7155172413793104,0.7746478873239436,0.7684905529022217,0.01171875,0.06552758067846298,0.16697225765306123
036.Northern_Flicker/Northern_Flicker_0135_28291.jpg,dinov2_reg4,0.525,0.2782608695652174,0.8674046397209167,0.0,0.022842183709144592,0.16115274234693877
036.Northern_Flicker/Northern_Flicker_0131_28962.jpg,dinov2_reg4,0.0,0.048286604361370715,0.8304154872894287,0.0009765625,0.06286482512950897,0.034677933673469385
036.Northern_Flicker/Northern_Flicker_0090_28491.jpg,dinov2_reg4,0.7322175732217573,0.7446808510638298,0.8442116379737854,0.169921875,0.023721862584352493,0.17412707270408162
036.Northern_Flicker/Northern_Flicker_0051_28650.jpg,dinov2_reg4,0.6198630136986302,0.2981878088962109,0.8492474555969238,0.0,0.012572539038956165,0.1727917729591837
037.Acadian_Flycatcher/Acadian_Flycatcher_0030_795591.jpg,dinov2_reg4,0.7106598984771574,0.7091836734693877,0.7978020906448364,0.130859375,0.05709407851099968,0.14024633290816327
037.Acadian_Flycatcher/Acadian_Flycatcher_0051_29077.jpg,dinov2_reg4,0.799492385786802,0.8490566037735849,0.7929496765136719,0.0,0.038585904985666275,0.30807557397959184
037.Acadian_Flycatcher/Acadian_Flycatcher_0059_29102.jpg,dinov2_reg4,0.33858267716535434,0.33204633204633205,0.859717607498169,0.0478515625,0.014697977341711521,0.08669483418367346
037.Acadian_Flycatcher/Acadian_Flycatcher_0049_795580.jpg,dinov2_reg4,0.625,0.25787965616045844,0.8453323245048523,0.033203125,0.010981451719999313,0.08803013392857142
037.Acadian_Flycatcher/Acadian_Flycatcher_0041_795605.jpg,dinov2_reg4,0.780952380952381,0.784688995215311,0.8542630672454834,0.01171875,0.019695773720741272,0.16109295280612246
037.Acadian_Flycatcher/Acadian_Flycatcher_0050_795608.jpg,dinov2_reg4,0.8048048048048048,0.8096676737160121,0.8342772722244263,0.0,0.03514577075839043,0.268375318877551
037.Acadian_Flycatcher/Acadian_Flycatcher_0012_795612.jpg,dinov2_reg4,0.7397769516728625,0.7734375,0.831229567527771,0.0859375,0.03071628324687481,0.19511320153061223
038.Great_Crested_Flycatcher/Great_Crested_Flycatcher_0028_29696.jpg,dinov2_reg4,0.6166666666666667,0.40771349862258954,0.8492511510848999,0.0,0.013339336030185223,0.14317602040816327
038.Great_Crested_Flycatcher/Great_Crested_Flycatcher_0139_29302.jpg,dinov2_reg4,0.35714285714285715,0.0047169811320754715,0.7320750951766968,0.0166015625,0.07169578969478607,0.03631218112244898
038.Great_Crested_Flycatcher/Great_Crested_Flycatcher_0010_29396.jpg,dinov2_reg4,0.5822784810126582,0.15488215488215487,0.8554768562316895,0.0009765625,0.025668416172266006,0.08940529336734694
038.Great_Crested_Flycatcher/Great_Crested_Flycatcher_0024_29516.jpg,dinov2_reg4,0.6756756756756757,0.34574468085106386,0.813887357711792,0.0595703125,0.036592014133930206,0.12611607142857142
038.Great_Crested_Flycatcher/Great_Crested_Flycatcher_0030_29645.jpg,dinov2_reg4,0.5035460992907801,0.12914485165794065,0.7563056945800781,0.025390625,0.037591446191072464,0.07493622448979592
039.Least_Flycatcher/Least_Flycatcher_0057_30282.jpg,dinov2_reg4,0.34201954397394135,0.33762057877813506,0.8414678573608398,0.1025390625,0.020688295364379883,0.10323660714285714
040.Olive_sided_Flycatcher/Olive_Sided_Flycatcher_0069_30544.jpg,dinov2_reg4,0.3741496598639456,0.0,0.8724676966667175,0.0,0.016804849728941917,0.05640146683673469
041.Scissor_tailed_Flycatcher/Scissor_Tailed_Flycatcher_0042_41990.jpg,dinov2_reg4,0.11,0.0,0.8625180721282959,0.0,0.013761794194579124,0.03475765306122449
041.Scissor_tailed_Flycatcher/Scissor_Tailed_Flycatcher_0094_42018.jpg,dinov2_reg4,0.3938053097345133,0.21601941747572814,0.8983400464057922,0.0,0.010605355724692345,0.08478156887755102
041.Scissor_tailed_Flycatcher/Scissor_Tailed_Flycatcher_0013_42024.jpg,dinov2_reg4,0.2550335570469799,0.0,0.8707094192504883,0.0,0.016275065019726753,0.07633131377551021
041.Scissor_tailed_Flycatcher/Scissor_Tailed_Flycatcher_0076_41597.jpg,dinov2_reg4,0.3888888888888889,0.12596401028277635,0.807571291923523,0.0,0.016890941187739372,0.05195711096938776
041.Scissor_tailed_Flycatcher/Scissor_Tailed_Flycatcher_0122_41679.jpg,dinov2_reg4,0.04112554112554113,0.04439252336448598,0.7276924848556519,0.0,0.032264504581689835,0.020667251275510203
042.Vermilion_Flycatcher/Vermilion_Flycatcher_0070_42250.jpg,dinov2_reg4,0.2,0.0,0.8774807453155518,0.0,0.012051881290972233,0.038763552295918366
042.Vermilion_Flycatcher/Vermilion_Flycatcher_0059_42261.jpg,dinov2_reg4,0.673728813559322,0.7079646017699115,0.8329861760139465,0.1015625,0.014165046624839306,0.1542370854591837
042.Vermilion_Flycatcher/Vermilion_Flycatcher_0021_42378.jpg,dinov2_reg4,0.41947565543071164,0.0,0.8942939043045044,0.0,0.008363395929336548,0.11057079081632654
042.Vermilion_Flycatcher/Vermilion_Flycatcher_0039_42423.jpg,dinov2_reg4,0.4224137931034483,0.09423076923076923,0.7679460644721985,0.0546875,0.05643019080162048,0.050701530612244895
042.Vermilion_Flycatcher/Vermilion_Flycatcher_0028_42197.jpg,dinov2_reg4,0.5604026845637584,0.3665254237288136,0.8927551507949829,0.0,0.007848109118640423,0.17047991071428573
043.Yellow_bellied_Flycatcher/Yellow_Bellied_Flycatcher_0021_795472.jpg,dinov2_reg4,0.30739299610894943,0.27147766323024053,0.8527779579162598,0.021484375,0.005853614304214716,0.07752710459183673
043.Yellow_bellied_Flycatcher/Yellow_Bellied_Flycatcher_0001_795488.jpg,dinov2_reg4,0.6514285714285715,0.3993055555555556,0.83970046043396,0.091796875,0.020968463271856308,0.11766581632653061
043.Yellow_bellied_Flycatcher/Yellow_Bellied_Flycatcher_0026_795489.jpg,dinov2_reg4,0.6851851851851852,0.4373522458628842,0.8552587032318115,0.04296875,0.01300657819956541,0.1778938137755102
043.Yellow_bellied_Flycatcher/Yellow_Bellied_Flycatcher_0007_795491.jpg,dinov2_reg4,0.8924242424242425,0.910581222056632,0.8538862466812134,0.0,0.01195316668599844,0.6208944515306123
043.Yellow_bellied_Flycatcher/Yellow_Bellied_Flycatcher_0065_42635.jpg,dinov2_reg4,0.5833333333333334,0.5975609756097561,0.8310387134552002,0.0224609375,0.01370311714708805,0.09630102040816327
043.Yellow_bellied_Flycatcher/Yellow_Bellied_Flycatcher_0027_42649.jpg,dinov2_reg4,0.5341614906832298,0.1265625,0.7921131253242493,0.0,0.05386347323656082,0.08801020408163265
044.Frigatebird/Frigatebird_0054_43019.jpg,dinov2_reg4,0.54,0.5510204081632653,0.861931562423706,0.001953125,0.006961866281926632,0.15132732780612246
044.Frigatebird/Frigatebird_0034_43053.jpg,dinov2_reg4,0.5386996904024768,0.5240963855421686,0.9057570099830627,0.0,0.007178277242928743,0.17247289540816327
044.Frigatebird/Frigatebird_0091_43066.jpg,dinov2_reg4,0.1941747572815534,0.0,0.9159888029098511,0.0,0.00462973490357399,0.037428252551020405
044.Frigatebird/Frigatebird_0062_43193.jpg,dinov2_reg4,0.6106194690265486,0.6132930513595166,0.7765500545501709,0.125,0.09014485031366348,0.2815688775510204
044.Frigatebird/Frigatebird_0120_43300.jpg,dinov2_reg4,0.17964071856287425,0.0,0.9227638244628906,0.0,0.0028839069418609142,0.03334263392857143
045.Northern_Fulmar/Northern_Fulmar_0090_43867.jpg,dinov2_reg4,0.05223880597014925,0.04697986577181208,0.8615469932556152,0.00390625,0.013543608598411083,0.03306361607142857
045.Northern_Fulmar/Northern_Fulmar_0008_43647.jpg,dinov2_reg4,0.25,0.2482758620689655,0.8636811971664429,0.0,0.018867870792746544,0.03356186224489796
045.Northern_Fulmar/Northern_Fulmar_0015_43658.jpg,dinov2_reg4,0.3121951219512195,0.3018867924528302,0.9015899896621704,0.0,0.0032597780227661133,0.06383529974489796
045.Northern_Fulmar/Northern_Fulmar_0016_43958.jpg,dinov2_reg4,0.9046052631578947,0.9225589225589226,0.8255225419998169,0.0,0.056581802666187286,0.2678770727040816
046.Gadwall/Gadwall_0082_31301.jpg,dinov2_reg4,0.5204081632653061,0.5340314136125655,0.8618409633636475,0.001953125,0.02289782091975212,0.10837850765306123
046.Gadwall/Gadwall_0095_30911.jpg,dinov2_reg4,0.39914163090128757,0.4170403587443946,0.8632389307022095,0.0,0.04621827229857445,0.0899234693877551
046.Gadwall/Gadwall_0027_30966.jpg,dinov2_reg4,0.39923954372623577,0.4117647058823529,0.8549932837486267,0.0,0.019771765917539597,0.10720264668367346
047.American_Goldfinch/American_Goldfinch_0084_32295.jpg,dinov2_reg4,0.4863013698630137,0.0,0.8502820730209351,0.0166015625,0.014835340902209282,0.07106983418367346
047.American_Goldfinch/American_Goldfinch_0036_31910.jpg,dinov2_reg4,0.6208791208791209,0.0,0.8339525461196899,0.0625,0.02946869283914566,0.10911591198979592
047.American_Goldfinch/American_Goldfinch_0064_32142.jpg,dinov2_reg4,0.656441717791411,0.007920792079207921,0.8064967393875122,0.0888671875,0.028151627629995346,0.10985331632653061
048.European_Goldfinch/European_Goldfinch_0017_794638.jpg,dinov2_reg4,0.8374384236453202,0.8415841584158416,0.8261674642562866,0.0,0.022952459752559662,0.33199139030612246
048.European_Goldfinch/European_Goldfinch_0036_794642.jpg,dinov2_reg4,0.6814814814814815,0.6865671641791045,0.8200926780700684,0.00390625,0.028549721464514732,0.08876753826530612
048.European_Goldfinch/European_Goldfinch_0047_33332.jpg,dinov2_reg4,0.18421052631578946,0.0,0.8952921032905579,0.0498046875,0.016312947496771812,0.07051179846938775
048.European_Goldfinch/European_Goldfinch_0034_33256.jpg,dinov2_reg4,0.7534246575342466,0.7819905213270142,0.8415325880050659,0.009765625,0.03434773162007332,0.16356425382653061
048.European_Goldfinch/European_Goldfinch_0005_33263.jpg,dinov2_reg4,0.6467065868263473,0.24770642201834864,0.842812180519104,0.00390625,0.032926879823207855,0.10736208545918367
048.European_Goldfinch/European_Goldfinch_0089_33279.jpg,dinov2_reg4,0.6929460580912863,0.43846153846153846,0.8674571514129639,0.0009765625,0.016607053577899933,0.16238839285714285
049.Boat_tailed_Grackle/Boat_Tailed_Grackle_0116_33808.jpg,dinov2_reg4,0.7698019801980198,0.7772277227722773,0.8448995351791382,0.0,0.02434966154396534,0.3257533482142857
049.Boat_tailed_Grackle/Boat_Tailed_Grackle_0095_33568.jpg,dinov2_reg4,0.34172661870503596,0.0,0.7675209045410156,0.0078125,0.032034169882535934,0.09869260204081633
050.Eared_Grebe/Eared_Grebe_0018_34357.jpg,dinov2_reg4,0.7681159420289855,0.7750611246943765,0.8622647523880005,0.0146484375,0.01439688727259636,0.30937101403061223
050.Eared_Grebe/Eared_Grebe_0042_34132.jpg,dinov2_reg4,0.2564102564102564,0.25,0.8626044392585754,0.0,0.01554178074002266,0.049705038265306124
050.Eared_Grebe/Eared_Grebe_0001_34433.jpg,dinov2_reg4,0.5462555066079295,0.5662100456621004,0.8468959331512451,0.0,0.02569795586168766,0.12147241709183673
051.Horned_Grebe/Horned_Grebe_0058_34568.jpg,dinov2_reg4,0.22784810126582278,0.24489795918367346,0.8861455321311951,0.0,0.009484943933784962,0.03752790178571429
051.Horned_Grebe/Horned_Grebe_0071_35078.jpg,dinov2_reg4,0.4444444444444444,0.3891213389121339,0.8586902022361755,0.0166015625,0.019136009737849236,0.08928571428571429
051.Horned_Grebe/Horned_Grebe_0095_34491.jpg,dinov2_reg4,0.5300261096605744,0.5205128205128206,0.8729945421218872,0.001953125,0.01315334439277649,0.20129145408163265
051.Horned_Grebe/Horned_Grebe_0053_34512.jpg,dinov2_reg4,0.45525291828793774,0.420863309352518,0.8587766885757446,0.0029296875,0.032822154462337494,0.11828364158163265
051.Horned_Grebe/Horned_Grebe_0029_34557.jpg,dinov2_reg4,0.48214285714285715,0.5094339622641509,0.8786507248878479,0.0078125,0.011848594062030315,0.13408801020408162
052.Pied_billed_Grebe/Pied_Billed_Grebe_0013_35882.jpg,dinov2_reg4,0.6083650190114068,0.6611570247933884,0.8153291940689087,0.0205078125,0.03142424672842026,0.16101323341836735
052.Pied_billed_Grebe/Pied_Billed_Grebe_0053_35262.jpg,dinov2_reg4,0.0,0.5103244837758112,0.8513057231903076,0.0,0.021304165944457054,0.16360411352040816
052.Pied_billed_Grebe/Pied_Billed_Grebe_0059_35507.jpg,dinov2_reg4,0.21333333333333335,0.22857142857142856,0.8893532752990723,0.0,0.046080321073532104,0.03364158163265306
052.Pied_billed_Grebe/Pied_Billed_Grebe_0056_35623.jpg,dinov2_reg4,0.4602510460251046,0.4641350210970464,0.8984652161598206,0.0,0.005284173414111137,0.10666454081632654
053.Western_Grebe/Western_Grebe_0029_36379.jpg,dinov2_reg4,0.6092436974789915,0.6473214285714286,0.8814145922660828,0.017578125,0.008308817632496357,0.14686304209183673
053.Western_Grebe/Western_Grebe_0048_36399.jpg,dinov2_reg4,0.1965065502183406,0.225,0.8540269136428833,0.0,0.014448574744164944,0.04587850765306122
053.Western_Grebe/Western_Grebe_0089_36154.jpg,dinov2_reg4,0.6793478260869565,0.7102272727272727,0.8518516421318054,0.0,0.022513527423143387,0.12228954081632654
054.Blue_Grosbeak/Blue_Grosbeak_0109_36914.jpg,dinov2_reg4,0.6488095238095238,0.28205128205128205,0.796113908290863,0.021484375,0.036386169493198395,0.11180644132653061
054.Blue_Grosbeak/Blue_Grosbeak_0015_36985.jpg,dinov2_reg4,0.6176470588235294,0.0,0.7623497247695923,0.044921875,0.07240878790616989,0.08181202168367346
054.Blue_Grosbeak/Blue_Grosbeak_0085_36990.jpg,dinov2_reg4,0.6408839779005525,0.007216494845360825,0.7867411375045776,0.0380859375,0.04616420716047287,0.1277702487244898
054.Blue_Grosbeak/Blue_Grosbeak_0016_36862.jpg,dinov2_reg4,0.33980582524271846,0.0,0.798694372177124,0.0,0.051551517099142075,0.03392059948979592
055.Evening_Grosbeak/Evening_Grosbeak_0141_37398.jpg,dinov2_reg4,0.3522012578616352,0.0,0.8521007895469666,0.0703125,0.023328140377998352,0.0548469387755102
055.Evening_Grosbeak/Evening_Grosbeak_0063_37409.jpg,dinov2_reg4,0.6227272727272727,0.28964059196617337,0.8502612113952637,0.03125,0.026147257536649704,0.13382892219387754
055.Evening_Grosbeak/Evening_Grosbeak_0028_37410.jpg,dinov2_reg4,0.6119402985074627,0.0,0.8109632730484009,0.0,0.029785161837935448,0.16661352040816327
055.Evening_Grosbeak/Evening_Grosbeak_0114_37416.jpg,dinov2_reg4,0.6619047619047619,0.6974358974358974,0.8347839117050171,0.0576171875,0.019817199558019638,0.1389110331632653
055.Evening_Grosbeak/Evening_Grosbeak_0085_37487.jpg,dinov2_reg4,0.7198443579766537,0.6537102473498233,0.8162544965744019,0.0751953125,0.03154226392507553,0.1818000637755102
055.Evening_Grosbeak/Evening_Grosbeak_0053_38005.jpg,dinov2_reg4,0.7224669603524229,0.7488584474885844,0.8225029706954956,0.025390625,0.023487163707613945,0.1650988520408163
055.Evening_Grosbeak/Evening_Grosbeak_0098_37532.jpg,dinov2_reg4,0.594059405940594,0.0,0.8249074220657349,0.0,0.025155769661068916,0.12278778698979592
055.Evening_Grosbeak/Evening_Grosbeak_0038_37228.jpg,dinov2_reg4,0.7464285714285714,0.7517985611510791,0.8447922468185425,0.0,0.01753537543118,0.20918367346938777
055.Evening_Grosbeak/Evening_Grosbeak_0015_37238.jpg,dinov2_reg4,0.5524475524475524,0.10941828254847645,0.7679303884506226,0.029296875,0.08478689193725586,0.07619180484693877
055.Evening_Grosbeak/Evening_Grosbeak_0021_37789.jpg,dinov2_reg4,0.6573208722741433,0.2918395573997234,0.8089963793754578,0.0,0.04627380520105362,0.21326929209183673
055.Evening_Grosbeak/Evening_Grosbeak_0129_37831.jpg,dinov2_reg4,0.8409090909090909,0.8662207357859532,0.8010462522506714,0.0,0.06849396973848343,0.2534877232142857
056.Pine_Grosbeak/Pine_Grosbeak_0094_38912.jpg,dinov2_reg4,0.3655913978494624,0.007633587786259542,0.7956557273864746,0.00390625,0.0791645497083664,0.03932158801020408
056.Pine_Grosbeak/Pine_Grosbeak_0077_38929.jpg,dinov2_reg4,0.7064846416382252,0.6408668730650154,0.8261909484863281,0.021484375,0.02427084557712078,0.20310507015306123
056.Pine_Grosbeak/Pine_Grosbeak_0042_38432.jpg,dinov2_reg4,0.48366013071895425,0.04730831973898858,0.8127129077911377,0.0419921875,0.04437323659658432,0.07631138392857142
056.Pine_Grosbeak/Pine_Grosbeak_0071_38207.jpg,dinov2_reg4,0.652014652014652,0.6980392156862745,0.8308920860290527,0.013671875,0.01590310037136078,0.17165577168367346
056.Pine_Grosbeak/Pine_Grosbeak_0016_38743.jpg,dinov2_reg4,0.6546184738955824,0.652,0.8461251258850098,0.015625,0.012917445972561836,0.1605548469387755
056.Pine_Grosbeak/Pine_Grosbeak_0052_38804.jpg,dinov2_reg4,0.6829268292682927,0.025210084033613446,0.8013796806335449,0.091796875,0.06292286515235901,0.08380500637755102
056.Pine_Grosbeak/Pine_Grosbeak_0009_38609.jpg,dinov2_reg4,0.5622895622895623,0.0,0.8646939992904663,0.0,0.0257591363042593,0.16374362244897958
056.Pine_Grosbeak/Pine_Grosbeak_0004_38396.jpg,dinov2_reg4,0.6797153024911032,0.6895306859205776,0.8487247228622437,0.005859375,0.015318373218178749,0.18935347576530612
057.Rose_breasted_Grosbeak/Rose_Breasted_Grosbeak_0003_39223.jpg,dinov2_reg4,0.3111111111111111,0.0,0.8763808012008667,0.056640625,0.012727061286568642,0.04177295918367347
057.Rose_breasted_Grosbeak/Rose_Breasted_Grosbeak_0032_39772.jpg,dinov2_reg4,0.1630901287553648,0.0819277108433735,0.8165683746337891,0.0517578125,0.03320460394024849,0.03960060586734694
057.Rose_breasted_Grosbeak/Rose_Breasted_Grosbeak_0060_39279.jpg,dinov2_reg4,0.48091603053435117,0.0,0.8271912932395935,0.06640625,0.054983049631118774,0.06186224489795918
057.Rose_breasted_Grosbeak/Rose_Breasted_Grosbeak_0126_39361.jpg,dinov2_reg4,0.5333333333333333,0.15458937198067632,0.7841479778289795,0.0390625,0.05073890462517738,0.06327726403061225
058.Pigeon_Guillemot/Pigeon_Guillemot_0071_40216.jpg,dinov2_reg4,0.7924528301886793,0.8235294117647058,0.8569304943084717,0.0068359375,0.05724130570888519,0.20832669005102042
058.Pigeon_Guillemot/Pigeon_Guillemot_0096_39995.jpg,dinov2_reg4,0.7120253164556962,0.4658385093167702,0.8153416514396667,0.0,0.03183479979634285,0.21749441964285715
058.Pigeon_Guillemot/Pigeon_Guillemot_0043_39861.jpg,dinov2_reg4,0.690625,0.7015873015873015,0.8408934473991394,0.0,0.0194381270557642,0.2168765943877551
058.Pigeon_Guillemot/Pigeon_Guillemot_0075_40159.jpg,dinov2_reg4,0.6763285024154589,0.36009732360097324,0.8358296751976013,0.0,0.018838243559002876,0.1455078125
059.California_Gull/California_Gull_0078_41550.jpg,dinov2_reg4,0.35580524344569286,0.0,0.8551581501960754,0.0,0.022194754332304,0.09624123086734694
059.California_Gull/California_Gull_0088_41296.jpg,dinov2_reg4,0.13851992409867173,0.14152700186219738,0.8250394463539124,0.0107421875,0.031378235667943954,0.07391980229591837
059.California_Gull/California_Gull_0001_40786.jpg,dinov2_reg4,0.39814814814814814,0.3644067796610169,0.8566275835037231,0.0,0.00814785622060299,0.08438297193877552
059.California_Gull/California_Gull_0058_40858.jpg,dinov2_reg4,0.4290909090909091,0.0,0.8378172516822815,0.0,0.012233536690473557,0.11479591836734694
060.Glaucous_winged_Gull/Glaucous_Winged_Gull_0136_45059.jpg,dinov2_reg4,0.5946969696969697,0.5688405797101449,0.7989075183868408,0.0,0.05674810707569122,0.15656887755102042
060.Glaucous_winged_Gull/Glaucous_Winged_Gull_0015_44198.jpg,dinov2_reg4,0.532258064516129,0.1746031746031746,0.8482902646064758,0.001953125,0.054691966623067856,0.10255899234693877
060.Glaucous_winged_Gull/Glaucous_Winged_Gull_0017_45224.jpg,dinov2_reg4,0.5141700404858299,0.5313807531380753,0.8168424367904663,0.0078125,0.01517111249268055,0.12627551020408162
061.Heermann_Gull/Heermann_Gull_0109_45619.jpg,dinov2_reg4,0.45982142857142855,0.47685185185185186,0.8786106705665588,0.0,0.007525620050728321,0.10269850127551021
061.Heermann_Gull/Heermann_Gull_0031_45822.jpg,dinov2_reg4,0.329004329004329,0.0,0.8271776437759399,0.0,0.02554795704782009,0.07936065051020408
061.Heermann_Gull/Heermann_Gull_0027_45864.jpg,dinov2_reg4,0.6749116607773852,0.6895306859205776,0.8063092231750488,0.0,0.0607900395989418,0.18088329081632654
061.Heermann_Gull/Heermann_Gull_0136_45416.jpg,dinov2_reg4,0.6462765957446809,0.5010309278350515,0.8526697158813477,0.001953125,0.014867416583001614,0.2335578762755102
061.Heermann_Gull/Heermann_Gull_0001_45472.jpg,dinov2_reg4,0.33658536585365856,0.125,0.8428565263748169,0.0,0.018555590882897377,0.07106983418367346
062.Herring_Gull/Herring_Gull_0001_48205.jpg,dinov2_reg4,0.6211453744493393,0.3032258064516129,0.848535418510437,0.0,0.03318338841199875,0.13909040178571427
062.Herring_Gull/Herring_Gull_0120_48822.jpg,dinov2_reg4,0.9046793760831889,0.8917089678510999,0.8704376220703125,0.0,0.008741713128983974,0.5129743303571429
062.Herring_Gull/Herring_Gull_0068_46392.jpg,dinov2_reg4,0.6125,0.4066390041493776,0.8577631711959839,0.0087890625,0.020259976387023926,0.19772401147959184
062.Herring_Gull/Herring_Gull_0082_47540.jpg,dinov2_reg4,0.24147727272727273,0.0,0.8736429214477539,0.0009765625,0.008474031463265419,0.08547911352040816
063.Ivory_Gull/Ivory_Gull_0110_49408.jpg,dinov2_reg4,0.564748201438849,0.5902255639097744,0.8653887510299683,0.0048828125,0.007806431036442518,0.15710698341836735
063.Ivory_Gull/Ivory_Gull_0085_49456.jpg,dinov2_reg4,0.4163424124513619,0.4403292181069959,0.8781925439834595,0.001953125,0.0020414995960891247,0.10622608418367346
063.Ivory_Gull/Ivory_Gull_0086_49532.jpg,dinov2_reg4,0.5821428571428572,0.573943661971831,0.8663582801818848,0.0,0.010381637141108513,0.16193000637755103
063.Ivory_Gull/Ivory_Gull_0073_49287.jpg,dinov2_reg4,0.5661375661375662,0.5944444444444444,0.8355851173400879,0.0966796875,0.034050069749355316,0.11116868622448979
063.Ivory_Gull/Ivory_Gull_0007_49364.jpg,dinov2_reg4,0.532608695652174,0.35,0.8600255846977234,0.0234375,0.016073571518063545,0.09925063775510204
064.Ring_billed_Gull/Ring_Billed_Gull_0039_50191.jpg,dinov2_reg4,0.4879518072289157,0.0,0.8137164115905762,0.0,0.0226989034563303,0.08679448341836735
064.Ring_billed_Gull/Ring_Billed_Gull_0085_51292.jpg,dinov2_reg4,0.6726190476190477,0.6848484848484848,0.838034987449646,0.0,0.014755215495824814,0.22213807397959184
064.Ring_billed_Gull/Ring_Billed_Gull_0115_51891.jpg,dinov2_reg4,0.5608856088560885,0.24358974358974358,0.837971568107605,0.001953125,0.010673323646187782,0.14540816326530612
065.Slaty_backed_Gull/Slaty_Backed_Gull_0022_796022.jpg,dinov2_reg4,0.6666666666666666,0.6863905325443787,0.8613584041595459,0.0,0.01558489166200161,0.22435028698979592
065.Slaty_backed_Gull/Slaty_Backed_Gull_0024_796028.jpg,dinov2_reg4,0.6030534351145038,0.6196078431372549,0.808345377445221,0.0009765625,0.03513259068131447,0.15718670280612246
065.Slaty_backed_Gull/Slaty_Backed_Gull_0023_796030.jpg,dinov2_reg4,0.575,0.3609865470852018,0.8915865421295166,0.0,0.007383251562714577,0.16067442602040816
065.Slaty_backed_Gull/Slaty_Backed_Gull_0078_796042.jpg,dinov2_reg4,0.3310344827586207,0.32432432432432434,0.8832337856292725,0.0,0.03350035473704338,0.046795280612244895
065.Slaty_backed_Gull/Slaty_Backed_Gull_0085_53158.jpg,dinov2_reg4,0.6042296072507553,0.3853564547206166,0.8682929277420044,0.0,0.01579407788813114,0.2037029655612245
066.Western_Gull/Western_Gull_0013_54794.jpg,dinov2_reg4,0.1568627450980392,0.0,0.8366022109985352,0.0,0.02375507913529873,0.05229591836734694
066.Western_Gull/Western_Gull_0078_53595.jpg,dinov2_reg4,0.41603053435114506,0.32344213649851633,0.8382245302200317,0.0,0.026127981022000313,0.1129623724489796
066.Western_Gull/Western_Gull_0104_53816.jpg,dinov2_reg4,0.4985835694050991,0.5086705202312138,0.8731262683868408,0.0,0.014096533879637718,0.17478475765306123
066.Western_Gull/Western_Gull_0050_54425.jpg,dinov2_reg4,0.39344262295081966,0.0,0.858381986618042,0.0,0.05098986625671387,0.023995535714285716
066.Western_Gull/Western_Gull_0069_53553.jpg,dinov2_reg4,0.673469387755102,0.3333333333333333,0.8001828789710999,0.0048828125,0.04748518764972687,0.13356983418367346
066.Western_Gull/Western_Gull_0066_54105.jpg,dinov2_reg4,0.5960591133004927,0.5817307692307693,0.8600889444351196,0.0,0.0241780374199152,0.23818160076530612
066.Western_Gull/Western_Gull_0024_53631.jpg,dinov2_reg4,0.359504132231405,0.20046082949308755,0.8864772319793701,0.0,0.0179294366389513,0.08777104591836735
066.Western_Gull/Western_Gull_0049_53748.jpg,dinov2_reg4,0.6354430379746835,0.5640449438202247,0.8733426332473755,0.0,0.008166171610355377,0.24111128826530612
067.Anna_Hummingbird/Anna_Hummingbird_0080_56366.jpg,dinov2_reg4,0.44755244755244755,0.22735346358792186,0.8676705956459045,0.01953125,0.013087300583720207,0.12976323341836735
067.Anna_Hummingbird/Anna_Hummingbird_0055_56396.jpg,dinov2_reg4,0.28708133971291866,0.0,0.8773193359375,0.0,0.009087870828807354,0.057736766581632654
067.Anna_Hummingbird/Anna_Hummingbird_0087_56435.jpg,dinov2_reg4,0.6277056277056277,0.6712962962962963,0.882212221622467,0.0048828125,0.008754844777286053,0.1433952487244898
067.Anna_Hummingbird/Anna_Hummingbird_0019_57025.jpg,dinov2_reg4,0.3728813559322034,0.0,0.8854565620422363,0.0048828125,0.013745746575295925,0.04723373724489796
067.Anna_Hummingbird/Anna_Hummingbird_0037_56587.jpg,dinov2_reg4,0.635,0.538135593220339,0.8831319808959961,0.0107421875,0.017558204010128975,0.12366470025510204
068.Ruby_throated_Hummingbird/Ruby_Throated_Hummingbird_0077_57858.jpg,dinov2_reg4,0.6654411764705882,0.3900862068965517,0.8419604897499084,0.0,0.023374143987894058,0.18070392219387754
068.Ruby_throated_Hummingbird/Ruby_Throated_Hummingbird_0072_57391.jpg,dinov2_reg4,0.6162790697674418,0.6253687315634219,0.8932021856307983,0.0,0.005782484542578459,0.21075813137755103
068.Ruby_throated_Hummingbird/Ruby_Throated_Hummingbird_0118_57536.jpg,dinov2_reg4,0.16123778501628663,0.1544461778471139,0.8554940223693848,0.005859375,0.03419960290193558,0.09819435586734694
068.Ruby_throated_Hummingbird/Ruby_Throated_Hummingbird_0115_58067.jpg,dinov2_reg4,0.6742424242424242,0.6872586872586872,0.8769071102142334,0.0,0.0067147440277040005,0.17578125
068.Ruby_throated_Hummingbird/Ruby_Throated_Hummingbird_0108_57653.jpg,dinov2_reg4,0.15447154471544716,0.14074074074074075,0.869556725025177,0.0,0.012449171394109726,0.05883290816326531
069.Rufous_Hummingbird/Rufous_Hummingbird_0009_59405.jpg,dinov2_reg4,0.5454545454545454,0.3583061889250814,0.8738129138946533,0.0,0.0068041239865124226,0.11122847576530612
069.Rufous_Hummingbird/Rufous_Hummingbird_0134_59449.jpg,dinov2_reg4,0.5380952380952381,0.0017452006980802793,0.8938297033309937,0.1025390625,0.011741151101887226,0.11168686224489796
069.Rufous_Hummingbird/Rufous_Hummingbird_0100_59541.jpg,dinov2_reg4,0.47761194029850745,0.011857707509881422,0.7947496175765991,0.046875,0.03341180458664894,0.07049186862244898
069.Rufous_Hummingbird/Rufous_Hummingbird_0046_59647.jpg,dinov2_reg4,0.5903614457831325,0.620253164556962,0.9057363867759705,0.0390625,0.0029751684051007032,0.14622528698979592
069.Rufous_Hummingbird/Rufous_Hummingbird_0119_59681.jpg,dinov2_reg4,0.0,0.1554192229038855,0.8501447439193726,0.005859375,0.022391460835933685,0.07886240433673469
070.Green_Violetear/Green_Violetear_0057_795701.jpg,dinov2_reg4,0.8130841121495327,0.8233438485804416,0.861714780330658,0.0,0.02256096340715885,0.2561583227040816
070.Green_Violetear/Green_Violetear_0044_795717.jpg,dinov2_reg4,0.6618357487922706,0.548,0.8853261470794678,0.0048828125,0.008585890755057335,0.13560267857142858
070.Green_Violetear/Green_Violetear_0119_795724.jpg,dinov2_reg4,0.65,0.6777251184834123,0.853445291519165,0.0,0.016548000276088715,0.14467075892857142
071.Long_tailed_Jaeger/Long_Tailed_Jaeger_0033_60955.jpg,dinov2_reg4,0.5085714285714286,0.5426829268292683,0.8068563938140869,0.0048828125,0.05396953970193863,0.08557876275510204
071.Long_tailed_Jaeger/Long_Tailed_Jaeger_0044_60968.jpg,dinov2_reg4,0.35327635327635326,0.33787465940054495,0.8785455226898193,0.001953125,0.008783983066678047,0.11920041454081633
071.Long_tailed_Jaeger/Long_Tailed_Jaeger_0047_797075.jpg,dinov2_reg4,0.5846774193548387,0.5870445344129555,0.8749120831489563,0.0,0.020451338961720467,0.1465441645408163
071.Long_tailed_Jaeger/Long_Tailed_Jaeger_0036_797076.jpg,dinov2_reg4,0.5866261398176292,0.6012461059190031,0.888114333152771,0.0,0.007173777092248201,0.18833705357142858
072.Pomarine_Jaeger/Pomarine_Jaeger_0058_795746.jpg,dinov2_reg4,0.4734848484848485,0.4789272030651341,0.8186474442481995,0.0009765625,0.01246937457472086,0.12802933673469388
072.Pomarine_Jaeger/Pomarine_Jaeger_0033_795749.jpg,dinov2_reg4,0.49193548387096775,0.48412698412698413,0.8879175186157227,0.0,0.020387811586260796,0.12099410076530612
072.Pomarine_Jaeger/Pomarine_Jaeger_0045_795750.jpg,dinov2_reg4,0.4772727272727273,0.47115384615384615,0.9091445207595825,0.0,0.005869902670383453,0.14205994897959184
072.Pomarine_Jaeger/Pomarine_Jaeger_0014_61335.jpg,dinov2_reg4,0.3673469387755102,0.36885245901639346,0.9190241098403931,0.0,0.004000329878181219,0.08834901147959184
072.Pomarine_Jaeger/Pomarine_Jaeger_0062_61351.jpg,dinov2_reg4,0.41284403669724773,0.4090909090909091,0.8909450769424438,0.0,0.02135792002081871,0.08848852040816327
072.Pomarine_Jaeger/Pomarine_Jaeger_0002_61361.jpg,dinov2_reg4,0.30714285714285716,0.2945205479452055,0.8915728330612183,0.0,0.04682953655719757,0.04083625637755102
072.Pomarine_Jaeger/Pomarine_Jaeger_0063_61406.jpg,dinov2_reg4,0.20121951219512196,0.0,0.9047907590866089,0.052734375,0.002166836056858301,0.03168845663265306
073.Blue_Jay/Blue_Jay_0083_61492.jpg,dinov2_reg4,0.64453125,0.6470588235294118,0.8171026706695557,0.09375,0.021351516246795654,0.1591198979591837
073.Blue_Jay/Blue_Jay_0068_61543.jpg,dinov2_reg4,0.519774011299435,0.20087336244541484,0.7985939979553223,0.0185546875,0.0355096235871315,0.09576291454081633
073.Blue_Jay/Blue_Jay_0076_61817.jpg,dinov2_reg4,0.7263681592039801,0.7448979591836735,0.8206377029418945,0.005859375,0.01811913587152958,0.14479033801020408
073.Blue_Jay/Blue_Jay_0050_62974.jpg,dinov2_reg4,0.5805084745762712,0.4254658385093168,0.8332939147949219,0.0,0.015455405227839947,0.13685825892857142
074.Florida_Jay/Florida_Jay_0105_64522.jpg,dinov2_reg4,0.6137339055793991,0.6651162790697674,0.810123085975647,0.0380859375,0.026322385296225548,0.1385124362244898
074.Florida_Jay/Florida_Jay_0004_65042.jpg,dinov2_reg4,0.5739644970414202,0.376425855513308,0.7812914848327637,0.083984375,0.058563269674777985,0.09851323341836735
074.Florida_Jay/Florida_Jay_0011_64920.jpg,dinov2_reg4,0.7021276595744681,0.7330960854092526,0.8170866370201111,0.013671875,0.018867362290620804,0.2100207270408163
074.Florida_Jay/Florida_Jay_0005_64940.jpg,dinov2_reg4,0.6842105263157895,0.7185929648241206,0.762478232383728,0.0146484375,0.06510160118341446,0.1585419323979592
074.Florida_Jay/Florida_Jay_0080_64505.jpg,dinov2_reg4,0.6386138613861386,0.6417910447761194,0.780329704284668,0.0205078125,0.047888580709695816,0.1320750956632653
074.Florida_Jay/Florida_Jay_0041_64734.jpg,dinov2_reg4,0.6388888888888888,0.7055214723926381,0.762122631072998,0.0048828125,0.050754278898239136,0.1143375318877551
074.Florida_Jay/Florida_Jay_0099_64735.jpg,dinov2_reg4,0.30916030534351147,0.0,0.7685800790786743,0.0078125,0.03955434262752533,0.07856345663265306
074.Florida_Jay/Florida_Jay_0065_64739.jpg,dinov2_reg4,0.23484848484848486,0.20261437908496732,0.7619766592979431,0.0322265625,0.06823326647281647,0.03228635204081633
075.Green_Jay/Green_Jay_0126_65716.jpg,dinov2_reg4,0.42718446601941745,0.0509433962264151,0.7764983177185059,0.0419921875,0.04218113049864769,0.04474250637755102
075.Green_Jay/Green_Jay_0115_65745.jpg,dinov2_reg4,0.5232558139534884,0.12258953168044077,0.8590672016143799,0.005859375,0.03012927994132042,0.09303252551020408
075.Green_Jay/Green_Jay_0106_65811.jpg,dinov2_reg4,0.553030303030303,0.16299559471365638,0.7764607071876526,0.0517578125,0.04352444410324097,0.07376036352040816
076.Dark_eyed_Junco/Dark_Eyed_Junco_0016_68738.jpg,dinov2_reg4,0.6680851063829787,0.6916299559471366,0.8950880765914917,0.001953125,0.016031702980399132,0.15541294642857142
076.Dark_eyed_Junco/Dark_Eyed_Junco_0031_66785.jpg,dinov2_reg4,0.6781115879828327,0.4362745098039216,0.8431117534637451,0.09375,0.0183440912514925,0.17956792091836735
076.Dark_eyed_Junco/Dark_Eyed_Junco_0059_66305.jpg,dinov2_reg4,0.29777777777777775,0.0,0.8300983905792236,0.0595703125,0.016733644530177116,0.06558912627551021
076.Dark_eyed_Junco/Dark_Eyed_Junco_0093_67335.jpg,dinov2_reg4,0.4502923976608187,0.4301675977653631,0.8270881175994873,0.0009765625,0.011625773273408413,0.07206632653061225
076.Dark_eyed_Junco/Dark_Eyed_Junco_0131_66423.jpg,dinov2_reg4,0.6071428571428571,0.10240963855421686,0.7646210193634033,0.056640625,0.03753224387764931,0.06708386479591837
076.Dark_eyed_Junco/Dark_Eyed_Junco_0114_67964.jpg,dinov2_reg4,0.2653061224489796,0.0,0.784469485282898,0.0517578125,0.06545273959636688,0.05470742984693878
076.Dark_eyed_Junco/Dark_Eyed_Junco_0083_66449.jpg,dinov2_reg4,0.7829457364341085,0.8244897959183674,0.7813844680786133,0.02734375,0.045772552490234375,0.19577088647959184
076.Dark_eyed_Junco/Dark_Eyed_Junco_0111_66488.jpg,dinov2_reg4,0.6160337552742616,0.6339285714285714,0.7816486358642578,0.013671875,0.08210291713476181,0.18317522321428573
077.Tropical_Kingbird/Tropical_Kingbird_0068_69397.jpg,dinov2_reg4,0.4402730375426621,0.37175792507204614,0.8471242785453796,0.03125,0.01426478661596775,0.12627551020408162
077.Tropical_Kingbird/Tropical_Kingbird_0038_69455.jpg,dinov2_reg4,0.6312684365781711,0.4376278118609407,0.8705799579620361,0.0,0.012699592858552933,0.21257174744897958
077.Tropical_Kingbird/Tropical_Kingbird_0084_69312.jpg,dinov2_reg4,0.453125,0.0,0.8569170236587524,0.0,0.037880800664424896,0.09253427933673469
077.Tropical_Kingbird/Tropical_Kingbird_0024_69582.jpg,dinov2_reg4,0.642570281124498,0.3041825095057034,0.8536808490753174,0.0087890625,0.011621362529695034,0.1533203125
077.Tropical_Kingbird/Tropical_Kingbird_0063_69589.jpg,dinov2_reg4,0.08991825613079019,0.0,0.8537980318069458,0.0,0.013913655653595924,0.029755261479591837
078.Gray_Kingbird/Gray_Kingbird_0077_70191.jpg,dinov2_reg4,0.47540983606557374,0.18181818181818182,0.8426730632781982,0.0,0.015598893165588379,0.12300701530612244
078.Gray_Kingbird/Gray_Kingbird_0043_795032.jpg,dinov2_reg4,0.2797427652733119,0.2396694214876033,0.8539274334907532,0.0419921875,0.011262116022408009,0.08619658801020408
078.Gray_Kingbird/Gray_Kingbird_0010_70057.jpg,dinov2_reg4,0.5625,0.0,0.8416391611099243,0.00390625,0.025113994255661964,0.12794961734693877
078.Gray_Kingbird/Gray_Kingbird_0076_70070.jpg,dinov2_reg4,0.6317365269461078,0.0,0.8633288145065308,0.0,0.0360679030418396,0.2024872448979592
079.Belted_Kingfisher/Belted_Kingfisher_0079_70524.jpg,dinov2_reg4,0.40993788819875776,0.0,0.8204988241195679,0.0009765625,0.024809937924146652,0.06662547831632654
079.Belted_Kingfisher/Belted_Kingfisher_0063_70835.jpg,dinov2_reg4,0.6538461538461539,0.281767955801105,0.7677711248397827,0.0703125,0.030789917334914207,0.10006776147959184
079.Belted_Kingfisher/Belted_Kingfisher_0058_70848.jpg,dinov2_reg4,0.48014440433212996,0.5057034220532319,0.9049156904220581,0.0,0.005274035967886448,0.12976323341836735
079.Belted_Kingfisher/Belted_Kingfisher_0096_70347.jpg,dinov2_reg4,0.40406976744186046,0.3746630727762803,0.8468997478485107,0.0224609375,0.010270630940794945,0.13514429209183673
079.Belted_Kingfisher/Belted_Kingfisher_0028_70358.jpg,dinov2_reg4,0.5809859154929577,0.4325581395348837,0.8642160892486572,0.005859375,0.01807389035820961,0.18664301658163265
079.Belted_Kingfisher/Belted_Kingfisher_0014_70910.jpg,dinov2_reg4,0.5876288659793815,0.3081081081081081,0.8352767825126648,0.001953125,0.019789019599556923,0.11290258290816327
080.Green_Kingfisher/Green_Kingfisher_0060_66074.jpg,dinov2_reg4,0.40217391304347827,0.006160164271047228,0.8044271469116211,0.0556640625,0.01885339990258217,0.03647161989795918
080.Green_Kingfisher/Green_Kingfisher_0074_71214.jpg,dinov2_reg4,0.7551020408163265,0.20593692022263452,0.7985873222351074,0.0546875,0.03169993683695793,0.10664461096938775
080.Green_Kingfisher/Green_Kingfisher_0057_71096.jpg,dinov2_reg4,0.3548387096774194,0.2323943661971831,0.8064629435539246,0.099609375,0.03289872035384178,0.0748764349489796
080.Green_Kingfisher/Green_Kingfisher_0002_71055.jpg,dinov2_reg4,0.6987951807228916,0.7402597402597403,0.7800675630569458,0.0693359375,0.0324278324842453,0.11377949617346939
080.Green_Kingfisher/Green_Kingfisher_0089_71325.jpg,dinov2_reg4,0.5157894736842106,0.0698005698005698,0.7789419889450073,0.0517578125,0.04307280480861664,0.04856903698979592
080.Green_Kingfisher/Green_Kingfisher_0077_71129.jpg,dinov2_reg4,0.7219730941704036,0.7203579418344519,0.8614544868469238,0.0,0.01134541817009449,0.3119419642857143
080.Green_Kingfisher/Green_Kingfisher_0035_71133.jpg,dinov2_reg4,0.5696969696969697,0.3219178082191781,0.8484535813331604,0.0283203125,0.01983058638870716,0.09683912627551021
081.Pied_Kingfisher/Pied_Kingfisher_0132_72706.jpg,dinov2_reg4,0.36462093862815886,0.0,0.8661715984344482,0.0126953125,0.006621233653277159,0.09795519770408163
081.Pied_Kingfisher/Pied_Kingfisher_0047_72401.jpg,dinov2_reg4,0.4484536082474227,0.0,0.8496376276016235,0.0,0.014938129112124443,0.08735251913265306
081.Pied_Kingfisher/Pied_Kingfisher_0095_72008.jpg,dinov2_reg4,0.5594059405940595,0.2646370023419204,0.8171557188034058,0.01171875,0.02064915932714939,0.11234454719387756
081.Pied_Kingfisher/Pied_Kingfisher_0085_71557.jpg,dinov2_reg4,0.24271844660194175,0.0,0.8745021820068359,0.0068359375,0.009527835994958878,0.049306441326530615
082.Ringed_Kingfisher/Ringed_Kingfisher_0051_72997.jpg,dinov2_reg4,0.28421052631578947,0.0017793594306049821,0.796750545501709,0.0244140625,0.08111122995615005,0.02467315051020408
082.Ringed_Kingfisher/Ringed_Kingfisher_0083_73053.jpg,dinov2_reg4,0.156794425087108,0.0,0.82333904504776,0.0,0.012609935365617275,0.04633689413265306
082.Ringed_Kingfisher/Ringed_Kingfisher_0043_72877.jpg,dinov2_reg4,0.615819209039548,0.0,0.7866944670677185,0.0439453125,0.04332788288593292,0.10664461096938775
083.White_breasted_Kingfisher/White_Breasted_Kingfisher_0047_73251.jpg,dinov2_reg4,0.3333333333333333,0.10385756676557864,0.836493730545044,0.052734375,0.019418107345700264,0.03457828443877551
083.White_breasted_Kingfisher/White_Breasted_Kingfisher_0065_73372.jpg,dinov2_reg4,0.5096153846153846,0.0,0.8721408843994141,0.0,0.019834626466035843,0.11431760204081633
084.Red_legged_Kittiwake/Red_Legged_Kittiwake_0051_795404.jpg,dinov2_reg4,0.8433420365535248,0.8613333333333333,0.858060896396637,0.0,0.01984402723610401,0.3140345982142857
084.Red_legged_Kittiwake/Red_Legged_Kittiwake_0040_795455.jpg,dinov2_reg4,0.8273615635179153,0.8494983277591973,0.8498019576072693,0.0439453125,0.03705776855349541,0.251953125
084.Red_legged_Kittiwake/Red_Legged_Kittiwake_0037_73794.jpg,dinov2_reg4,0.4507042253521127,0.11873840445269017,0.825728178024292,0.0029296875,0.014318828471004963,0.06447305484693877
085.Horned_Lark/Horned_Lark_0115_74271.jpg,dinov2_reg4,0.48739495798319327,0.004889975550122249,0.7855101227760315,0.01171875,0.05624181404709816,0.05580357142857143
085.Horned_Lark/Horned_Lark_0026_74910.jpg,dinov2_reg4,0.4540229885057471,0.2791519434628975,0.8146467208862305,0.0,0.036007873713970184,0.07932079081632654
085.Horned_Lark/Horned_Lark_0083_74444.jpg,dinov2_reg4,0.44594594594594594,0.13953488372093023,0.8226315379142761,0.009765625,0.03212578222155571,0.06652582908163265
085.Horned_Lark/Horned_Lark_0014_74963.jpg,dinov2_reg4,0.6255506607929515,0.6574074074074074,0.8331811428070068,0.0302734375,0.09578707814216614,0.1436344068877551
085.Horned_Lark/Horned_Lark_0087_73989.jpg,dinov2_reg4,0.6968641114982579,0.696551724137931,0.7910557985305786,0.0009765625,0.033395376056432724,0.19437579719387754
085.Horned_Lark/Horned_Lark_0019_73996.jpg,dinov2_reg4,0.24358974358974358,0.0,0.8568867444992065,0.025390625,0.012326848693192005,0.04123485331632653
086.Pacific_Loon/Pacific_Loon_0041_75782.jpg,dinov2_reg4,0.0,0.1835016835016835,0.8342111706733704,0.005859375,0.048067886382341385,0.09638073979591837
086.Pacific_Loon/Pacific_Loon_0045_75589.jpg,dinov2_reg4,0.24277456647398843,0.0,0.8578706979751587,0.0,0.024599885568022728,0.04450334821428571
087.Mallard/Mallard_0128_77396.jpg,dinov2_reg4,0.5829145728643216,0.5873417721518988,0.8831639289855957,0.0,0.015969492495059967,0.23024952168367346
087.Mallard/Mallard_0064_76654.jpg,dinov2_reg4,0.7430167597765364,0.4716312056737589,0.842797040939331,0.001953125,0.01680959016084671,0.2563576211734694
087.Mallard/Mallard_0107_76498.jpg,dinov2_reg4,0.6568627450980392,0.7362637362637363,0.8382854461669922,0.0,0.02571895904839039,0.12910554846938777
087.Mallard/Mallard_0083_77052.jpg,dinov2_reg4,0.9034090909090909,0.9037735849056604,0.8490210771560669,0.0,0.06532640010118484,0.4747688137755102
087.Mallard/Mallard_0109_76616.jpg,dinov2_reg4,0.7555555555555555,0.7707808564231738,0.8677576184272766,0.0,0.04749886691570282,0.30775669642857145
087.Mallard/Mallard_0045_77129.jpg,dinov2_reg4,0.5580524344569289,0.5775193798449613,0.8452874422073364,0.0029296875,0.009051293134689331,0.1437938456632653
088.Western_Meadowlark/Western_Meadowlark_0034_78869.jpg,dinov2_reg4,0.3333333333333333,0.0,0.8524613380432129,0.0,0.0146101675927639,0.04017857142857143
088.Western_Meadowlark/Western_Meadowlark_0032_78633.jpg,dinov2_reg4,0.6168582375478927,0.3946078431372549,0.8754531145095825,0.0,0.010510854423046112,0.1529217155612245
088.Western_Meadowlark/Western_Meadowlark_0107_78608.jpg,dinov2_reg4,0.6115384615384616,0.33974358974358976,0.8616524934768677,0.029296875,0.016673406586050987,0.15702726403061223
088.Western_Meadowlark/Western_Meadowlark_0064_78027.jpg,dinov2_reg4,0.544973544973545,0.5786516853932584,0.8405349850654602,0.068359375,0.05821007490158081,0.10803970025510204
089.Hooded_Merganser/Hooded_Merganser_0037_796731.jpg,dinov2_reg4,0.6676300578034682,0.6794117647058824,0.866072952747345,0.0,0.02315427176654339,0.2318439094387755
089.Hooded_Merganser/Hooded_Merganser_0047_78962.jpg,dinov2_reg4,0.7674418604651163,0.8048780487804879,0.8751848936080933,0.0166015625,0.008905916474759579,0.2573142538265306
089.Hooded_Merganser/Hooded_Merganser_0009_79012.jpg,dinov2_reg4,0.663594470046083,0.7236180904522613,0.8676490187644958,0.0126953125,0.007298679556697607,0.13847257653061223
089.Hooded_Merganser/Hooded_Merganser_0064_79040.jpg,dinov2_reg4,0.5581395348837209,0.5656565656565656,0.8723697066307068,0.0009765625,0.0340145081281662,0.1636639030612245
089.Hooded_Merganser/Hooded_Merganser_0020_79046.jpg,dinov2_reg4,0.6402877697841727,0.0,0.7991183400154114,0.0390625,0.046797458082437515,0.08799027423469388
089.Hooded_Merganser/Hooded_Merganser_0068_79057.jpg,dinov2_reg4,0.6716981132075471,0.7447698744769874,0.8717208504676819,0.0048828125,0.025946956127882004,0.1795280612244898
089.Hooded_Merganser/Hooded_Merganser_0063_79064.jpg,dinov2_reg4,0.654320987654321,0.6533742331288344,0.867283821105957,0.0009765625,0.030212009325623512,0.2105986926020408
090.Red_breasted_Merganser/Red_Breasted_Merganser_0030_79411.jpg,dinov2_reg4,0.39285714285714285,0.41847826086956524,0.8739755153656006,0.001953125,0.012021386995911598,0.0751953125
090.Red_breasted_Merganser/Red_Breasted_Merganser_0014_79205.jpg,dinov2_reg4,0.5538461538461539,0.004819277108433735,0.8343638181686401,0.0,0.06154555082321167,0.10835857780612244
090.Red_breasted_Merganser/Red_Breasted_Merganser_0004_79232.jpg,dinov2_reg4,0.24647887323943662,0.26119402985074625,0.8758983612060547,0.0,0.03935038298368454,0.03637197066326531
091.Mockingbird/Mockingbird_0030_79876.jpg,dinov2_reg4,0.6422764227642277,0.6528925619834711,0.7996264100074768,0.0390625,0.026258602738380432,0.15174585459183673
091.Mockingbird/Mockingbird_0084_80670.jpg,dinov2_reg4,0.5804195804195804,0.0,0.7497044801712036,0.029296875,0.0718778446316719,0.08205117984693877
091.Mockingbird/Mockingbird_0012_81216.jpg,dinov2_reg4,0.5508021390374331,0.30532212885154064,0.8335955739021301,0.0,0.011085235513746738,0.10859773596938775
091.Mockingbird/Mockingbird_0026_81214.jpg,dinov2_reg4,0.6904761904761905,0.5200945626477541,0.8437848687171936,0.0,0.022796377539634705,0.21540178571428573
091.Mockingbird/Mockingbird_0042_81728.jpg,dinov2_reg4,0.38181818181818183,0.15365853658536585,0.8702626824378967,0.0009765625,0.009510649368166924,0.06552933673469388
091.Mockingbird/Mockingbird_0067_79723.jpg,dinov2_reg4,0.6451612903225806,0.0,0.7508169412612915,0.01171875,0.073905348777771,0.06096540178571429
091.Mockingbird/Mockingbird_0082_80570.jpg,dinov2_reg4,0.4782608695652174,0.0,0.7793616056442261,0.001953125,0.03650509566068649,0.087890625
091.Mockingbird/Mockingbird_0001_79812.jpg,dinov2_reg4,0.6498194945848376,0.6451612903225806,0.8363113403320312,0.0,0.024531478062272072,0.18303571428571427
091.Mockingbird/Mockingbird_0021_80343.jpg,dinov2_reg4,0.4166666666666667,0.14828209764918626,0.7365443706512451,0.013671875,0.039437394589185715,0.07957987882653061
091.Mockingbird/Mockingbird_0023_80121.jpg,dinov2_reg4,0.7142857142857143,0.756578947368421,0.7359962463378906,0.1181640625,0.07650971412658691,0.11106903698979592
092.Nighthawk/Nighthawk_0059_82741.jpg,dinov2_reg4,0.720164609053498,0.28225806451612906,0.824061930179596,0.0322265625,0.04783361777663231,0.1717952806122449
092.Nighthawk/Nighthawk_0024_83519.jpg,dinov2_reg4,0.6440677966101694,0.6909090909090909,0.8079895973205566,0.0830078125,0.06734470278024673,0.11031170280612244
092.Nighthawk/Nighthawk_0087_82280.jpg,dinov2_reg4,0.41284403669724773,0.13761467889908258,0.863545298576355,0.0,0.01257825642824173,0.04470264668367347
092.Nighthawk/Nighthawk_0042_83603.jpg,dinov2_reg4,0.7360594795539034,0.7644787644787645,0.8588375449180603,0.013671875,0.013463094830513,0.19337930484693877
092.Nighthawk/Nighthawk_0020_83869.jpg,dinov2_reg4,0.5984251968503937,0.22857142857142856,0.8507581949234009,0.0,0.023399675264954567,0.14773995535714285
092.Nighthawk/Nighthawk_0072_795336.jpg,dinov2_reg4,0.8246575342465754,0.5663551401869159,0.8778989315032959,0.0,0.015035256743431091,0.2949816645408163
092.Nighthawk/Nighthawk_0028_82636.jpg,dinov2_reg4,0.0,0.28451882845188287,0.9073613882064819,0.0,0.003243713639676571,0.06421396683673469
093.Clark_Nutcracker/Clark_Nutcracker_0096_84996.jpg,dinov2_reg4,0.58984375,0.2978303747534517,0.8006769418716431,0.0,0.035285744816064835,0.15058992346938777
093.Clark_Nutcracker/Clark_Nutcracker_0102_85089.jpg,dinov2_reg4,0.6623376623376623,0.5953307392996109,0.8541556596755981,0.0361328125,0.013834383338689804,0.14951371173469388
093.Clark_Nutcracker/Clark_Nutcracker_0131_85701.jpg,dinov2_reg4,0.42410714285714285,0.4377880184331797,0.8043633699417114,0.009765625,0.04826021566987038,0.09355070153061225
093.Clark_Nutcracker/Clark_Nutcracker_0093_84809.jpg,dinov2_reg4,0.6435185185185185,0.6881188118811881,0.8252140283584595,0.037109375,0.028047947213053703,0.13448660714285715
093.Clark_Nutcracker/Clark_Nutcracker_0106_84856.jpg,dinov2_reg4,0.6060606060606061,0.6486486486486487,0.8409690260887146,0.06640625,0.04992663860321045,0.12601642219387754
093.Clark_Nutcracker/Clark_Nutcracker_0051_84950.jpg,dinov2_reg4,0.5431472081218274,0.37809187279151946,0.755449652671814,0.01171875,0.0463433600962162,0.10564811862244898
094.White_breasted_Nuthatch/White_Breasted_Nuthatch_0003_86029.jpg,dinov2_reg4,0.6846473029045643,0.3395061728395062,0.87704998254776,0.0634765625,0.025533050298690796,0.15967793367346939
094.White_breasted_Nuthatch/White_Breasted_Nuthatch_0060_86031.jpg,dinov2_reg4,0.6752136752136753,0.32644628099173556,0.8596348762512207,0.0283203125,0.01442305464297533,0.1522839604591837
094.White_breasted_Nuthatch/White_Breasted_Nuthatch_0063_86573.jpg,dinov2_reg4,0.7178217821782178,0.7323232323232324,0.8263096809387207,0.15625,0.03594248369336128,0.1455875318877551
094.White_breasted_Nuthatch/White_Breasted_Nuthatch_0020_86143.jpg,dinov2_reg4,0.34210526315789475,0.0,0.8585755825042725,0.0390625,0.013646597974002361,0.10331632653061225
095.Baltimore_Oriole/Baltimore_Oriole_0074_87214.jpg,dinov2_reg4,0.5680272108843537,0.39856801909307876,0.8633779287338257,0.0,0.013819901272654533,0.16169084821428573
095.Baltimore_Oriole/Baltimore_Oriole_0018_87782.jpg,dinov2_reg4,0.6871657754010695,0.41639871382636656,0.8521620035171509,0.0,0.0189148411154747,0.2553013392857143
095.Baltimore_Oriole/Baltimore_Oriole_0037_87337.jpg,dinov2_reg4,0.3617021276595745,0.007751937984496124,0.75840163230896,0.0078125,0.05144672840833664,0.04099569515306122
095.Baltimore_Oriole/Baltimore_Oriole_0058_87296.jpg,dinov2_reg4,0.3829787234042553,0.384,0.8313630819320679,0.01953125,0.02326008304953575,0.14391342474489796
095.Baltimore_Oriole/Baltimore_Oriole_0086_88375.jpg,dinov2_reg4,0.648854961832061,0.6007067137809188,0.8458655476570129,0.052734375,0.01043993141502142,0.17432637117346939
095.Baltimore_Oriole/Baltimore_Oriole_0112_87447.jpg,dinov2_reg4,0.5344827586206896,0.1103202846975089,0.8207910656929016,0.03515625,0.02758968435227871,0.0914779974489796
096.Hooded_Oriole/Hooded_Oriole_0024_90157.jpg,dinov2_reg4,0.5515873015873016,0.2693798449612403,0.8374629020690918,0.0,0.018291078507900238,0.14174107142857142
096.Hooded_Oriole/Hooded_Oriole_0077_90886.jpg,dinov2_reg4,0.5849056603773585,0.17748091603053434,0.7990063428878784,0.03125,0.023615848273038864,0.0946468431122449
096.Hooded_Oriole/Hooded_Oriole_0010_90413.jpg,dinov2_reg4,0.6398467432950191,0.0,0.8275116682052612,0.0,0.05329656973481178,0.16368383290816327
096.Hooded_Oriole/Hooded_Oriole_0029_90485.jpg,dinov2_reg4,0.4838709677419355,0.08915304606240713,0.7711566090583801,0.0576171875,0.0410214327275753,0.06028778698979592
096.Hooded_Oriole/Hooded_Oriole_0004_91057.jpg,dinov2_reg4,0.6804733727810651,0.005383580080753701,0.7781723737716675,0.0,0.06803201138973236,0.11007254464285714
096.Hooded_Oriole/Hooded_Oriole_0082_90045.jpg,dinov2_reg4,0.6691449814126395,0.6742424242424242,0.8147171139717102,0.16015625,0.029141275212168694,0.2277782206632653
097.Orchard_Oriole/Orchard_Oriole_0085_91411.jpg,dinov2_reg4,0.5350877192982456,0.00423728813559322,0.7952753305435181,0.025390625,0.04117137938737869,0.12460140306122448
097.Orchard_Oriole/Orchard_Oriole_0054_91414.jpg,dinov2_reg4,0.6351351351351351,0.10779816513761468,0.8218110799789429,0.0302734375,0.034969914704561234,0.0480110012755102
097.Orchard_Oriole/Orchard_Oriole_0027_91265.jpg,dinov2_reg4,0.2863636363636364,0.16112531969309463,0.8335144519805908,0.001953125,0.016588110476732254,0.05976961096938776
097.Orchard_Oriole/Orchard_Oriole_0088_92086.jpg,dinov2_reg4,0.584375,0.36310679611650487,0.856907844543457,0.001953125,0.01567196287214756,0.18195950255102042
098.Scott_Oriole/Scott_Oriole_0034_795813.jpg,dinov2_reg4,0.8328358208955224,0.8369230769230769,0.7810636758804321,0.0185546875,0.039696745574474335,0.28226642219387754
099.Ovenbird/Ovenbird_0093_92705.jpg,dinov2_reg4,0.627906976744186,0.29818181818181816,0.787534236907959,0.0556640625,0.07624335587024689,0.08472177933673469
099.Ovenbird/Ovenbird_0089_93234.jpg,dinov2_reg4,0.8142414860681114,0.8285714285714286,0.8207533359527588,0.0263671875,0.0654245913028717,0.2855947066326531
099.Ovenbird/Ovenbird_0009_93395.jpg,dinov2_reg4,0.83399209486166,0.9008620689655172,0.8177105784416199,0.005859375,0.04393696039915085,0.20380261479591838
099.Ovenbird/Ovenbird_0084_92901.jpg,dinov2_reg4,0.5208333333333334,0.28865979381443296,0.7867085933685303,0.01953125,0.06239087134599686,0.08272879464285714
099.Ovenbird/Ovenbird_0099_93148.jpg,dinov2_reg4,0.7157894736842105,0.76,0.7756913900375366,0.1201171875,0.0536358542740345,0.1484972895408163
099.Ovenbird/Ovenbird_0083_92561.jpg,dinov2_reg4,0.6781609195402298,0.5014164305949008,0.8397114872932434,0.0009765625,0.015711473301053047,0.16990194515306123
099.Ovenbird/Ovenbird_0094_92577.jpg,dinov2_reg4,0.5190839694656488,0.1223021582733813,0.8329131603240967,0.07421875,0.025219863280653954,0.06750239158163265
099.Ovenbird/Ovenbird_0126_92602.jpg,dinov2_reg4,0.5112359550561798,0.0,0.8525237441062927,0.0,0.027578771114349365,0.09261399872448979
100.Brown_Pelican/Brown_Pelican_0102_93727.jpg,dinov2_reg4,0.3218884120171674,0.2459016393442623,0.8639169931411743,0.0,0.022883741185069084,0.07708864795918367
100.Brown_Pelican/Brown_Pelican_0110_93622.jpg,dinov2_reg4,0.7097625329815304,0.5991091314031181,0.8423051238059998,0.0,0.011426087468862534,0.2670200892857143
100.Brown_Pelican/Brown_Pelican_0097_93767.jpg,dinov2_reg4,0.5154929577464789,0.357421875,0.8522454500198364,0.0,0.014174367301166058,0.1871611926020408
100.Brown_Pelican/Brown_Pelican_0095_94290.jpg,dinov2_reg4,0.4807017543859649,0.4875444839857651,0.8941059112548828,0.0,0.004033707082271576,0.13636001275510204
100.Brown_Pelican/Brown_Pelican_0073_94823.jpg,dinov2_reg4,0.24375,0.0,0.8703270554542542,0.0,0.009211118333041668,0.0764907525510204
100.Brown_Pelican/Brown_Pelican_0003_94427.jpg,dinov2_reg4,0.610909090909091,0.631578947368421,0.850219190120697,0.0,0.030432073399424553,0.16924426020408162
100.Brown_Pelican/Brown_Pelican_0049_94598.jpg,dinov2_reg4,0.423728813559322,0.40584415584415584,0.9085882902145386,0.0,0.004760362673550844,0.11894132653061225
101.White_Pelican/White_Pelican_0066_95495.jpg,dinov2_reg4,0.1751269035532995,0.16808769792935443,0.8157122135162354,0.04296875,0.060920681804418564,0.1377551020408163
101.White_Pelican/White_Pelican_0083_95840.jpg,dinov2_reg4,0.41348973607038125,0.48788927335640137,0.833037257194519,0.0,0.034414906054735184,0.1379344706632653
102.Western_Wood_Pewee/Western_Wood_Pewee_0062_98123.jpg,dinov2_reg4,0.1,0.0,0.8545528650283813,0.0,0.023054463788866997,0.02889827806122449
102.Western_Wood_Pewee/Western_Wood_Pewee_0017_795041.jpg,dinov2_reg4,0.576271186440678,0.4146341463414634,0.8504003286361694,0.03125,0.012707691639661789,0.13331074617346939
102.Western_Wood_Pewee/Western_Wood_Pewee_0073_795044.jpg,dinov2_reg4,0.5721649484536082,0.35365853658536583,0.8563034534454346,0.08984375,0.015335790812969208,0.11501514668367346
102.Western_Wood_Pewee/Western_Wood_Pewee_0019_795046.jpg,dinov2_reg4,0.654054054054054,0.40327868852459015,0.8724621534347534,0.0,0.02347373776137829,0.23887914540816327
102.Western_Wood_Pewee/Western_Wood_Pewee_0051_98206.jpg,dinov2_reg4,0.5384615384615384,0.0,0.7735734581947327,0.078125,0.06881120055913925,0.07033242984693877
103.Sayornis/Sayornis_0022_98308.jpg,dinov2_reg4,0.35121951219512193,0.36180904522613067,0.8670731782913208,0.0009765625,0.011807063594460487,0.07174744897959184
103.Sayornis/Sayornis_0115_99335.jpg,dinov2_reg4,0.1018867924528302,0.0,0.9142745733261108,0.0,0.008927684277296066,0.028380102040816327
103.Sayornis/Sayornis_0080_98518.jpg,dinov2_reg4,0.6828193832599119,0.4122340425531915,0.8703675866127014,0.0,0.009249050170183182,0.1476203762755102
104.American_Pipit/American_Pipit_0010_99843.jpg,dinov2_reg4,0.2689075630252101,0.0,0.7880169153213501,0.0009765625,0.025526396930217743,0.035654496173469385
104.American_Pipit/American_Pipit_0072_99631.jpg,dinov2_reg4,0.4536082474226804,0.0,0.8095810413360596,0.001953125,0.05138213559985161,0.04496173469387755
104.American_Pipit/American_Pipit_0104_100147.jpg,dinov2_reg4,0.514018691588785,0.01950354609929078,0.8305331468582153,0.0576171875,0.0392598956823349,0.05707908163265306
104.American_Pipit/American_Pipit_0035_100181.jpg,dinov2_reg4,0.22929936305732485,0.0,0.8458617925643921,0.0009765625,0.01786757819354534,0.03728874362244898
104.American_Pipit/American_Pipit_0066_99961.jpg,dinov2_reg4,0.6707317073170732,0.7534246575342466,0.7507860064506531,0.03125,0.07578641921281815,0.10728236607142858
104.American_Pipit/American_Pipit_0091_100276.jpg,dinov2_reg4,0.5695364238410596,0.14376996805111822,0.7857480049133301,0.0244140625,0.04495106637477875,0.08444276147959184
104.American_Pipit/American_Pipit_0041_100060.jpg,dinov2_reg4,0.4095238095238095,0.11405835543766578,0.8164023160934448,0.01953125,0.028213508427143097,0.04047751913265306
105.Whip_poor_Will/Whip_Poor_Will_0028_796421.jpg,dinov2_reg4,0.7272727272727273,0.19167717528373265,0.8193376064300537,0.0009765625,0.051755309104919434,0.15254304846938777
105.Whip_poor_Will/Whip_Poor_Will_0045_796422.jpg,dinov2_reg4,0.6741573033707865,0.7929515418502202,0.8485456705093384,0.0,0.027980118989944458,0.17795360331632654
105.Whip_poor_Will/Whip_Poor_Will_0002_796427.jpg,dinov2_reg4,0.7213114754098361,0.3995726495726496,0.7949105501174927,0.0,0.045505546033382416,0.19899952168367346
105.Whip_poor_Will/Whip_Poor_Will_0041_796428.jpg,dinov2_reg4,0.8333333333333334,0.8731343283582089,0.8403059840202332,0.0,0.022532222792506218,0.22969148596938777
105.Whip_poor_Will/Whip_Poor_Will_0015_796435.jpg,dinov2_reg4,0.44505494505494503,0.030035335689045935,0.7937900424003601,0.001953125,0.02609620802104473,0.07900191326530612
105.Whip_poor_Will/Whip_Poor_Will_0027_796441.jpg,dinov2_reg4,0.6299212598425197,0.311284046692607,0.8695122003555298,0.005859375,0.02534778229892254,0.15507413903061223
106.Horned_Puffin/Horned_Puffin_0050_100645.jpg,dinov2_reg4,0.5759162303664922,0.4641350210970464,0.871537983417511,0.0,0.059305012226104736,0.1073421556122449
106.Horned_Puffin/Horned_Puffin_0075_100664.jpg,dinov2_reg4,0.07926829268292683,0.0,0.9074525833129883,0.0087890625,0.007374408654868603,0.06275908801020408
106.Horned_Puffin/Horned_Puffin_0073_100830.jpg,dinov2_reg4,0.2740740740740741,0.29838709677419356,0.8832282423973083,0.0,0.014864127151668072,0.03479751275510204
107.Common_Raven/Common_Raven_0070_101896.jpg,dinov2_reg4,0.6971153846153846,0.015100671140939598,0.8088748455047607,0.0,0.022870458662509918,0.14084422831632654
107.Common_Raven/Common_Raven_0024_101394.jpg,dinov2_reg4,0.6781609195402298,0.6762177650429799,0.8413498401641846,0.001953125,0.008696760050952435,0.2313855229591837
107.Common_Raven/Common_Raven_0107_101412.jpg,dinov2_reg4,0.5748031496062992,0.5703125,0.8345856666564941,0.0029296875,0.02105441875755787,0.21368781887755103
107.Common_Raven/Common_Raven_0075_102530.jpg,dinov2_reg4,0.4696969696969697,0.46616541353383456,0.8469929695129395,0.0078125,0.05132022872567177,0.12007732780612244
107.Common_Raven/Common_Raven_0093_102058.jpg,dinov2_reg4,0.548951048951049,0.615686274509804,0.8386907577514648,0.0,0.014093737117946148,0.1564094387755102
107.Common_Raven/Common_Raven_0129_102094.jpg,dinov2_reg4,0.7988165680473372,0.8181818181818182,0.8288356065750122,0.0,0.029488105326890945,0.267398756377551
107.Common_Raven/Common_Raven_0018_101713.jpg,dinov2_reg4,0.6525821596244131,0.39285714285714285,0.8051931858062744,0.033203125,0.03951183706521988,0.16312579719387754
107.Common_Raven/Common_Raven_0015_101364.jpg,dinov2_reg4,0.625,0.40384615384615385,0.8207075595855713,0.0,0.023648928850889206,0.2093829719387755
108.White_necked_Raven/White_Necked_Raven_0034_102598.jpg,dinov2_reg4,0.6064690026954178,0.39823008849557523,0.8381200432777405,0.0,0.0147677818313241,0.2235530931122449
108.White_necked_Raven/White_Necked_Raven_0037_102734.jpg,dinov2_reg4,0.0,0.0,0.8273471593856812,0.0,0.03363722562789917,0.02716438137755102
108.White_necked_Raven/White_Necked_Raven_0029_797349.jpg,dinov2_reg4,0.4585987261146497,0.1469387755102041,0.8674982786178589,0.0009765625,0.01933087594807148,0.06879783163265306
108.White_necked_Raven/White_Necked_Raven_0057_797358.jpg,dinov2_reg4,0.58,0.0,0.7774716019630432,0.0,0.06057983636856079,0.08591757015306123
108.White_necked_Raven/White_Necked_Raven_0043_797363.jpg,dinov2_reg4,0.6149425287356322,0.6369047619047619,0.816960334777832,0.017578125,0.03705932945013046,0.10447225765306123
108.White_necked_Raven/White_Necked_Raven_0060_797365.jpg,dinov2_reg4,0.8401015228426396,0.8541114058355438,0.8347183465957642,0.0,0.02421896904706955,0.33816964285714285
108.White_necked_Raven/White_Necked_Raven_0064_797378.jpg,dinov2_reg4,0.2222222222222222,0.0,0.8098980188369751,0.009765625,0.0324113555252552,0.03099091198979592
108.White_necked_Raven/White_Necked_Raven_0070_102645.jpg,dinov2_reg4,0.8,0.8208469055374593,0.8379808664321899,0.0029296875,0.033044006675481796,0.24045360331632654
109.American_Redstart/American_Redstart_0122_103102.jpg,dinov2_reg4,0.5777777777777777,0.6,0.8549483418464661,0.0,0.008190527558326721,0.1347058354591837
109.American_Redstart/American_Redstart_0088_103892.jpg,dinov2_reg4,0.6628571428571428,0.2639821029082774,0.8486224412918091,0.1015625,0.029988542199134827,0.11495535714285714
110.Geococcyx/Geococcyx_0050_104506.jpg,dinov2_reg4,0.3605150214592275,0.0,0.8057781457901001,0.0068359375,0.03585140034556389,0.08095503826530612
110.Geococcyx/Geococcyx_0137_104693.jpg,dinov2_reg4,0.6996699669966997,0.7220338983050848,0.8506695032119751,0.0,0.01739058457314968,0.20850605867346939
110.Geococcyx/Geococcyx_0033_104195.jpg,dinov2_reg4,0.6532258064516129,0.6896551724137931,0.8159533739089966,0.0009765625,0.046638619154691696,0.15431680484693877
111.Loggerhead_Shrike/Loggerhead_Shrike_0059_106086.jpg,dinov2_reg4,0.2553191489361702,0.0,0.8194023370742798,0.0,0.03035912849009037,0.037607621173469385
111.Loggerhead_Shrike/Loggerhead_Shrike_0118_105157.jpg,dinov2_reg4,0.8485915492957746,0.8485915492957746,0.7903715372085571,0.01171875,0.050231900066137314,0.23582987882653061
112.Great_Grey_Shrike/Great_Grey_Shrike_0048_106754.jpg,dinov2_reg4,0.16216216216216217,0.04642166344294004,0.8559527397155762,0.0,0.02412104234099388,0.026068239795918366
112.Great_Grey_Shrike/Great_Grey_Shrike_0039_797015.jpg,dinov2_reg4,0.6456310679611651,0.6683417085427136,0.8674536347389221,0.00390625,0.010816900990903378,0.12952407525510204
112.Great_Grey_Shrike/Great_Grey_Shrike_0010_797023.jpg,dinov2_reg4,0.47540983606557374,0.0,0.8755520582199097,0.0,0.012878891080617905,0.11792490433673469
112.Great_Grey_Shrike/Great_Grey_Shrike_0085_797037.jpg,dinov2_reg4,0.20675105485232068,0.0,0.8618799448013306,0.02734375,0.0061867088079452515,0.051060267857142856
112.Great_Grey_Shrike/Great_Grey_Shrike_0062_106628.jpg,dinov2_reg4,0.5542635658914729,0.4311377245508982,0.845405101776123,0.01171875,0.011879554018378258,0.15220424107142858
113.Baird_Sparrow/Baird_Sparrow_0005_794565.jpg,dinov2_reg4,0.4672897196261682,0.26737967914438504,0.8509708642959595,0.0,0.009423315525054932,0.09879225127551021
113.Baird_Sparrow/Baird_Sparrow_0004_794568.jpg,dinov2_reg4,0.4900990099009901,0.0,0.8112658262252808,0.0,0.01717708446085453,0.1543566645408163
113.Baird_Sparrow/Baird_Sparrow_0015_794573.jpg,dinov2_reg4,0.7263427109974424,0.4077922077922078,0.7875098586082458,0.0,0.07500059902667999,0.30996890943877553
114.Black_throated_Sparrow/Black_Throated_Sparrow_0003_107035.jpg,dinov2_reg4,0.6608187134502924,0.7018633540372671,0.786574125289917,0.0009765625,0.06146400049328804,0.11156728316326531
114.Black_throated_Sparrow/Black_Throated_Sparrow_0074_107113.jpg,dinov2_reg4,0.5321100917431193,0.5225225225225225,0.8789714574813843,0.0244140625,0.014009473845362663,0.16932397959183673
114.Black_throated_Sparrow/Black_Throated_Sparrow_0098_107138.jpg,dinov2_reg4,0.5225806451612903,0.16167664670658682,0.8021135926246643,0.0185546875,0.026655282825231552,0.08486128826530612
114.Black_throated_Sparrow/Black_Throated_Sparrow_0076_106995.jpg,dinov2_reg4,0.6797385620915033,0.21666666666666667,0.8111884593963623,0.0205078125,0.020747466012835503,0.09976881377551021
114.Black_throated_Sparrow/Black_Throated_Sparrow_0039_107259.jpg,dinov2_reg4,0.75,0.7963800904977375,0.7967809438705444,0.0,0.09096263349056244,0.1745655293367347
115.Brewer_Sparrow/Brewer_Sparrow_0034_796693.jpg,dinov2_reg4,0.7934272300469484,0.8125,0.7455340623855591,0.0390625,0.0561538003385067,0.16432158801020408
115.Brewer_Sparrow/Brewer_Sparrow_0044_796698.jpg,dinov2_reg4,0.1256544502617801,0.0,0.871659517288208,0.0,0.014372581616044044,0.04466278698979592
115.Brewer_Sparrow/Brewer_Sparrow_0010_796716.jpg,dinov2_reg4,0.8615023474178404,0.8744075829383886,0.8592714071273804,0.0,0.027377218008041382,0.3591159119897959
115.Brewer_Sparrow/Brewer_Sparrow_0024_107439.jpg,dinov2_reg4,0.6902985074626866,0.7366255144032922,0.8027947545051575,0.0556640625,0.04348132014274597,0.1954719387755102
115.Brewer_Sparrow/Brewer_Sparrow_0050_107460.jpg,dinov2_reg4,0.5576923076923077,0.44360902255639095,0.8819211721420288,0.0419921875,0.005946180783212185,0.1192203443877551
116.Chipping_Sparrow/Chipping_Sparrow_0096_109853.jpg,dinov2_reg4,0.6903225806451613,0.01903114186851211,0.8491267561912537,0.0146484375,0.056477684527635574,0.10570790816326531
116.Chipping_Sparrow/Chipping_Sparrow_0022_107825.jpg,dinov2_reg4,0.18043478260869567,0.17965367965367965,0.8658628463745117,0.0,0.024716030806303024,0.07898198341836735
116.Chipping_Sparrow/Chipping_Sparrow_0052_109874.jpg,dinov2_reg4,0.7863777089783281,0.5096525096525096,0.8662140369415283,0.0,0.01372724212706089,0.25271045918367346
116.Chipping_Sparrow/Chipping_Sparrow_0062_110187.jpg,dinov2_reg4,0.5055555555555555,0.30743243243243246,0.870130717754364,0.0078125,0.01662471517920494,0.08892697704081633
116.Chipping_Sparrow/Chipping_Sparrow_0103_109529.jpg,dinov2_reg4,0.42168674698795183,0.16355140186915887,0.8680944442749023,0.0107421875,0.00896159652620554,0.07144850127551021
117.Clay_colored_Sparrow/Clay_Colored_Sparrow_0001_110632.jpg,dinov2_reg4,0.550561797752809,0.6928571428571428,0.7974695563316345,0.001953125,0.09811923652887344,0.10208067602040816
117.Clay_colored_Sparrow/Clay_Colored_Sparrow_0048_110653.jpg,dinov2_reg4,0.5822784810126582,0.1270718232044199,0.763729989528656,0.04296875,0.05478249490261078,0.045818718112244895
117.Clay_colored_Sparrow/Clay_Colored_Sparrow_0094_797250.jpg,dinov2_reg4,0.7777777777777778,0.7906976744186046,0.8449925184249878,0.0166015625,0.01621493510901928,0.2705875318877551
117.Clay_colored_Sparrow/Clay_Colored_Sparrow_0075_797251.jpg,dinov2_reg4,0.5638297872340425,0.20267686424474188,0.8526046276092529,0.0,0.023861268535256386,0.10678411989795919
117.Clay_colored_Sparrow/Clay_Colored_Sparrow_0068_110706.jpg,dinov2_reg4,0.6014492753623188,0.6230769230769231,0.8184541463851929,0.0087890625,0.059902727603912354,0.08695392219387756
117.Clay_colored_Sparrow/Clay_Colored_Sparrow_0073_110718.jpg,dinov2_reg4,0.8150470219435737,0.8231511254019293,0.8073886632919312,0.12890625,0.03752927854657173,0.2582509566326531
118.House_Sparrow/House_Sparrow_0125_111130.jpg,dinov2_reg4,0.6345177664974619,0.0,0.8516126871109009,0.0048828125,0.02697553113102913,0.12418287627551021
118.House_Sparrow/House_Sparrow_0025_111669.jpg,dinov2_reg4,0.7307692307692307,0.011834319526627219,0.8224446773529053,0.0,0.0651048794388771,0.1512874681122449
118.House_Sparrow/House_Sparrow_0084_111300.jpg,dinov2_reg4,0.6206896551724138,0.2188449848024316,0.8754969835281372,0.0986328125,0.012095593847334385,0.1390106823979592
118.House_Sparrow/House_Sparrow_0036_112847.jpg,dinov2_reg4,0.5240963855421686,0.0,0.8260520100593567,0.009765625,0.012192388996481895,0.0897640306122449
118.House_Sparrow/House_Sparrow_0015_111085.jpg,dinov2_reg4,0.6096256684491979,0.5757575757575758,0.7832134962081909,0.0595703125,0.05762239545583725,0.11631058673469388
118.House_Sparrow/House_Sparrow_0049_110976.jpg,dinov2_reg4,0.5570469798657718,0.19548872180451127,0.831336259841919,0.0263671875,0.04567866027355194,0.08890704719387756
118.House_Sparrow/House_Sparrow_0098_111073.jpg,dinov2_reg4,0.16551724137931034,0.0,0.8695780038833618,0.0,0.023643653839826584,0.06732302295918367
119.Field_Sparrow/Field_Sparrow_0120_113953.jpg,dinov2_reg4,0.4421052631578947,0.08617234468937876,0.7546287178993225,0.0439453125,0.03381601348519325,0.04127471301020408
119.Field_Sparrow/Field_Sparrow_0067_113448.jpg,dinov2_reg4,0.5979381443298969,0.17008797653958943,0.8207929134368896,0.0185546875,0.036518584936857224,0.05624202806122449
119.Field_Sparrow/Field_Sparrow_0129_113748.jpg,dinov2_reg4,0.7086092715231788,0.75,0.7920161485671997,0.0595703125,0.05639218911528587,0.1104312818877551
119.Field_Sparrow/Field_Sparrow_0123_113847.jpg,dinov2_reg4,0.25833333333333336,0.15521628498727735,0.8063311576843262,0.048828125,0.033688098192214966,0.05943080357142857
119.Field_Sparrow/Field_Sparrow_0090_113613.jpg,dinov2_reg4,0.6532663316582915,0.671875,0.8258088827133179,0.017578125,0.02021854557096958,0.1326530612244898
120.Fox_Sparrow/Fox_Sparrow_0022_115248.jpg,dinov2_reg4,0.7077922077922078,0.32840236686390534,0.8169527649879456,0.033203125,0.027721762657165527,0.10760124362244898
120.Fox_Sparrow/Fox_Sparrow_0083_114496.jpg,dinov2_reg4,0.7285714285714285,0.18425460636515914,0.7922824621200562,0.095703125,0.05293620377779007,0.11071029974489796
121.Grasshopper_Sparrow/Grasshopper_Sparrow_0117_115983.jpg,dinov2_reg4,0.6306818181818182,0.4816414686825054,0.8531334400177002,0.005859375,0.007393973413854837,0.2180125956632653
121.Grasshopper_Sparrow/Grasshopper_Sparrow_0075_116260.jpg,dinov2_reg4,0.46,0.0,0.8521155118942261,0.0009765625,0.006392883136868477,0.044064891581632654
121.Grasshopper_Sparrow/Grasshopper_Sparrow_0082_116300.jpg,dinov2_reg4,0.3684210526315789,0.0,0.88616943359375,0.001953125,0.00612484710291028,0.062220982142857144
121.Grasshopper_Sparrow/Grasshopper_Sparrow_0116_116066.jpg,dinov2_reg4,0.8028846153846154,0.8402061855670103,0.7622544169425964,0.052734375,0.06899500638246536,0.17157605229591838
121.Grasshopper_Sparrow/Grasshopper_Sparrow_0049_115918.jpg,dinov2_reg4,0.6188679245283019,0.4039408866995074,0.8653517365455627,0.001953125,0.009040528908371925,0.16507892219387754
121.Grasshopper_Sparrow/Grasshopper_Sparrow_0051_115923.jpg,dinov2_reg4,0.41044776119402987,0.29891304347826086,0.8809260725975037,0.0009765625,0.00807769875973463,0.054607780612244895
122.Harris_Sparrow/Harris_Sparrow_0007_116484.jpg,dinov2_reg4,0.6456310679611651,0.6855670103092784,0.7982447147369385,0.0,0.03649403154850006,0.13221460459183673
122.Harris_Sparrow/Harris_Sparrow_0004_116581.jpg,dinov2_reg4,0.36904761904761907,0.05381944444444445,0.7905014157295227,0.0068359375,0.0626697912812233,0.03278459821428571
122.Harris_Sparrow/Harris_Sparrow_0045_116603.jpg,dinov2_reg4,0.7215686274509804,0.4,0.8525557518005371,0.0,0.02090243622660637,0.18030532525510204
122.Harris_Sparrow/Harris_Sparrow_0059_116608.jpg,dinov2_reg4,0.7417840375586855,0.7669902912621359,0.8277461528778076,0.015625,0.019549043849110603,0.1543566645408163
122.Harris_Sparrow/Harris_Sparrow_0067_116707.jpg,dinov2_reg4,0.7958579881656804,0.8053892215568862,0.8401540517807007,0.0,0.04029405117034912,0.2665218431122449
123.Henslow_Sparrow/Henslow_Sparrow_0043_116756.jpg,dinov2_reg4,0.562962962962963,0.03333333333333333,0.7302628755569458,0.03125,0.05646122992038727,0.09231505102040816
123.Henslow_Sparrow/Henslow_Sparrow_0104_796541.jpg,dinov2_reg4,0.4429065743944637,0.42524916943521596,0.8817414045333862,0.0078125,0.006871126592159271,0.12244897959183673
123.Henslow_Sparrow/Henslow_Sparrow_0040_116882.jpg,dinov2_reg4,0.6181818181818182,0.6604938271604939,0.8220394849777222,0.001953125,0.008991693146526814,0.10718271683673469
123.Henslow_Sparrow/Henslow_Sparrow_0013_796578.jpg,dinov2_reg4,0.7391304347826086,0.7422680412371134,0.8411306142807007,0.0,0.012801328673958778,0.290836256377551
123.Henslow_Sparrow/Henslow_Sparrow_0010_796600.jpg,dinov2_reg4,0.3516483516483517,0.3333333333333333,0.8665016889572144,0.0009765625,0.006670833565294743,0.09673947704081633
124.Le_Conte_Sparrow/Le_Conte_Sparrow_0050_795143.jpg,dinov2_reg4,0.7613636363636364,0.7928994082840237,0.817217230796814,0.00390625,0.03224574029445648,0.1277702487244898
124.Le_Conte_Sparrow/Le_Conte_Sparrow_0023_795156.jpg,dinov2_reg4,0.6032608695652174,0.6166666666666667,0.8565368056297302,0.0,0.012605908326804638,0.11264349489795919
124.Le_Conte_Sparrow/Le_Conte_Sparrow_0086_795170.jpg,dinov2_reg4,0.89568345323741,0.9087591240875912,0.8391634821891785,0.02734375,0.07811276614665985,0.25679607780612246
124.Le_Conte_Sparrow/Le_Conte_Sparrow_0013_795176.jpg,dinov2_reg4,0.6666666666666666,0.2545090180360721,0.8297971487045288,0.033203125,0.016945872455835342,0.12458147321428571
124.Le_Conte_Sparrow/Le_Conte_Sparrow_0012_795211.jpg,dinov2_reg4,0.7357512953367875,0.7553191489361702,0.8804585933685303,0.001953125,0.019273733720183372,0.14156170280612246
124.Le_Conte_Sparrow/Le_Conte_Sparrow_0046_795227.jpg,dinov2_reg4,0.2737642585551331,0.0,0.8223547339439392,0.0048828125,0.02327200584113598,0.07260443239795919
125.Lincoln_Sparrow/Lincoln_Sparrow_0033_117303.jpg,dinov2_reg4,0.7345679012345679,0.2708803611738149,0.7675804495811462,0.064453125,0.029761619865894318,0.11645009566326531
125.Lincoln_Sparrow/Lincoln_Sparrow_0017_117432.jpg,dinov2_reg4,0.5849056603773585,0.35361216730038025,0.811273992061615,0.009765625,0.03613857924938202,0.09303252551020408
125.Lincoln_Sparrow/Lincoln_Sparrow_0099_117482.jpg,dinov2_reg4,0.63,0.2781456953642384,0.8493558764457703,0.0,0.03285922110080719,0.11720742984693877
125.Lincoln_Sparrow/Lincoln_Sparrow_0055_117506.jpg,dinov2_reg4,0.7327935222672065,0.6534296028880866,0.7865915894508362,0.0,0.02257009595632553,0.17458545918367346
125.Lincoln_Sparrow/Lincoln_Sparrow_0052_117521.jpg,dinov2_reg4,0.6785714285714286,0.0,0.8009095191955566,0.0,0.028088480234146118,0.1309390943877551
125.Lincoln_Sparrow/Lincoln_Sparrow_0045_117547.jpg,dinov2_reg4,0.6339869281045751,0.6808510638297872,0.7704254388809204,0.087890625,0.05797658488154411,0.10459183673469388
126.Nelson_Sharp_tailed_Sparrow/Nelson_Sharp_Tailed_Sparrow_0044_796932.jpg,dinov2_reg4,0.6651982378854625,0.704225352112676,0.8035660982131958,0.056640625,0.04587632790207863,0.17891023596938777
126.Nelson_Sharp_tailed_Sparrow/Nelson_Sharp_Tailed_Sparrow_0035_796924.jpg,dinov2_reg4,0.6108597285067874,0.6071428571428571,0.8217558860778809,0.0625,0.03022531233727932,0.1315967793367347
126.Nelson_Sharp_tailed_Sparrow/Nelson_Sharp_Tailed_Sparrow_0070_796925.jpg,dinov2_reg4,0.6064814814814815,0.6359223300970874,0.814227819442749,0.0693359375,0.029266005381941795,0.13554288903061223
127.Savannah_Sparrow/Savannah_Sparrow_0048_120321.jpg,dinov2_reg4,0.6057142857142858,0.2471131639722864,0.8098361492156982,0.0029296875,0.025540458038449287,0.10453204719387756
127.Savannah_Sparrow/Savannah_Sparrow_0131_119946.jpg,dinov2_reg4,0.6,0.38366336633663367,0.8682246208190918,0.0,0.008327274583280087,0.15204480229591838
127.Savannah_Sparrow/Savannah_Sparrow_0139_119444.jpg,dinov2_reg4,0.39864864864864863,0.1359447004608295,0.8673050999641418,0.0,0.01611034944653511,0.05630181760204082
127.Savannah_Sparrow/Savannah_Sparrow_0035_120099.jpg,dinov2_reg4,0.6326530612244898,0.27761194029850744,0.8383500576019287,0.0595703125,0.04489423707127571,0.09434789540816327
127.Savannah_Sparrow/Savannah_Sparrow_0051_118574.jpg,dinov2_reg4,0.45774647887323944,0.17983651226158037,0.7978099584579468,0.0,0.04817136004567146,0.06513073979591837
127.Savannah_Sparrow/Savannah_Sparrow_0135_119620.jpg,dinov2_reg4,0.4576271186440678,0.0,0.8645983338356018,0.0,0.015656568109989166,0.05347177933673469
127.Savannah_Sparrow/Savannah_Sparrow_0095_119670.jpg,dinov2_reg4,0.5761904761904761,0.34770114942528735,0.8499412536621094,0.0,0.01006853487342596,0.11818399234693877
127.Savannah_Sparrow/Savannah_Sparrow_0019_118200.jpg,dinov2_reg4,0.6077348066298343,0.2119460500963391,0.8688600063323975,0.005859375,0.03226841241121292,0.10447225765306123
127.Savannah_Sparrow/Savannah_Sparrow_0093_118267.jpg,dinov2_reg4,0.5543478260869565,0.53125,0.8723094463348389,0.0,0.007232199423015118,0.10042649872448979
128.Seaside_Sparrow/Seaside_Sparrow_0052_796498.jpg,dinov2_reg4,0.6907216494845361,0.7037037037037037,0.8064241409301758,0.0087890625,0.02550773322582245,0.1340282206632653
128.Seaside_Sparrow/Seaside_Sparrow_0065_796504.jpg,dinov2_reg4,0.5586592178770949,0.5337078651685393,0.7847379446029663,0.01171875,0.03037911094725132,0.11684869260204081
128.Seaside_Sparrow/Seaside_Sparrow_0033_796506.jpg,dinov2_reg4,0.700507614213198,0.7150259067357513,0.7962425947189331,0.0,0.0323147214949131,0.14048549107142858
128.Seaside_Sparrow/Seaside_Sparrow_0068_796515.jpg,dinov2_reg4,0.3617021276595745,0.028933092224231464,0.8133443593978882,0.0,0.02534409426152706,0.034478635204081634
128.Seaside_Sparrow/Seaside_Sparrow_0037_796531.jpg,dinov2_reg4,0.8345588235294118,0.8270676691729323,0.7977324724197388,0.00390625,0.03779487684369087,0.23405612244897958
128.Seaside_Sparrow/Seaside_Sparrow_0059_120794.jpg,dinov2_reg4,0.5114503816793893,0.0,0.8181927800178528,0.048828125,0.0430927574634552,0.06911670918367346
128.Seaside_Sparrow/Seaside_Sparrow_0069_120700.jpg,dinov2_reg4,0.44329896907216493,0.4228855721393035,0.7921228408813477,0.029296875,0.034475237131118774,0.1162109375
128.Seaside_Sparrow/Seaside_Sparrow_0029_120828.jpg,dinov2_reg4,0.4294117647058823,0.15478260869565216,0.7474457621574402,0.009765625,0.058830730617046356,0.08717315051020408
129.Song_Sparrow/Song_Sparrow_0009_121025.jpg,dinov2_reg4,0.6605504587155964,0.2920892494929006,0.849773108959198,0.0068359375,0.014614619314670563,0.14247847576530612
129.Song_Sparrow/Song_Sparrow_0080_121033.jpg,dinov2_reg4,0.45045045045045046,0.0,0.835625410079956,0.1181640625,0.019864100962877274,0.0517578125
129.Song_Sparrow/Song_Sparrow_0037_121078.jpg,dinov2_reg4,0.45819397993311034,0.46283783783783783,0.8681150674819946,0.0,0.007342458236962557,0.14341517857142858
129.Song_Sparrow/Song_Sparrow_0096_121313.jpg,dinov2_reg4,0.5138888888888888,0.08837209302325581,0.8795493841171265,0.01953125,0.024384088814258575,0.07569355867346939
129.Song_Sparrow/Song_Sparrow_0108_121327.jpg,dinov2_reg4,0.6432160804020101,0.6956521739130435,0.8094309568405151,0.0009765625,0.06052568182349205,0.13313137755102042
130.Tree_Sparrow/Tree_Sparrow_0042_124512.jpg,dinov2_reg4,0.7511961722488039,0.7733990147783252,0.8422884941101074,0.0,0.011657203547656536,0.15286192602040816
130.Tree_Sparrow/Tree_Sparrow_0015_125105.jpg,dinov2_reg4,0.7222222222222222,0.7206703910614525,0.7898077964782715,0.095703125,0.0439043864607811,0.14104352678571427
130.Tree_Sparrow/Tree_Sparrow_0058_123591.jpg,dinov2_reg4,0.6208333333333333,0.2916666666666667,0.8418102860450745,0.0,0.013202108442783356,0.15666852678571427
130.Tree_Sparrow/Tree_Sparrow_0068_125230.jpg,dinov2_reg4,0.6245954692556634,0.6327868852459017,0.8260478973388672,0.01171875,0.029761992394924164,0.19013073979591838
130.Tree_Sparrow/Tree_Sparrow_0073_123871.jpg,dinov2_reg4,0.5137614678899083,0.0,0.8087015151977539,0.0,0.051233526319265366,0.10857780612244898
131.Vesper_Sparrow/Vesper_Sparrow_0083_125718.jpg,dinov2_reg4,0.6435185185185185,0.23102310231023102,0.8249342441558838,0.076171875,0.027726132422685623,0.13749601403061223
131.Vesper_Sparrow/Vesper_Sparrow_0023_125465.jpg,dinov2_reg4,0.3264094955489614,0.2849740932642487,0.8628727197647095,0.0,0.00968676246702671,0.10899633290816327
131.Vesper_Sparrow/Vesper_Sparrow_0004_125787.jpg,dinov2_reg4,0.6190476190476191,0.415625,0.8593853712081909,0.0517578125,0.007220071274787188,0.1326530612244898
131.Vesper_Sparrow/Vesper_Sparrow_0058_125661.jpg,dinov2_reg4,0.5,0.4163934426229508,0.8692632913589478,0.0,0.00992502924054861,0.12950414540816327
131.Vesper_Sparrow/Vesper_Sparrow_0030_125663.jpg,dinov2_reg4,0.11858974358974358,0.11044776119402985,0.8800017833709717,0.0,0.010662736371159554,0.03842474489795918
131.Vesper_Sparrow/Vesper_Sparrow_0003_125427.jpg,dinov2_reg4,0.4731182795698925,0.07407407407407407,0.7843207120895386,0.0087890625,0.13266412913799286,0.04900749362244898
131.Vesper_Sparrow/Vesper_Sparrow_0067_125429.jpg,dinov2_reg4,0.45985401459854014,0.18051575931232092,0.8485243916511536,0.0,0.01204545609652996,0.06676498724489796
132.White_crowned_Sparrow/White_Crowned_Sparrow_0047_127575.jpg,dinov2_reg4,0.7358490566037735,0.3042362002567394,0.8278180956840515,0.0,0.049622274935245514,0.23596938775510204
132.White_crowned_Sparrow/White_Crowned_Sparrow_0098_127019.jpg,dinov2_reg4,0.6431535269709544,0.3106212424849699,0.8629501461982727,0.0,0.012315642088651657,0.1505500637755102
132.White_crowned_Sparrow/White_Crowned_Sparrow_0093_126531.jpg,dinov2_reg4,0.35294117647058826,0.0,0.8072206377983093,0.0029296875,0.07283942401409149,0.04538026147959184
132.White_crowned_Sparrow/White_Crowned_Sparrow_0102_127708.jpg,dinov2_reg4,0.24436090225563908,0.0,0.8961782455444336,0.005859375,0.00991165079176426,0.06283880739795919
132.White_crowned_Sparrow/White_Crowned_Sparrow_0054_126068.jpg,dinov2_reg4,0.7463768115942029,0.7657992565055762,0.8424676656723022,0.015625,0.016839586198329926,0.20184948979591838
132.White_crowned_Sparrow/White_Crowned_Sparrow_0049_128311.jpg,dinov2_reg4,0.7314285714285714,0.39263803680981596,0.7896942496299744,0.0517578125,0.05002425238490105,0.12585698341836735
132.White_crowned_Sparrow/White_Crowned_Sparrow_0044_127386.jpg,dinov2_reg4,0.7578947368421053,0.779783393501805,0.7936573624610901,0.0703125,0.03321494162082672,0.21498325892857142
132.White_crowned_Sparrow/White_Crowned_Sparrow_0031_126457.jpg,dinov2_reg4,0.7296137339055794,0.7623318385650224,0.7916972041130066,0.0,0.06373565644025803,0.17532286352040816
133.White_throated_Sparrow/White_Throated_Sparrow_0078_129041.jpg,dinov2_reg4,0.7948717948717948,0.8253424657534246,0.8180893063545227,0.0,0.033305130898952484,0.24842554209183673
133.White_throated_Sparrow/White_Throated_Sparrow_0107_129046.jpg,dinov2_reg4,0.6848484848484848,0.6075268817204301,0.7740985155105591,0.0224609375,0.04615814611315727,0.11987802933673469
133.White_throated_Sparrow/White_Throated_Sparrow_0082_129048.jpg,dinov2_reg4,0.8383838383838383,0.8645833333333334,0.7909090518951416,0.001953125,0.048334237188100815,0.15816326530612246
133.White_throated_Sparrow/White_Throated_Sparrow_0014_129148.jpg,dinov2_reg4,0.7827298050139275,0.8074712643678161,0.8524065017700195,0.0,0.012024948373436928,0.27774234693877553
133.White_throated_Sparrow/White_Throated_Sparrow_0132_128833.jpg,dinov2_reg4,0.33548387096774196,0.19696969696969696,0.8404302000999451,0.0283203125,0.02937469817698002,0.05098054846938776
133.White_throated_Sparrow/White_Throated_Sparrow_0038_128853.jpg,dinov2_reg4,0.32894736842105265,0.2702702702702703,0.8646894097328186,0.0,0.00607916759327054,0.05255500637755102
133.White_throated_Sparrow/White_Throated_Sparrow_0007_128918.jpg,dinov2_reg4,0.5929203539823009,0.06339468302658487,0.8039401769638062,0.0107421875,0.04492850974202156,0.06253985969387756
133.White_throated_Sparrow/White_Throated_Sparrow_0047_129014.jpg,dinov2_reg4,0.7696969696969697,0.8300653594771242,0.7941439151763916,0.0830078125,0.08616873621940613,0.12400350765306123
133.White_throated_Sparrow/White_Throated_Sparrow_0033_129016.jpg,dinov2_reg4,0.6617647058823529,0.18091451292246521,0.8011792898178101,0.0205078125,0.02598368003964424,0.09301259566326531
134.Cape_Glossy_Starling/Cape_Glossy_Starling_0002_129310.jpg,dinov2_reg4,0.6041666666666666,0.655367231638418,0.8001052141189575,0.0400390625,0.05313628539443016,0.11623086734693877
134.Cape_Glossy_Starling/Cape_Glossy_Starling_0025_129341.jpg,dinov2_reg4,0.5867768595041323,0.39226519337016574,0.861100971698761,0.00390625,0.00879791472107172,0.13905054209183673
134.Cape_Glossy_Starling/Cape_Glossy_Starling_0098_129365.jpg,dinov2_reg4,0.6554307116104869,0.6809338521400778,0.8591297268867493,0.0107421875,0.012054071761667728,0.16944355867346939
134.Cape_Glossy_Starling/Cape_Glossy_Starling_0079_129399.jpg,dinov2_reg4,0.6161616161616161,0.6009852216748769,0.7991746664047241,0.0009765625,0.05881400406360626,0.1194595025510204
134.Cape_Glossy_Starling/Cape_Glossy_Starling_0099_129412.jpg,dinov2_reg4,0.7119565217391305,0.22822299651567945,0.843559980392456,0.0595703125,0.03431782126426697,0.13245376275510204
134.Cape_Glossy_Starling/Cape_Glossy_Starling_0062_129254.jpg,dinov2_reg4,0.6625,0.6883116883116883,0.811279296875,0.0087890625,0.04112997651100159,0.10216039540816327
135.Bank_Swallow/Bank_Swallow_0013_129563.jpg,dinov2_reg4,0.5024390243902439,0.348993288590604,0.8727948665618896,0.0,0.008561721071600914,0.10321667729591837
135.Bank_Swallow/Bank_Swallow_0029_129751.jpg,dinov2_reg4,0.6310679611650486,0.34300791556728233,0.8415926694869995,0.0087890625,0.021415211260318756,0.1259765625
135.Bank_Swallow/Bank_Swallow_0047_129520.jpg,dinov2_reg4,0.6040955631399317,0.6366906474820144,0.883858323097229,0.0029296875,0.02663855254650116,0.17243303571428573
136.Barn_Swallow/Barn_Swallow_0034_130099.jpg,dinov2_reg4,0.5954545454545455,0.5822222222222222,0.8613539934158325,0.01171875,0.014073961414396763,0.12541852678571427
136.Barn_Swallow/Barn_Swallow_0014_130403.jpg,dinov2_reg4,0.580952380952381,0.5596330275229358,0.8621969223022461,0.037109375,0.014248352497816086,0.11866230867346939
136.Barn_Swallow/Barn_Swallow_0062_132755.jpg,dinov2_reg4,0.3118279569892473,0.14795918367346939,0.8278489112854004,0.0048828125,0.016362519934773445,0.061244419642857144
136.Barn_Swallow/Barn_Swallow_0023_130325.jpg,dinov2_reg4,0.32432432432432434,0.2926829268292683,0.8593307733535767,0.0,0.011659584939479828,0.11204559948979592
136.Barn_Swallow/Barn_Swallow_0072_130474.jpg,dinov2_reg4,0.6932773109243697,0.6790123456790124,0.8438926935195923,0.0419921875,0.015885286033153534,0.1648796237244898
136.Barn_Swallow/Barn_Swallow_0029_132832.jpg,dinov2_reg4,0.6463878326996197,0.0,0.8517248630523682,0.0263671875,0.01648171991109848,0.16776945153061223
136.Barn_Swallow/Barn_Swallow_0080_131829.jpg,dinov2_reg4,0.448,0.08074534161490683,0.8474279046058655,0.0009765625,0.022378230467438698,0.0545280612244898
136.Barn_Swallow/Barn_Swallow_0019_130555.jpg,dinov2_reg4,0.2627118644067797,0.22794117647058823,0.8338483572006226,0.0,0.011013883166015148,0.06156329719387755
137.Cliff_Swallow/Cliff_Swallow_0012_133527.jpg,dinov2_reg4,0.8341232227488151,0.8321513002364066,0.8473080992698669,0.0,0.02247709594666958,0.3469786352040816
137.Cliff_Swallow/Cliff_Swallow_0084_133974.jpg,dinov2_reg4,0.16956521739130434,0.0,0.8844617605209351,0.0,0.006477705668658018,0.03902264030612245
137.Cliff_Swallow/Cliff_Swallow_0100_133665.jpg,dinov2_reg4,0.8027681660899654,0.8614232209737828,0.8022094964981079,0.0029296875,0.048103589564561844,0.2306281887755102
137.Cliff_Swallow/Cliff_Swallow_0013_133169.jpg,dinov2_reg4,0.5880503144654088,0.5598802395209581,0.8701565265655518,0.0009765625,0.006455021910369396,0.18311543367346939
137.Cliff_Swallow/Cliff_Swallow_0038_133701.jpg,dinov2_reg4,0.5252525252525253,0.527027027027027,0.8634264469146729,0.0,0.007320729549974203,0.15058992346938777
137.Cliff_Swallow/Cliff_Swallow_0060_133280.jpg,dinov2_reg4,0.8433734939759037,0.8542914171656687,0.8518007397651672,0.0048828125,0.006977379787713289,0.4053531568877551
137.Cliff_Swallow/Cliff_Swallow_0083_133771.jpg,dinov2_reg4,0.7523809523809524,0.7089715536105032,0.8606873154640198,0.080078125,0.011130749247968197,0.30929129464285715
138.Tree_Swallow/Tree_Swallow_0082_135006.jpg,dinov2_reg4,0.5422222222222223,0.41216216216216217,0.8944575190544128,0.0,0.008708732202649117,0.12087452168367346
138.Tree_Swallow/Tree_Swallow_0066_135788.jpg,dinov2_reg4,0.6286919831223629,0.3441108545034642,0.8673856258392334,0.0595703125,0.012337513267993927,0.14694276147959184
138.Tree_Swallow/Tree_Swallow_0039_135038.jpg,dinov2_reg4,0.42857142857142855,0.2795969773299748,0.882817268371582,0.0,0.008827641606330872,0.11172672193877552
138.Tree_Swallow/Tree_Swallow_0020_136587.jpg,dinov2_reg4,0.5197368421052632,0.0,0.8736413717269897,0.0,0.006815935019403696,0.1530811543367347
139.Scarlet_Tanager/Scarlet_Tanager_0050_137874.jpg,dinov2_reg4,0.7741935483870968,0.0013908205841446453,0.7874147891998291,0.076171875,0.0578300766646862,0.08902662627551021
139.Scarlet_Tanager/Scarlet_Tanager_0008_137607.jpg,dinov2_reg4,0.6982456140350877,0.6791808873720137,0.8415310382843018,0.0009765625,0.015560019761323929,0.1880779655612245
139.Scarlet_Tanager/Scarlet_Tanager_0025_138712.jpg,dinov2_reg4,0.5862068965517241,0.20178041543026706,0.8094252347946167,0.0029296875,0.025669369846582413,0.06712372448979592
139.Scarlet_Tanager/Scarlet_Tanager_0097_137717.jpg,dinov2_reg4,0.3914209115281501,0.3244444444444444,0.8615220785140991,0.0234375,0.019671587273478508,0.13801419005102042
140.Summer_Tanager/Summer_Tanager_0103_139267.jpg,dinov2_reg4,0.6227544910179641,0.6751592356687898,0.8014678955078125,0.0888671875,0.03732429817318916,0.1103515625
140.Summer_Tanager/Summer_Tanager_0052_139804.jpg,dinov2_reg4,0.6336633663366337,0.0,0.8125674724578857,0.0947265625,0.034997448325157166,0.06297831632653061
140.Summer_Tanager/Summer_Tanager_0127_139297.jpg,dinov2_reg4,0.5,0.0,0.8337154388427734,0.0,0.0266150813549757,0.07696906887755102
140.Summer_Tanager/Summer_Tanager_0062_140633.jpg,dinov2_reg4,0.6653061224489796,0.0,0.8343727588653564,0.1630859375,0.024835903197526932,0.1573062818877551
140.Summer_Tanager/Summer_Tanager_0069_139941.jpg,dinov2_reg4,0.2786259541984733,0.0,0.8881148099899292,0.0,0.008601383306086063,0.07126913265306123
140.Summer_Tanager/Summer_Tanager_0070_137714.jpg,dinov2_reg4,0.8461538461538461,0.8532934131736527,0.8143032789230347,0.15234375,0.046624742448329926,0.28146922831632654
141.Artic_Tern/Artic_Tern_0093_141880.jpg,dinov2_reg4,0.7336956521739131,0.7541899441340782,0.8369861245155334,0.0,0.014623005874454975,0.26331313775510207
141.Artic_Tern/Artic_Tern_0014_141716.jpg,dinov2_reg4,0.6882352941176471,0.0,0.7934004068374634,0.04296875,0.054405808448791504,0.11529416454081633
142.Black_Tern/Black_Tern_0107_144661.jpg,dinov2_reg4,0.39779005524861877,0.4311377245508982,0.8010855913162231,0.00390625,0.01348224189132452,0.08011798469387756
142.Black_Tern/Black_Tern_0102_144344.jpg,dinov2_reg4,0.32751091703056767,0.0,0.8998689651489258,0.0,0.003478566650301218,0.07354113520408163
142.Black_Tern/Black_Tern_0012_144091.jpg,dinov2_reg4,0.5135135135135135,0.35023041474654376,0.8529050350189209,0.0,0.010623564012348652,0.1525829081632653
143.Caspian_Tern/Caspian_Tern_0010_145667.jpg,dinov2_reg4,0.3333333333333333,0.2607260726072607,0.882393479347229,0.0,0.0028610408771783113,0.07268415178571429
143.Caspian_Tern/Caspian_Tern_0048_145672.jpg,dinov2_reg4,0.40304182509505704,0.4189723320158103,0.8975788950920105,0.0068359375,0.004274711478501558,0.10991310586734694
143.Caspian_Tern/Caspian_Tern_0022_144922.jpg,dinov2_reg4,0.30962343096234307,0.0,0.9067574739456177,0.0,0.003450003219768405,0.07374043367346939
143.Caspian_Tern/Caspian_Tern_0058_145886.jpg,dinov2_reg4,0.5404040404040404,0.4246031746031746,0.8552767038345337,0.0,0.03296570107340813,0.09801498724489796
143.Caspian_Tern/Caspian_Tern_0014_145640.jpg,dinov2_reg4,0.502092050209205,0.5240174672489083,0.8714084625244141,0.0,0.004029641859233379,0.1155532525510204
144.Common_Tern/Common_Tern_0045_150067.jpg,dinov2_reg4,0.4064748201438849,0.3445121951219512,0.841170072555542,0.0,0.008456356823444366,0.11248405612244898
144.Common_Tern/Common_Tern_0092_147779.jpg,dinov2_reg4,0.0,0.2945205479452055,0.8629130125045776,0.0,0.0028219192754477262,0.0787826849489796
144.Common_Tern/Common_Tern_0108_149672.jpg,dinov2_reg4,0.27586206896551724,0.0,0.8837751150131226,0.0,0.004238072317093611,0.06309789540816327
144.Common_Tern/Common_Tern_0044_148680.jpg,dinov2_reg4,0.5423728813559322,0.0,0.8088399171829224,0.0537109375,0.027579113841056824,0.09857302295918367
144.Common_Tern/Common_Tern_0047_149195.jpg,dinov2_reg4,0.5955056179775281,0.6235294117647059,0.859850287437439,0.0,0.007267986889928579,0.15692761479591838
145.Elegant_Tern/Elegant_Tern_0060_150837.jpg,dinov2_reg4,0.430327868852459,0.0,0.827574610710144,0.0,0.030906304717063904,0.09640066964285714
145.Elegant_Tern/Elegant_Tern_0033_150687.jpg,dinov2_reg4,0.2578125,0.0,0.8283170461654663,0.0,0.04172230511903763,0.03437898596938776
145.Elegant_Tern/Elegant_Tern_0079_150953.jpg,dinov2_reg4,0.38333333333333336,0.38461538461538464,0.8877348899841309,0.005859375,0.003483791137114167,0.1129623724489796
145.Elegant_Tern/Elegant_Tern_0044_150946.jpg,dinov2_reg4,0.5478260869565217,0.5526315789473685,0.8139333724975586,0.0,0.024400994181632996,0.12577726403061223
145.Elegant_Tern/Elegant_Tern_0035_150744.jpg,dinov2_reg4,0.31365313653136534,0.3046594982078853,0.9092311859130859,0.0,0.0035712793469429016,0.0843032525510204
146.Forsters_Tern/Forsters_Tern_0098_151258.jpg,dinov2_reg4,0.28888888888888886,0.0,0.8308683633804321,0.0,0.05373138189315796,0.04225127551020408
146.Forsters_Tern/Forsters_Tern_0076_151330.jpg,dinov2_reg4,0.5051194539249146,0.4728434504792332,0.8982267379760742,0.00390625,0.002000243868678808,0.14142219387755103
146.Forsters_Tern/Forsters_Tern_0071_152142.jpg,dinov2_reg4,0.4794520547945205,0.0,0.834304690361023,0.001953125,0.024449177086353302,0.10214046556122448
146.Forsters_Tern/Forsters_Tern_0049_151631.jpg,dinov2_reg4,0.41304347826086957,0.382183908045977,0.895747184753418,0.0,0.0028701266273856163,0.12765066964285715
146.Forsters_Tern/Forsters_Tern_0065_152206.jpg,dinov2_reg4,0.24494949494949494,0.23429951690821257,0.8461489677429199,0.0,0.020179057493805885,0.09566326530612244
146.Forsters_Tern/Forsters_Tern_0086_152738.jpg,dinov2_reg4,0.42045454545454547,0.3592233009708738,0.8197001814842224,0.0078125,0.013878545723855495,0.07378029336734694
146.Forsters_Tern/Forsters_Tern_0029_151228.jpg,dinov2_reg4,0.4888888888888889,0.023529411764705882,0.8406953811645508,0.0,0.0312302615493536,0.08571827168367346
147.Least_Tern/Least_Tern_0128_153732.jpg,dinov2_reg4,0.41379310344827586,0.0,0.8427009582519531,0.0,0.015576488338410854,0.07928093112244898
147.Least_Tern/Least_Tern_0028_153781.jpg,dinov2_reg4,0.5799086757990868,0.24517374517374518,0.8581215143203735,0.0771484375,0.03096919320523739,0.12085459183673469
147.Least_Tern/Least_Tern_0089_152912.jpg,dinov2_reg4,0.5056818181818182,0.0,0.8795715570449829,0.0,0.008761206641793251,0.16745057397959184
148.Green_tailed_Towhee/Green_Tailed_Towhee_0109_797440.jpg,dinov2_reg4,0.574585635359116,0.27365728900255754,0.8359249234199524,0.00390625,0.02099038101732731,0.11202566964285714
148.Green_tailed_Towhee/Green_Tailed_Towhee_0100_154966.jpg,dinov2_reg4,0.7160493827160493,0.7521739130434782,0.7961853742599487,0.03515625,0.03643328323960304,0.1688655931122449
148.Green_tailed_Towhee/Green_Tailed_Towhee_0047_154776.jpg,dinov2_reg4,0.6491228070175439,0.7161290322580646,0.7834736704826355,0.037109375,0.03698401898145676,0.11358019770408163
148.Green_tailed_Towhee/Green_Tailed_Towhee_0085_154822.jpg,dinov2_reg4,0.6473684210526316,0.0,0.8401156663894653,0.0,0.016686396673321724,0.12667410714285715
148.Green_tailed_Towhee/Green_Tailed_Towhee_0082_797395.jpg,dinov2_reg4,0.6976744186046512,0.7489539748953975,0.7910338640213013,0.10546875,0.0614180825650692,0.17629942602040816
149.Brown_Thrasher/Brown_Thrasher_0015_155165.jpg,dinov2_reg4,0.21656050955414013,0.0,0.8467395305633545,0.0498046875,0.021231945604085922,0.06760204081632654
149.Brown_Thrasher/Brown_Thrasher_0024_155363.jpg,dinov2_reg4,0.5049019607843137,0.24939467312348668,0.7753040790557861,0.0009765625,0.03339410573244095,0.10825892857142858
149.Brown_Thrasher/Brown_Thrasher_0096_155412.jpg,dinov2_reg4,0.7150537634408602,0.24675324675324675,0.8080945611000061,0.0166015625,0.021134410053491592,0.13018176020408162
149.Brown_Thrasher/Brown_Thrasher_0092_155415.jpg,dinov2_reg4,0.5576208178438662,0.3826530612244898,0.8641448616981506,0.0,0.010309849865734577,0.1494937818877551
149.Brown_Thrasher/Brown_Thrasher_0056_155048.jpg,dinov2_reg4,0.6423611111111112,0.3406998158379374,0.8253119587898254,0.0009765625,0.023278482258319855,0.19188456632653061
150.Sage_Thrasher/Sage_Thrasher_0029_796459.jpg,dinov2_reg4,0.5480769230769231,0.0,0.835052490234375,0.01953125,0.014793658629059792,0.1116470025510204
150.Sage_Thrasher/Sage_Thrasher_0057_155488.jpg,dinov2_reg4,0.7910447761194029,0.8263157894736842,0.8309834599494934,0.095703125,0.06358486413955688,0.16083386479591838
150.Sage_Thrasher/Sage_Thrasher_0073_155614.jpg,dinov2_reg4,0.5460992907801419,0.18439716312056736,0.8389753103256226,0.0107421875,0.02964145876467228,0.07601243622448979
151.Black_capped_Vireo/Black_Capped_Vireo_0051_797456.jpg,dinov2_reg4,0.7432950191570882,0.7692307692307693,0.8271280527114868,0.015625,0.0420343317091465,0.1997967155612245
151.Black_capped_Vireo/Black_Capped_Vireo_0038_797465.jpg,dinov2_reg4,0.7009803921568627,0.772972972972973,0.7731153964996338,0.0009765625,0.03916165232658386,0.1429169323979592
151.Black_capped_Vireo/Black_Capped_Vireo_0033_797474.jpg,dinov2_reg4,0.28695652173913044,0.008287292817679558,0.7818040251731873,0.0068359375,0.09026703238487244,0.037966358418367346
152.Blue_headed_Vireo/Blue_Headed_Vireo_0058_156261.jpg,dinov2_reg4,0.5663265306122449,0.3793103448275862,0.8587820529937744,0.017578125,0.010200642049312592,0.12788982780612246
152.Blue_headed_Vireo/Blue_Headed_Vireo_0103_156382.jpg,dinov2_reg4,0.5467625899280576,0.16666666666666666,0.8271492719650269,0.0263671875,0.029432140290737152,0.07736766581632654
153.Philadelphia_Vireo/Philadelphia_Vireo_0060_156555.jpg,dinov2_reg4,0.7035175879396985,0.7368421052631579,0.8568432331085205,0.12109375,0.01887311227619648,0.13807397959183673
153.Philadelphia_Vireo/Philadelphia_Vireo_0028_156510.jpg,dinov2_reg4,0.7340425531914894,0.2116564417177914,0.809931755065918,0.0498046875,0.03756109997630119,0.13420758928571427
153.Philadelphia_Vireo/Philadelphia_Vireo_0038_794759.jpg,dinov2_reg4,0.722007722007722,0.42117117117117114,0.8334046602249146,0.1337890625,0.015354798175394535,0.17861128826530612
153.Philadelphia_Vireo/Philadelphia_Vireo_0027_156585.jpg,dinov2_reg4,0.7630853994490359,0.7688022284122563,0.8550678491592407,0.0224609375,0.012979934923350811,0.2895607461734694
153.Philadelphia_Vireo/Philadelphia_Vireo_0035_156596.jpg,dinov2_reg4,0.5493827160493827,0.163003663003663,0.8104208707809448,0.0927734375,0.018578996881842613,0.09307238520408163
153.Philadelphia_Vireo/Philadelphia_Vireo_0058_156558.jpg,dinov2_reg4,0.6407185628742516,0.6309523809523809,0.7747558355331421,0.07421875,0.02855563350021839,0.11487563775510204
153.Philadelphia_Vireo/Philadelphia_Vireo_0020_156663.jpg,dinov2_reg4,0.35658914728682173,0.05466970387243736,0.8364113569259644,0.0048828125,0.02519468404352665,0.07007334183673469
154.Red_eyed_Vireo/Red_Eyed_Vireo_0132_156686.jpg,dinov2_reg4,0.7608695652173914,0.7692307692307693,0.821942150592804,0.138671875,0.025298194959759712,0.13643973214285715
154.Red_eyed_Vireo/Red_Eyed_Vireo_0004_157224.jpg,dinov2_reg4,0.6024096385542169,0.21321961620469082,0.7978271245956421,0.0244140625,0.03123924881219864,0.09763632015306123
154.Red_eyed_Vireo/Red_Eyed_Vireo_0026_156751.jpg,dinov2_reg4,0.5053191489361702,0.2111111111111111,0.8242530822753906,0.06640625,0.02998257800936699,0.09444754464285714
154.Red_eyed_Vireo/Red_Eyed_Vireo_0129_156781.jpg,dinov2_reg4,0.6758620689655173,0.2752808988764045,0.7860747575759888,0.1083984375,0.05274446681141853,0.09371014030612244
154.Red_eyed_Vireo/Red_Eyed_Vireo_0134_156919.jpg,dinov2_reg4,0.6759259259259259,0.22580645161290322,0.8342358469963074,0.0341796875,0.02799004316329956,0.14666374362244897
155.Warbling_Vireo/Warbling_Vireo_0036_158268.jpg,dinov2_reg4,0.7923497267759563,0.8114285714285714,0.7974636554718018,0.0,0.05951060727238655,0.3010801977040816
155.Warbling_Vireo/Warbling_Vireo_0018_158304.jpg,dinov2_reg4,0.6666666666666666,0.3764705882352941,0.7831434011459351,0.0703125,0.029549311846494675,0.12354512117346939
155.Warbling_Vireo/Warbling_Vireo_0054_158321.jpg,dinov2_reg4,0.6228813559322034,0.36658354114713215,0.8154405355453491,0.0703125,0.024100326001644135,0.1466438137755102
155.Warbling_Vireo/Warbling_Vireo_0087_158355.jpg,dinov2_reg4,0.5656565656565656,0.0,0.7872886061668396,0.056640625,0.058793723583221436,0.05412946428571429
155.Warbling_Vireo/Warbling_Vireo_0091_158419.jpg,dinov2_reg4,0.7955801104972375,0.8208092485549133,0.7981081008911133,0.1337890625,0.044514868408441544,0.14943399234693877
155.Warbling_Vireo/Warbling_Vireo_0131_158522.jpg,dinov2_reg4,0.48412698412698413,0.0,0.8357734084129333,0.0517578125,0.016184713691473007,0.06419403698979592
156.White_eyed_Vireo/White_Eyed_Vireo_0045_159232.jpg,dinov2_reg4,0.7361111111111112,0.23385300668151449,0.7464944124221802,0.0244140625,0.045781273394823074,0.10229990433673469
156.White_eyed_Vireo/White_Eyed_Vireo_0134_158889.jpg,dinov2_reg4,0.5289256198347108,0.512,0.8181049823760986,0.0546875,0.04381580650806427,0.06343670280612244
156.White_eyed_Vireo/White_Eyed_Vireo_0135_158955.jpg,dinov2_reg4,0.6627218934911243,0.7088607594936709,0.7814197540283203,0.0625,0.03199285268783569,0.11324139030612244
156.White_eyed_Vireo/White_Eyed_Vireo_0041_159032.jpg,dinov2_reg4,0.597972972972973,0.32181818181818184,0.8294073343276978,0.0,0.02757916785776615,0.1738879145408163
156.White_eyed_Vireo/White_Eyed_Vireo_0061_159042.jpg,dinov2_reg4,0.5442477876106194,0.21551724137931033,0.8496683835983276,0.0,0.014650276862084866,0.12045599489795919
156.White_eyed_Vireo/White_Eyed_Vireo_0112_159147.jpg,dinov2_reg4,0.6861313868613139,0.1298342541436464,0.785938024520874,0.09375,0.03502313420176506,0.09606186224489796
156.White_eyed_Vireo/White_Eyed_Vireo_0086_159202.jpg,dinov2_reg4,0.6785714285714286,0.0038461538461538464,0.8383073806762695,0.015625,0.03339067101478577,0.09729751275510204
157.Yellow_throated_Vireo/Yellow_Throated_Vireo_0055_159532.jpg,dinov2_reg4,0.4076923076923077,0.15915915915915915,0.838875412940979,0.021484375,0.026615377515554428,0.05568399234693878
157.Yellow_throated_Vireo/Yellow_Throated_Vireo_0005_159588.jpg,dinov2_reg4,0.7330508474576272,0.43640897755610975,0.8580851554870605,0.0185546875,0.009972281754016876,0.17036033163265307
157.Yellow_throated_Vireo/Yellow_Throated_Vireo_0057_159570.jpg,dinov2_reg4,0.5517241379310345,0.0,0.8257265686988831,0.0,0.030094383284449577,0.10792012117346939
157.Yellow_throated_Vireo/Yellow_Throated_Vireo_0059_794970.jpg,dinov2_reg4,0.5578231292517006,0.2842809364548495,0.8396404981613159,0.0537109375,0.01576772890985012,0.08049665178571429
157.Yellow_throated_Vireo/Yellow_Throated_Vireo_0048_794982.jpg,dinov2_reg4,0.43171806167400884,0.23671497584541062,0.8010295629501343,0.0712890625,0.032510049641132355,0.09626116071428571
157.Yellow_throated_Vireo/Yellow_Throated_Vireo_0043_159628.jpg,dinov2_reg4,0.6009389671361502,0.4261744966442953,0.7988908290863037,0.12109375,0.03476780652999878,0.1393096301020408
157.Yellow_throated_Vireo/Yellow_Throated_Vireo_0071_159707.jpg,dinov2_reg4,0.1384083044982699,0.11533242876526459,0.7951242923736572,0.1162109375,0.032139264047145844,0.07822464923469388
158.Bay_breasted_Warbler/Bay_Breasted_Warbler_0057_159818.jpg,dinov2_reg4,0.7412935323383084,0.3547619047619048,0.8539100885391235,0.0078125,0.01914091967046261,0.14714205994897958
158.Bay_breasted_Warbler/Bay_Breasted_Warbler_0102_159887.jpg,dinov2_reg4,0.4,0.0,0.7779261469841003,0.064453125,0.03970424830913544,0.03404017857142857
158.Bay_breasted_Warbler/Bay_Breasted_Warbler_0067_159895.jpg,dinov2_reg4,0.09912536443148688,0.04781997187060478,0.7486670017242432,0.0,0.05476672202348709,0.03677056760204082
158.Bay_breasted_Warbler/Bay_Breasted_Warbler_0008_797115.jpg,dinov2_reg4,0.6355555555555555,0.3844086021505376,0.8470474481582642,0.0146484375,0.01339640561491251,0.1431560905612245
158.Bay_breasted_Warbler/Bay_Breasted_Warbler_0007_797118.jpg,dinov2_reg4,0.6105769230769231,0.0,0.8320527672767639,0.0205078125,0.03574616461992264,0.11975845025510204
158.Bay_breasted_Warbler/Bay_Breasted_Warbler_0054_797124.jpg,dinov2_reg4,0.6935483870967742,0.40326340326340326,0.8646119832992554,0.078125,0.011157474480569363,0.17030054209183673
158.Bay_breasted_Warbler/Bay_Breasted_Warbler_0039_797152.jpg,dinov2_reg4,0.6759776536312849,0.20982142857142858,0.7919980883598328,0.0048828125,0.032404642552137375,0.1351642219387755
158.Bay_breasted_Warbler/Bay_Breasted_Warbler_0043_797154.jpg,dinov2_reg4,0.7972972972972973,0.8285714285714286,0.8238087892532349,0.0,0.036396175622940063,0.2792370854591837
158.Bay_breasted_Warbler/Bay_Breasted_Warbler_0053_797157.jpg,dinov2_reg4,0.7254901960784313,0.22515212981744423,0.8438422083854675,0.005859375,0.018621964380145073,0.10550860969387756
158.Bay_breasted_Warbler/Bay_Breasted_Warbler_0110_159735.jpg,dinov2_reg4,0.0970873786407767,0.09174311926605505,0.7995702624320984,0.0439453125,0.035516124218702316,0.07148836096938775
159.Black_and_white_Warbler/Black_And_White_Warbler_0128_160803.jpg,dinov2_reg4,0.6202090592334495,0.48448687350835323,0.8366214036941528,0.0322265625,0.016473371535539627,0.1982421875
159.Black_and_white_Warbler/Black_And_White_Warbler_0024_160057.jpg,dinov2_reg4,0.42025316455696204,0.3198458574181118,0.8319622278213501,0.0,0.03493553027510643,0.15945870535714285
159.Black_and_white_Warbler/Black_And_White_Warbler_0025_160584.jpg,dinov2_reg4,0.746031746031746,0.24784853700516352,0.8271446824073792,0.0947265625,0.03292350098490715,0.13791454081632654
159.Black_and_white_Warbler/Black_And_White_Warbler_0088_160668.jpg,dinov2_reg4,0.375,0.061855670103092786,0.7782419323921204,0.0263671875,0.04904470592737198,0.03868383290816327
159.Black_and_white_Warbler/Black_And_White_Warbler_0034_160695.jpg,dinov2_reg4,0.23308270676691728,0.22962962962962963,0.8342825174331665,0.0146484375,0.02052566595375538,0.06028778698979592
159.Black_and_white_Warbler/Black_And_White_Warbler_0090_160247.jpg,dinov2_reg4,0.6175115207373272,0.575107296137339,0.8443681597709656,0.0458984375,0.015172582119703293,0.12878667091836735
160.Black_throated_Blue_Warbler/Black_Throated_Blue_Warbler_0136_161400.jpg,dinov2_reg4,0.803030303030303,0.8582995951417004,0.8255023956298828,0.0234375,0.01826585829257965,0.20920360331632654
160.Black_throated_Blue_Warbler/Black_Throated_Blue_Warbler_0113_161407.jpg,dinov2_reg4,0.7074829931972789,0.2877094972067039,0.7936574220657349,0.0380859375,0.030126430094242096,0.10004783163265306
160.Black_throated_Blue_Warbler/Black_Throated_Blue_Warbler_0048_161665.jpg,dinov2_reg4,0.65,0.16883116883116883,0.7859050035476685,0.013671875,0.036916423588991165,0.07932079081632654
160.Black_throated_Blue_Warbler/Black_Throated_Blue_Warbler_0001_161189.jpg,dinov2_reg4,0.7609561752988048,0.7795918367346939,0.8667240738868713,0.0458984375,0.018113164231181145,0.19013073979591838
160.Black_throated_Blue_Warbler/Black_Throated_Blue_Warbler_0110_161726.jpg,dinov2_reg4,0.47058823529411764,0.4890829694323144,0.8412289023399353,0.0517578125,0.026220418512821198,0.11338089923469388
160.Black_throated_Blue_Warbler/Black_Throated_Blue_Warbler_0107_161214.jpg,dinov2_reg4,0.5824175824175825,0.08638360175695461,0.7952206134796143,0.0166015625,0.03485371917486191,0.11162707270408163
161.Blue_winged_Warbler/Blue_Winged_Warbler_0026_161813.jpg,dinov2_reg4,0.5659340659340659,0.5885714285714285,0.8139249086380005,0.1015625,0.024237671867012978,0.11045121173469388
161.Blue_winged_Warbler/Blue_Winged_Warbler_0013_161816.jpg,dinov2_reg4,0.4489795918367347,0.16624685138539042,0.8260546922683716,0.0,0.0183213260024786,0.07085060586734694
161.Blue_winged_Warbler/Blue_Winged_Warbler_0025_161873.jpg,dinov2_reg4,0.7551020408163265,0.7644628099173554,0.8610029220581055,0.0,0.012775581330060959,0.17986686862244897
161.Blue_winged_Warbler/Blue_Winged_Warbler_0017_161878.jpg,dinov2_reg4,0.4731182795698925,0.07894736842105263,0.8491458892822266,0.0,0.029193086549639702,0.08270886479591837
161.Blue_winged_Warbler/Blue_Winged_Warbler_0078_161889.jpg,dinov2_reg4,0.610738255033557,0.020061728395061727,0.7567427158355713,0.0,0.02871333435177803,0.09632095025510204
161.Blue_winged_Warbler/Blue_Winged_Warbler_0061_161984.jpg,dinov2_reg4,0.375,0.023214285714285715,0.7671477794647217,0.0,0.04588658735156059,0.04055723852040816
161.Blue_winged_Warbler/Blue_Winged_Warbler_0086_162027.jpg,dinov2_reg4,0.7863013698630137,0.7592592592592593,0.8461003303527832,0.0,0.01534709706902504,0.28079161352040816
162.Canada_Warbler/Canada_Warbler_0063_162324.jpg,dinov2_reg4,0.7310344827586207,0.7210884353741497,0.7647807002067566,0.0244140625,0.05125722289085388,0.10413345025510204
162.Canada_Warbler/Canada_Warbler_0020_162354.jpg,dinov2_reg4,0.6204379562043796,0.23342175066312998,0.8271214962005615,0.0283203125,0.03094276785850525,0.09103954081632654
162.Canada_Warbler/Canada_Warbler_0008_162416.jpg,dinov2_reg4,0.7153652392947103,0.5071428571428571,0.8204665184020996,0.0,0.02842261642217636,0.2784000318877551
163.Cape_May_Warbler/Cape_May_Warbler_0048_162915.jpg,dinov2_reg4,0.636986301369863,0.6940298507462687,0.7794181704521179,0.05078125,0.04352770745754242,0.09303252551020408
163.Cape_May_Warbler/Cape_May_Warbler_0055_163171.jpg,dinov2_reg4,0.7942238267148014,0.8148148148148148,0.8080486059188843,0.064453125,0.038112662732601166,0.21408641581632654
163.Cape_May_Warbler/Cape_May_Warbler_0107_162941.jpg,dinov2_reg4,0.6420454545454546,0.2691415313225058,0.825253427028656,0.0,0.02466226927936077,0.11021205357142858
163.Cape_May_Warbler/Cape_May_Warbler_0062_162955.jpg,dinov2_reg4,0.6134453781512605,0.4625,0.8131881952285767,0.0341796875,0.02244528941810131,0.14333545918367346
163.Cape_May_Warbler/Cape_May_Warbler_0124_163037.jpg,dinov2_reg4,0.25862068965517243,0.0,0.8111575245857239,0.009765625,0.03257828950881958,0.03138950892857143
164.Cerulean_Warbler/Cerulean_Warbler_0041_163535.jpg,dinov2_reg4,0.7945205479452054,0.17602427921092564,0.8140866160392761,0.0078125,0.035389479249715805,0.1116470025510204
164.Cerulean_Warbler/Cerulean_Warbler_0025_797232.jpg,dinov2_reg4,0.7083333333333334,0.4927536231884058,0.8687856197357178,0.0302734375,0.01458888128399849,0.1752032844387755
165.Chestnut_sided_Warbler/Chestnut_Sided_Warbler_0046_163856.jpg,dinov2_reg4,0.3247422680412371,0.10862068965517241,0.7877748012542725,0.0400390625,0.020887089893221855,0.06415417729591837
165.Chestnut_sided_Warbler/Chestnut_Sided_Warbler_0127_163860.jpg,dinov2_reg4,0.6153846153846154,0.17216642754662842,0.7788385152816772,0.0927734375,0.02875259704887867,0.11256377551020408
165.Chestnut_sided_Warbler/Chestnut_Sided_Warbler_0090_163629.jpg,dinov2_reg4,0.6666666666666666,0.20222634508348794,0.768317699432373,0.0,0.052290089428424835,0.11292251275510204
165.Chestnut_sided_Warbler/Chestnut_Sided_Warbler_0037_164233.jpg,dinov2_reg4,0.7102272727272727,0.7325581395348837,0.8326936960220337,0.1171875,0.014447788707911968,0.12183115433673469
165.Chestnut_sided_Warbler/Chestnut_Sided_Warbler_0049_163735.jpg,dinov2_reg4,0.5182481751824818,0.13894324853228962,0.8026841878890991,0.0087890625,0.01902112551033497,0.07314253826530612
166.Golden_winged_Warbler/Golden_Winged_Warbler_0035_164362.jpg,dinov2_reg4,0.4934210526315789,0.1482213438735178,0.8256121873855591,0.0,0.03158976882696152,0.0790218431122449
166.Golden_winged_Warbler/Golden_Winged_Warbler_0070_164460.jpg,dinov2_reg4,0.6270096463022508,0.3408695652173913,0.8839108943939209,0.0,0.020569493994116783,0.19033003826530612
166.Golden_winged_Warbler/Golden_Winged_Warbler_0043_164476.jpg,dinov2_reg4,0.6838235294117647,0.19750519750519752,0.7999830842018127,0.0634765625,0.04635785520076752,0.09169722576530612
166.Golden_winged_Warbler/Golden_Winged_Warbler_0049_164509.jpg,dinov2_reg4,0.5033557046979866,0.1524390243902439,0.8432288765907288,0.0068359375,0.027841616421937943,0.08169244260204081
166.Golden_winged_Warbler/Golden_Winged_Warbler_0052_164529.jpg,dinov2_reg4,0.638095238095238,0.2073170731707317,0.8022044897079468,0.01953125,0.04861507564783096,0.06363600127551021
166.Golden_winged_Warbler/Golden_Winged_Warbler_0082_164544.jpg,dinov2_reg4,0.5045045045045045,0.08,0.75792396068573,0.037109375,0.040242694318294525,0.05502630739795918
166.Golden_winged_Warbler/Golden_Winged_Warbler_0036_794817.jpg,dinov2_reg4,0.75,0.23694029850746268,0.8084632754325867,0.060546875,0.034134991466999054,0.12041613520408163
166.Golden_winged_Warbler/Golden_Winged_Warbler_0067_794846.jpg,dinov2_reg4,0.726027397260274,0.7664233576642335,0.8118530511856079,0.0927734375,0.02916817180812359,0.11270328443877552
167.Hooded_Warbler/Hooded_Warbler_0017_164911.jpg,dinov2_reg4,0.330188679245283,0.0,0.8215691447257996,0.04296875,0.02065209485590458,0.04049744897959184
167.Hooded_Warbler/Hooded_Warbler_0133_165016.jpg,dinov2_reg4,0.3623693379790941,0.3586206896551724,0.8628959655761719,0.0390625,0.011903460137546062,0.10235969387755102
167.Hooded_Warbler/Hooded_Warbler_0122_164635.jpg,dinov2_reg4,0.7777777777777778,0.7945945945945946,0.8281769752502441,0.0244140625,0.12329137325286865,0.14351482780612246
168.Kentucky_Warbler/Kentucky_Warbler_0076_795907.jpg,dinov2_reg4,0.7014925373134329,0.0,0.7669501900672913,0.07421875,0.052561212331056595,0.09331154336734694
168.Kentucky_Warbler/Kentucky_Warbler_0005_795919.jpg,dinov2_reg4,0.6215139442231076,0.6707818930041153,0.841629147529602,0.0,0.023563964292407036,0.16800860969387754
168.Kentucky_Warbler/Kentucky_Warbler_0044_165436.jpg,dinov2_reg4,0.6518518518518519,0.11233885819521179,0.8327012658119202,0.0,0.030226439237594604,0.08372528698979592
168.Kentucky_Warbler/Kentucky_Warbler_0043_165240.jpg,dinov2_reg4,0.8724637681159421,0.887905604719764,0.8339529037475586,0.0703125,0.0546359121799469,0.29310825892857145
168.Kentucky_Warbler/Kentucky_Warbler_0048_165360.jpg,dinov2_reg4,0.8054607508532423,0.833922261484099,0.8324154019355774,0.083984375,0.018962088972330093,0.22841597576530612
168.Kentucky_Warbler/Kentucky_Warbler_0049_165313.jpg,dinov2_reg4,0.4909090909090909,0.0,0.7916312217712402,0.060546875,0.03106895089149475,0.12143255739795919
168.Kentucky_Warbler/Kentucky_Warbler_0022_795882.jpg,dinov2_reg4,0.7967667436489607,0.8070588235294117,0.8380305767059326,0.0,0.04673311114311218,0.34004304846938777
168.Kentucky_Warbler/Kentucky_Warbler_0030_795885.jpg,dinov2_reg4,0.5842105263157895,0.6201117318435754,0.811772882938385,0.0029296875,0.045352086424827576,0.12794961734693877
168.Kentucky_Warbler/Kentucky_Warbler_0003_795892.jpg,dinov2_reg4,0.6346153846153846,0.0,0.8510682582855225,0.0888671875,0.022903727367520332,0.09321189413265306
169.Magnolia_Warbler/Magnolia_Warbler_0039_165532.jpg,dinov2_reg4,0.7071428571428572,0.2469733656174334,0.7936229705810547,0.0986328125,0.031332600861787796,0.10243941326530612
169.Magnolia_Warbler/Magnolia_Warbler_0079_165783.jpg,dinov2_reg4,0.6700507614213198,0.3848396501457726,0.8527648448944092,0.0673828125,0.017496665939688683,0.13211495535714285
170.Mourning_Warbler/Mourning_Warbler_0006_166595.jpg,dinov2_reg4,0.5826771653543307,0.023636363636363636,0.8218879699707031,0.0517578125,0.0343315564095974,0.07651068239795919
170.Mourning_Warbler/Mourning_Warbler_0048_166596.jpg,dinov2_reg4,0.5742971887550201,0.5181159420289855,0.8729699850082397,0.001953125,0.00996484886854887,0.14333545918367346
170.Mourning_Warbler/Mourning_Warbler_0061_166598.jpg,dinov2_reg4,0.4957983193277311,0.11580882352941177,0.7880790829658508,0.0,0.031254399567842484,0.061045121173469385
170.Mourning_Warbler/Mourning_Warbler_0047_795373.jpg,dinov2_reg4,0.7258687258687259,0.7430830039525692,0.8375954031944275,0.013671875,0.03083772026002407,0.18094308035714285
170.Mourning_Warbler/Mourning_Warbler_0065_795374.jpg,dinov2_reg4,0.8672985781990521,0.40979955456570155,0.8397413492202759,0.0712890625,0.04270577058196068,0.17795360331632654
171.Myrtle_Warbler/Myrtle_Warbler_0045_166710.jpg,dinov2_reg4,0.6447368421052632,0.18975332068311196,0.797735333442688,0.0009765625,0.037127405405044556,0.10146285076530612
171.Myrtle_Warbler/Myrtle_Warbler_0083_166738.jpg,dinov2_reg4,0.6529680365296804,0.42058823529411765,0.8442221879959106,0.0078125,0.012029342353343964,0.13986766581632654
171.Myrtle_Warbler/Myrtle_Warbler_0028_166905.jpg,dinov2_reg4,0.7458563535911602,0.7916666666666666,0.8157089948654175,0.1298828125,0.03278337046504021,0.1338687818877551
171.Myrtle_Warbler/Myrtle_Warbler_0032_166847.jpg,dinov2_reg4,0.6358381502890174,0.6918238993710691,0.8287084102630615,0.09765625,0.026802271604537964,0.11497528698979592
171.Myrtle_Warbler/Myrtle_Warbler_0063_93378.jpg,dinov2_reg4,0.6759581881533101,0.3321917808219178,0.8332333564758301,0.0,0.016842961311340332,0.18889508928571427
172.Nashville_Warbler/Nashville_Warbler_0015_167429.jpg,dinov2_reg4,0.7,0.1760299625468165,0.7843987345695496,0.0830078125,0.058617688715457916,0.09349091198979592
172.Nashville_Warbler/Nashville_Warbler_0005_167103.jpg,dinov2_reg4,0.5811965811965812,0.0,0.7708929777145386,0.07421875,0.053659532219171524,0.07025271045918367
172.Nashville_Warbler/Nashville_Warbler_0001_167117.jpg,dinov2_reg4,0.5846153846153846,0.2154696132596685,0.8005351424217224,0.0009765625,0.023531172424554825,0.07615194515306123
172.Nashville_Warbler/Nashville_Warbler_0107_167186.jpg,dinov2_reg4,0.06774193548387097,0.0,0.8646597862243652,0.0068359375,0.016463778913021088,0.02303890306122449
172.Nashville_Warbler/Nashville_Warbler_0014_167190.jpg,dinov2_reg4,0.5338345864661654,0.3302325581395349,0.795131266117096,0.02734375,0.04077067971229553,0.08169244260204081
172.Nashville_Warbler/Nashville_Warbler_0018_167191.jpg,dinov2_reg4,0.5508474576271186,0.0,0.7700483798980713,0.029296875,0.0428244024515152,0.06481186224489796
173.Orange_crowned_Warbler/Orange_Crowned_Warbler_0065_167952.jpg,dinov2_reg4,0.49732620320855614,0.0,0.8262428045272827,0.00390625,0.015871822834014893,0.10293765943877552
173.Orange_crowned_Warbler/Orange_Crowned_Warbler_0019_167626.jpg,dinov2_reg4,0.7413793103448276,0.3333333333333333,0.8374249935150146,0.0,0.020998600870370865,0.1608936543367347
173.Orange_crowned_Warbler/Orange_Crowned_Warbler_0114_167732.jpg,dinov2_reg4,0.7400881057268722,0.7455357142857143,0.8408223986625671,0.00390625,0.018815400078892708,0.1831951530612245
174.Palm_Warbler/Palm_Warbler_0051_169487.jpg,dinov2_reg4,0.5643564356435643,0.004464285714285714,0.7580496072769165,0.0517578125,0.05020540580153465,0.05685985331632653
174.Palm_Warbler/Palm_Warbler_0050_170042.jpg,dinov2_reg4,0.6118421052631579,0.6301369863013698,0.8203469514846802,0.0087890625,0.04280675947666168,0.09689891581632654
174.Palm_Warbler/Palm_Warbler_0111_169663.jpg,dinov2_reg4,0.6666666666666666,0.20811287477954143,0.7910228371620178,0.0361328125,0.026833001524209976,0.10933514030612244
174.Palm_Warbler/Palm_Warbler_0086_169676.jpg,dinov2_reg4,0.6451612903225806,0.352112676056338,0.8426014184951782,0.0185546875,0.02196637913584709,0.09681919642857142
174.Palm_Warbler/Palm_Warbler_0075_168751.jpg,dinov2_reg4,0.5458333333333333,0.1964549483013294,0.8461432456970215,0.0,0.013111966662108898,0.1366390306122449
174.Palm_Warbler/Palm_Warbler_0013_169411.jpg,dinov2_reg4,0.6774193548387096,0.7225433526011561,0.774282693862915,0.0,0.06090201064944267,0.12806919642857142
175.Pine_Warbler/Pine_Warbler_0005_171548.jpg,dinov2_reg4,0.7424242424242424,0.002028397565922921,0.797385573387146,0.001953125,0.029373208060860634,0.14893574617346939
175.Pine_Warbler/Pine_Warbler_0119_171551.jpg,dinov2_reg4,0.610738255033557,0.175,0.8188889622688293,0.06640625,0.028974678367376328,0.09438775510204081
175.Pine_Warbler/Pine_Warbler_0095_171588.jpg,dinov2_reg4,0.1346153846153846,0.13172043010752688,0.8300284147262573,0.0341796875,0.020986024290323257,0.04731345663265306
175.Pine_Warbler/Pine_Warbler_0044_171104.jpg,dinov2_reg4,0.5,0.06718346253229975,0.7713456749916077,0.005859375,0.07867397367954254,0.05064174107142857
175.Pine_Warbler/Pine_Warbler_0045_171150.jpg,dinov2_reg4,0.7351351351351352,0.768361581920904,0.8219461441040039,0.0966796875,0.024023698642849922,0.12649473852040816
175.Pine_Warbler/Pine_Warbler_0097_171671.jpg,dinov2_reg4,0.6265060240963856,0.25,0.833324670791626,0.076171875,0.016083747148513794,0.09833386479591837
175.Pine_Warbler/Pine_Warbler_0136_171382.jpg,dinov2_reg4,0.7863636363636364,0.7899543378995434,0.8496376872062683,0.0126953125,0.017804056406021118,0.17207429846938777
175.Pine_Warbler/Pine_Warbler_0084_172409.jpg,dinov2_reg4,0.79375,0.834983498349835,0.8290901184082031,0.0,0.024825189262628555,0.24920280612244897
175.Pine_Warbler/Pine_Warbler_0103_171922.jpg,dinov2_reg4,0.7178571428571429,0.7292418772563177,0.8533940315246582,0.0029296875,0.01983989216387272,0.19852120535714285
175.Pine_Warbler/Pine_Warbler_0101_171501.jpg,dinov2_reg4,0.6014234875444839,0.66015625,0.8311336040496826,0.0771484375,0.01659557968378067,0.16627471301020408
176.Prairie_Warbler/Prairie_Warbler_0118_173261.jpg,dinov2_reg4,0.4880952380952381,0.014230271668822769,0.8009201288223267,0.0341796875,0.0727090910077095,0.04340720663265306
176.Prairie_Warbler/Prairie_Warbler_0133_173279.jpg,dinov2_reg4,0.14255765199161424,0.004301075268817204,0.7877020239830017,0.0341796875,0.045163411647081375,0.06395487882653061
176.Prairie_Warbler/Prairie_Warbler_0066_173350.jpg,dinov2_reg4,0.6722689075630253,0.2597402597402597,0.8261009454727173,0.072265625,0.021403495222330093,0.07559390943877552
176.Prairie_Warbler/Prairie_Warbler_0094_91950.jpg,dinov2_reg4,0.6666666666666666,0.6666666666666666,0.8774867057800293,0.1083984375,0.009675493463873863,0.1802654655612245
176.Prairie_Warbler/Prairie_Warbler_0052_173400.jpg,dinov2_reg4,0.821256038647343,0.8556701030927835,0.7966437339782715,0.1083984375,0.04250338301062584,0.1632453762755102
176.Prairie_Warbler/Prairie_Warbler_0127_172913.jpg,dinov2_reg4,0.6783216783216783,0.20995670995670995,0.7844714522361755,0.0498046875,0.04626947641372681,0.08920599489795919
176.Prairie_Warbler/Prairie_Warbler_0014_172542.jpg,dinov2_reg4,0.551948051948052,0.5666666666666667,0.7794414758682251,0.087890625,0.03929673880338669,0.08655532525510204
177.Prothonotary_Warbler/Prothonotary_Warbler_0102_174595.jpg,dinov2_reg4,0.715,0.732620320855615,0.7755938172340393,0.1162109375,0.04410737380385399,0.15603077168367346
177.Prothonotary_Warbler/Prothonotary_Warbler_0105_174097.jpg,dinov2_reg4,0.8514056224899599,0.8641975308641975,0.7691837549209595,0.1962890625,0.05778944492340088,0.2110969387755102
177.Prothonotary_Warbler/Prothonotary_Warbler_0089_174636.jpg,dinov2_reg4,0.6699029126213593,0.24561403508771928,0.8532228469848633,0.041015625,0.012175212614238262,0.06612723214285714
177.Prothonotary_Warbler/Prothonotary_Warbler_0023_173788.jpg,dinov2_reg4,0.6959459459459459,0.14977973568281938,0.8032619953155518,0.005859375,0.03915681317448616,0.0996890943877551
177.Prothonotary_Warbler/Prothonotary_Warbler_0047_174340.jpg,dinov2_reg4,0.764,0.7611336032388664,0.8171401023864746,0.015625,0.026033751666545868,0.1944156568877551
177.Prothonotary_Warbler/Prothonotary_Warbler_0059_173434.jpg,dinov2_reg4,0.4819277108433735,0.051111111111111114,0.7937646508216858,0.0078125,0.045803990215063095,0.05259486607142857
178.Swainson_Warbler/Swainson_Warbler_0008_794886.jpg,dinov2_reg4,0.5833333333333334,0.021052631578947368,0.7909533381462097,0.0,0.034927356988191605,0.0470344387755102
178.Swainson_Warbler/Swainson_Warbler_0015_794891.jpg,dinov2_reg4,0.8364197530864198,0.5291828793774319,0.8064340353012085,0.0,0.02758183889091015,0.2676578443877551
178.Swainson_Warbler/Swainson_Warbler_0042_794895.jpg,dinov2_reg4,0.6421052631578947,0.3203125,0.836114764213562,0.0078125,0.011823163367807865,0.12075494260204081
178.Swainson_Warbler/Swainson_Warbler_0033_794856.jpg,dinov2_reg4,0.4578313253012048,0.17233560090702948,0.8598902225494385,0.0009765625,0.020182183012366295,0.08396444515306123
179.Tennessee_Warbler/Tennessee_Warbler_0002_174884.jpg,dinov2_reg4,0.8244897959183674,0.8516949152542372,0.8056187629699707,0.0029296875,0.040161676704883575,0.19951769770408162
179.Tennessee_Warbler/Tennessee_Warbler_0003_175154.jpg,dinov2_reg4,0.5822784810126582,0.011075949367088608,0.7904999256134033,0.044921875,0.04460359364748001,0.09287308673469388
179.Tennessee_Warbler/Tennessee_Warbler_0085_156530.jpg,dinov2_reg4,0.628099173553719,0.29136690647482016,0.8087302446365356,0.00390625,0.04217379167675972,0.07637117346938775
179.Tennessee_Warbler/Tennessee_Warbler_0038_174760.jpg,dinov2_reg4,0.6984126984126984,0.010186757215619695,0.7815901637077332,0.001953125,0.029673421755433083,0.0911391900510204
179.Tennessee_Warbler/Tennessee_Warbler_0070_174962.jpg,dinov2_reg4,0.649402390438247,0.6652892561983471,0.8275229930877686,0.07421875,0.030034558847546577,0.1806640625
179.Tennessee_Warbler/Tennessee_Warbler_0080_167714.jpg,dinov2_reg4,0.3358208955223881,0.0,0.8132810592651367,0.1416015625,0.04422532767057419,0.05412946428571429
180.Wilson_Warbler/Wilson_Warbler_0067_175261.jpg,dinov2_reg4,0.6398305084745762,0.3503184713375796,0.8018350601196289,0.0,0.024197610095143318,0.1617705676020408
180.Wilson_Warbler/Wilson_Warbler_0012_175328.jpg,dinov2_reg4,0.48404255319148937,0.0,0.8391645550727844,0.111328125,0.019732873886823654,0.09183673469387756
180.Wilson_Warbler/Wilson_Warbler_0092_175676.jpg,dinov2_reg4,0.24,0.09444444444444444,0.7768588066101074,0.0,0.04620704427361488,0.07075095663265306
180.Wilson_Warbler/Wilson_Warbler_0109_175578.jpg,dinov2_reg4,0.4082125603864734,0.3930232558139535,0.8589380383491516,0.0,0.012117383070290089,0.16637436224489796
181.Worm_eating_Warbler/Worm_Eating_Warbler_0005_175977.jpg,dinov2_reg4,0.6464088397790055,0.3333333333333333,0.8553676605224609,0.001953125,0.012045882642269135,0.11397879464285714
181.Worm_eating_Warbler/Worm_Eating_Warbler_0002_795533.jpg,dinov2_reg4,0.33840304182509506,0.3284132841328413,0.8484045267105103,0.0576171875,0.015876805409789085,0.08502072704081633
181.Worm_eating_Warbler/Worm_Eating_Warbler_0021_795545.jpg,dinov2_reg4,0.6923076923076923,0.6979591836734694,0.8441439867019653,0.048828125,0.01985091343522072,0.17040019132653061
181.Worm_eating_Warbler/Worm_Eating_Warbler_0056_795547.jpg,dinov2_reg4,0.7836734693877551,0.7901234567901234,0.8466054797172546,0.0126953125,0.011216840706765652,0.18215880102040816
181.Worm_eating_Warbler/Worm_Eating_Warbler_0019_795554.jpg,dinov2_reg4,0.804635761589404,0.48214285714285715,0.8619315028190613,0.0,0.05064446106553078,0.23341836734693877
181.Worm_eating_Warbler/Worm_Eating_Warbler_0036_795573.jpg,dinov2_reg4,0.7948717948717948,0.8185840707964602,0.8213312029838562,0.08984375,0.02340209297835827,0.18349410076530612
181.Worm_eating_Warbler/Worm_Eating_Warbler_0027_176062.jpg,dinov2_reg4,0.7142857142857143,0.7276995305164319,0.8294034004211426,0.0751953125,0.032121509313583374,0.15477519132653061
181.Worm_eating_Warbler/Worm_Eating_Warbler_0053_176079.jpg,dinov2_reg4,0.6404494382022472,0.6647398843930635,0.8048692941665649,0.0,0.03402252122759819,0.12647480867346939
182.Yellow_Warbler/Yellow_Warbler_0038_176388.jpg,dinov2_reg4,0.40942028985507245,0.0,0.8646241426467896,0.0,0.008248085156083107,0.11144770408163265
182.Yellow_Warbler/Yellow_Warbler_0080_176542.jpg,dinov2_reg4,0.5569620253164557,0.6359223300970874,0.8327460885047913,0.0,0.0239145215600729,0.1322345344387755
182.Yellow_Warbler/Yellow_Warbler_0118_176409.jpg,dinov2_reg4,0.16725352112676056,0.12040557667934093,0.8246980309486389,0.0,0.0338260717689991,0.09592235331632654
182.Yellow_Warbler/Yellow_Warbler_0093_176490.jpg,dinov2_reg4,0.09408602150537634,0.0,0.8616193532943726,0.0380859375,0.018829137086868286,0.03306361607142857
182.Yellow_Warbler/Yellow_Warbler_0031_176282.jpg,dinov2_reg4,0.05578512396694215,0.0,0.8487954139709473,0.0,0.02156289853155613,0.03093112244897959
182.Yellow_Warbler/Yellow_Warbler_0112_176301.jpg,dinov2_reg4,0.7195121951219512,0.78,0.8054819107055664,0.0732421875,0.05599943920969963,0.12362484056122448
182.Yellow_Warbler/Yellow_Warbler_0088_176336.jpg,dinov2_reg4,0.15542521994134897,0.07604017216642754,0.842565655708313,0.1279296875,0.0247543565928936,0.05084103954081633
182.Yellow_Warbler/Yellow_Warbler_0026_176337.jpg,dinov2_reg4,0.6666666666666666,0.0,0.7360910177230835,0.052734375,0.02834560163319111,0.10226004464285714
182.Yellow_Warbler/Yellow_Warbler_0029_176855.jpg,dinov2_reg4,0.19014084507042253,0.06633906633906633,0.8659299612045288,0.0,0.010814954526722431,0.027463329081632654
183.Northern_Waterthrush/Northern_Waterthrush_0096_177007.jpg,dinov2_reg4,0.6423841059602649,0.17229129662522202,0.7945549488067627,0.0166015625,0.03580456227064133,0.1024593431122449
183.Northern_Waterthrush/Northern_Waterthrush_0042_177272.jpg,dinov2_reg4,0.36428571428571427,0.0777027027027027,0.7976394295692444,0.0,0.06104716658592224,0.05199697066326531
183.Northern_Waterthrush/Northern_Waterthrush_0093_177141.jpg,dinov2_reg4,0.45454545454545453,0.0,0.7502296566963196,0.04296875,0.06296563893556595,0.03609295280612245
184.Louisiana_Waterthrush/Louisiana_Waterthrush_0078_177444.jpg,dinov2_reg4,0.5638766519823789,0.2857142857142857,0.8570427894592285,0.0068359375,0.013336645439267159,0.12476084183673469
184.Louisiana_Waterthrush/Louisiana_Waterthrush_0016_795240.jpg,dinov2_reg4,0.6850828729281768,0.7294117647058823,0.7713721990585327,0.095703125,0.052077557891607285,0.13331074617346939
184.Louisiana_Waterthrush/Louisiana_Waterthrush_0076_795257.jpg,dinov2_reg4,0.7591973244147158,0.7800687285223368,0.8272207975387573,0.0,0.024264024570584297,0.2276985012755102
184.Louisiana_Waterthrush/Louisiana_Waterthrush_0094_795264.jpg,dinov2_reg4,0.1989795918367347,0.12037037037037036,0.8342385292053223,0.0,0.011912955902516842,0.0428093112244898
184.Louisiana_Waterthrush/Louisiana_Waterthrush_0081_795283.jpg,dinov2_reg4,0.6153846153846154,0.6666666666666666,0.8296899795532227,0.005859375,0.046495575457811356,0.15224410076530612
185.Bohemian_Waxwing/Bohemian_Waxwing_0001_796680.jpg,dinov2_reg4,0.6548672566371682,0.6367521367521367,0.8597415685653687,0.0,0.01865817978978157,0.15021125637755103
185.Bohemian_Waxwing/Bohemian_Waxwing_0079_796687.jpg,dinov2_reg4,0.7780821917808219,0.7910863509749304,0.8467662334442139,0.0,0.0162187647074461,0.28714923469387754
185.Bohemian_Waxwing/Bohemian_Waxwing_0099_177747.jpg,dinov2_reg4,0.8060344827586207,0.8333333333333334,0.8183693885803223,0.01171875,0.03698139265179634,0.18622448979591838
185.Bohemian_Waxwing/Bohemian_Waxwing_0101_796653.jpg,dinov2_reg4,0.6690140845070423,0.4051172707889126,0.8460865616798401,0.0166015625,0.02054557017982006,0.18684231505102042
186.Cedar_Waxwing/Cedar_Waxwing_0042_179391.jpg,dinov2_reg4,0.6938775510204082,0.7120418848167539,0.8193427324295044,0.0869140625,0.029170773923397064,0.13765545280612246
186.Cedar_Waxwing/Cedar_Waxwing_0074_178888.jpg,dinov2_reg4,0.6369426751592356,0.005671077504725898,0.7303097248077393,0.0810546875,0.05165296047925949,0.12968351403061223
186.Cedar_Waxwing/Cedar_Waxwing_0051_178385.jpg,dinov2_reg4,0.6884816753926701,0.6976127320954907,0.8668894171714783,0.0,0.007392725441604853,0.26548549107142855
186.Cedar_Waxwing/Cedar_Waxwing_0113_178627.jpg,dinov2_reg4,0.52734375,0.2188006482982172,0.8262805938720703,0.001953125,0.022538626566529274,0.13333067602040816
187.American_Three_toed_Woodpecker/American_Three_Toed_Woodpecker_0028_796175.jpg,dinov2_reg4,0.657439446366782,0.662020905923345,0.8183962106704712,0.0009765625,0.04643353819847107,0.20390226403061223
188.Pileated_Woodpecker/Pileated_Woodpecker_0075_180480.jpg,dinov2_reg4,0.36585365853658536,0.06440677966101695,0.7643697261810303,0.0048828125,0.06949865072965622,0.0587531887755102
188.Pileated_Woodpecker/Pileated_Woodpecker_0093_180205.jpg,dinov2_reg4,0.5121951219512195,0.2504258943781942,0.8121047019958496,0.103515625,0.02653253823518753,0.14142219387755103
188.Pileated_Woodpecker/Pileated_Woodpecker_0097_180392.jpg,dinov2_reg4,0.4397163120567376,0.0,0.8897072076797485,0.0,0.012903867289423943,0.12266820790816327
188.Pileated_Woodpecker/Pileated_Woodpecker_0106_180446.jpg,dinov2_reg4,0.18298969072164947,0.082010582010582,0.8016881942749023,0.0078125,0.044914569705724716,0.07021285076530612
188.Pileated_Woodpecker/Pileated_Woodpecker_0027_179956.jpg,dinov2_reg4,0.7863247863247863,0.8288288288288288,0.8407618999481201,0.0,0.02497534081339836,0.25719467474489793
189.Red_bellied_Woodpecker/Red_Bellied_Woodpecker_0015_182320.jpg,dinov2_reg4,0.7345679012345679,0.7682119205298014,0.7575633525848389,0.0859375,0.039001721888780594,0.11517458545918367
189.Red_bellied_Woodpecker/Red_Bellied_Woodpecker_0032_181587.jpg,dinov2_reg4,0.390625,0.08912655971479501,0.8381694555282593,0.0,0.0276721753180027,0.04723373724489796
189.Red_bellied_Woodpecker/Red_Bellied_Woodpecker_0044_181122.jpg,dinov2_reg4,0.5525423728813559,0.2815198618307427,0.8503905534744263,0.0,0.023421766236424446,0.16328523596938777
189.Red_bellied_Woodpecker/Red_Bellied_Woodpecker_0070_181182.jpg,dinov2_reg4,0.7078651685393258,0.016981132075471698,0.8036126494407654,0.0771484375,0.025644369423389435,0.12205038265306123
189.Red_bellied_Woodpecker/Red_Bellied_Woodpecker_0023_181958.jpg,dinov2_reg4,0.3096646942800789,0.31274900398406374,0.8330402374267578,0.0,0.027341658249497414,0.15361926020408162
189.Red_bellied_Woodpecker/Red_Bellied_Woodpecker_0068_180949.jpg,dinov2_reg4,0.6135458167330677,0.22743055555555555,0.8449174761772156,0.0,0.037023790180683136,0.15491470025510204
190.Red_cockaded_Woodpecker/Red_Cockaded_Woodpecker_0042_182373.jpg,dinov2_reg4,0.0,0.012048192771084338,0.8383558988571167,0.0,0.04631027206778526,0.05470742984693878
190.Red_cockaded_Woodpecker/Red_Cockaded_Woodpecker_0048_182599.jpg,dinov2_reg4,0.4764705882352941,0.08199121522693997,0.8733737468719482,0.0,0.039149314165115356,0.08043686224489796
190.Red_cockaded_Woodpecker/Red_Cockaded_Woodpecker_0061_794728.jpg,dinov2_reg4,0.03592814371257485,0.08267716535433071,0.8594791889190674,0.0478515625,0.05207878351211548,0.06670519770408163
190.Red_cockaded_Woodpecker/Red_Cockaded_Woodpecker_0051_182347.jpg,dinov2_reg4,0.5120481927710844,0.003436426116838488,0.8572683334350586,0.0078125,0.060727089643478394,0.16085379464285715
190.Red_cockaded_Woodpecker/Red_Cockaded_Woodpecker_0030_794711.jpg,dinov2_reg4,0.4418604651162791,0.4186046511627907,0.8598414659500122,0.009765625,0.038997989147901535,0.2875279017857143
190.Red_cockaded_Woodpecker/Red_Cockaded_Woodpecker_0016_182493.jpg,dinov2_reg4,0.6884057971014492,0.0,0.8263273239135742,0.0,0.06945133954286575,0.09502551020408163
190.Red_cockaded_Woodpecker/Red_Cockaded_Woodpecker_0014_794718.jpg,dinov2_reg4,0.7974217311233885,0.7935606060606061,0.8324810266494751,0.0,0.053667955100536346,0.49021444515306123
191.Red_headed_Woodpecker/Red_Headed_Woodpecker_0087_183271.jpg,dinov2_reg4,0.6771428571428572,0.01867572156196944,0.8465601205825806,0.0,0.050285905599594116,0.2340361926020408
191.Red_headed_Woodpecker/Red_Headed_Woodpecker_0058_183086.jpg,dinov2_reg4,0.12796208530805686,0.04072398190045249,0.7882856726646423,0.0341796875,0.04258421063423157,0.02564971301020408
191.Red_headed_Woodpecker/Red_Headed_Woodpecker_0042_182834.jpg,dinov2_reg4,0.48695652173913045,0.0,0.8262285590171814,0.0,0.04397757723927498,0.05562420280612245
191.Red_headed_Woodpecker/Red_Headed_Woodpecker_0093_182925.jpg,dinov2_reg4,0.2323049001814882,0.03745928338762215,0.849683403968811,0.0048828125,0.03354600444436073,0.12300701530612244
191.Red_headed_Woodpecker/Red_Headed_Woodpecker_0099_183524.jpg,dinov2_reg4,0.6751824817518248,0.6917293233082706,0.8167669773101807,0.0107421875,0.017876939848065376,0.1823780293367347
191.Red_headed_Woodpecker/Red_Headed_Woodpecker_0027_183029.jpg,dinov2_reg4,0.6666666666666666,0.4166666666666667,0.8726356029510498,0.0,0.022525276988744736,0.29530054209183676
192.Downy_Woodpecker/Downy_Woodpecker_0036_184048.jpg,dinov2_reg4,0.644808743169399,0.0,0.8587658405303955,0.0,0.028591236099600792,0.11734693877551021
193.Bewick_Wren/Bewick_Wren_0092_184901.jpg,dinov2_reg4,0.7821011673151751,0.8,0.8256219029426575,0.02734375,0.02848130278289318,0.20593510841836735
193.Bewick_Wren/Bewick_Wren_0016_184999.jpg,dinov2_reg4,0.40625,0.17567567567567569,0.7817339897155762,0.0,0.05075577646493912,0.052056760204081634
193.Bewick_Wren/Bewick_Wren_0027_185212.jpg,dinov2_reg4,0.6681818181818182,0.44410876132930516,0.818617582321167,0.0693359375,0.027277899906039238,0.1449298469387755
194.Cactus_Wren/Cactus_Wren_0088_185873.jpg,dinov2_reg4,0.484375,0.12109375,0.8314277529716492,0.0322265625,0.028454087674617767,0.06877790178571429
194.Cactus_Wren/Cactus_Wren_0102_185902.jpg,dinov2_reg4,0.7703703703703704,0.7908745247148289,0.8347795605659485,0.01171875,0.02793574333190918,0.22951211734693877
194.Cactus_Wren/Cactus_Wren_0116_185927.jpg,dinov2_reg4,0.43005181347150256,0.3933649289099526,0.8735272884368896,0.0,0.010593662969768047,0.15929926658163265
194.Cactus_Wren/Cactus_Wren_0120_185956.jpg,dinov2_reg4,0.5989583333333334,0.0,0.8063018321990967,0.015625,0.04304632544517517,0.11672911352040816
194.Cactus_Wren/Cactus_Wren_0046_186017.jpg,dinov2_reg4,0.08450704225352113,0.0729483282674772,0.8108017444610596,0.0068359375,0.04140672832727432,0.025550063775510203
194.Cactus_Wren/Cactus_Wren_0085_185515.jpg,dinov2_reg4,0.7738927738927739,0.766743648960739,0.8464764952659607,0.0,0.015329018235206604,0.3276267538265306
195.Carolina_Wren/Carolina_Wren_0130_186369.jpg,dinov2_reg4,0.4909090909090909,0.1323529411764706,0.8516573905944824,0.044921875,0.01771760918200016,0.05239556760204082
195.Carolina_Wren/Carolina_Wren_0031_186713.jpg,dinov2_reg4,0.6390977443609023,0.37831858407079644,0.8488600254058838,0.0009765625,0.013977964408695698,0.17592075892857142
195.Carolina_Wren/Carolina_Wren_0066_186818.jpg,dinov2_reg4,0.6216216216216216,0.31399317406143346,0.8089625835418701,0.080078125,0.024431532248854637,0.0905014349489796
195.Carolina_Wren/Carolina_Wren_0006_186742.jpg,dinov2_reg4,0.4853801169590643,0.15572232645403378,0.8315775394439697,0.10546875,0.018382782116532326,0.08340640943877552
196.House_Wren/House_Wren_0004_187448.jpg,dinov2_reg4,0.4701492537313433,0.02508361204013378,0.781132698059082,0.029296875,0.0599057711660862,0.07441804846938775
196.House_Wren/House_Wren_0103_187466.jpg,dinov2_reg4,0.5732758620689655,0.4358974358974359,0.8569900989532471,0.015625,0.013980546966195107,0.13689811862244897
196.House_Wren/House_Wren_0064_187489.jpg,dinov2_reg4,0.3431372549019608,0.06493506493506493,0.8421740531921387,0.0185546875,0.016578827053308487,0.038584183673469385
196.House_Wren/House_Wren_0025_187160.jpg,dinov2_reg4,0.5933609958506224,0.35396039603960394,0.8461294174194336,0.0048828125,0.02558484673500061,0.1390704719387755
196.House_Wren/House_Wren_0086_187815.jpg,dinov2_reg4,0.7306273062730627,0.4510250569476082,0.7884191274642944,0.0,0.0348629355430603,0.1962292729591837
197.Marsh_Wren/Marsh_Wren_0106_188100.jpg,dinov2_reg4,0.5631067961165048,0.13842482100238662,0.8192899227142334,0.0546875,0.06788291037082672,0.05542490433673469
197.Marsh_Wren/Marsh_Wren_0076_188108.jpg,dinov2_reg4,0.484472049689441,0.425414364640884,0.8077600598335266,0.0146484375,0.018591944128274918,0.08474170918367346
197.Marsh_Wren/Marsh_Wren_0071_188111.jpg,dinov2_reg4,0.7288888888888889,0.7387387387387387,0.8189569115638733,0.013671875,0.03130383417010307,0.16352439413265307
197.Marsh_Wren/Marsh_Wren_0055_188123.jpg,dinov2_reg4,0.5743243243243243,0.160075329566855,0.8411267995834351,0.0009765625,0.018553802743554115,0.0848812181122449
197.Marsh_Wren/Marsh_Wren_0117_188676.jpg,dinov2_reg4,0.5205479452054794,0.5514705882352942,0.8573223948478699,0.0029296875,0.03074702061712742,0.07734773596938775
197.Marsh_Wren/Marsh_Wren_0082_188699.jpg,dinov2_reg4,0.4430379746835443,0.0,0.8504377007484436,0.0,0.02671746164560318,0.07081074617346939
197.Marsh_Wren/Marsh_Wren_0022_188280.jpg,dinov2_reg4,0.0,0.7058823529411765,0.8119076490402222,0.001953125,0.035900186747312546,0.1698421556122449
197.Marsh_Wren/Marsh_Wren_0048_188370.jpg,dinov2_reg4,0.363013698630137,0.0905982905982906,0.8056210279464722,0.0009765625,0.05362820252776146,0.053033322704081634
198.Rock_Wren/Rock_Wren_0065_188995.jpg,dinov2_reg4,0.43842364532019706,0.0,0.8563367128372192,0.001953125,0.017560357227921486,0.08615672831632654
198.Rock_Wren/Rock_Wren_0025_188897.jpg,dinov2_reg4,0.0,0.0,0.8811236023902893,0.0,0.02221369929611683,0.03459821428571429
198.Rock_Wren/Rock_Wren_0037_189256.jpg,dinov2_reg4,0.662962962962963,0.39082969432314413,0.8507826328277588,0.0009765625,0.019691307097673416,0.17580117984693877
198.Rock_Wren/Rock_Wren_0023_189075.jpg,dinov2_reg4,0.4796747967479675,0.0,0.859827995300293,0.015625,0.02053397335112095,0.0584343112244898
198.Rock_Wren/Rock_Wren_0020_188895.jpg,dinov2_reg4,0.11948051948051948,0.0,0.8643379211425781,0.0,0.016851462423801422,0.048150510204081634
199.Winter_Wren/Winter_Wren_0122_189475.jpg,dinov2_reg4,0.5403225806451613,0.0,0.7971685528755188,0.0107421875,0.06327985972166061,0.07188695790816327
199.Winter_Wren/Winter_Wren_0050_189514.jpg,dinov2_reg4,0.7566371681415929,0.7808219178082192,0.8119187951087952,0.0390625,0.03337786719202995,0.1659558354591837
199.Winter_Wren/Winter_Wren_0082_189549.jpg,dinov2_reg4,0.8085106382978723,0.8296943231441049,0.8002978563308716,0.1181640625,0.043987855315208435,0.19013073979591838
199.Winter_Wren/Winter_Wren_0127_190091.jpg,dinov2_reg4,0.576271186440678,0.4309623430962343,0.8364571332931519,0.0126953125,0.010899382643401623,0.10756138392857142
200.Common_Yellowthroat/Common_Yellowthroat_0099_190531.jpg,dinov2_reg4,0.21505376344086022,0.12578616352201258,0.8359520435333252,0.0361328125,0.02143312618136406,0.04125478316326531
200.Common_Yellowthroat/Common_Yellowthroat_0045_190563.jpg,dinov2_reg4,0.6872586872586872,0.2718600953895072,0.855074405670166,0.017578125,0.01708417944610119,0.19445551658163265
200.Common_Yellowthroat/Common_Yellowthroat_0111_190569.jpg,dinov2_reg4,0.6058631921824105,0.543859649122807,0.8397797346115112,0.0,0.018609516322612762,0.18534757653061223
200.Common_Yellowthroat/Common_Yellowthroat_0112_190571.jpg,dinov2_reg4,0.39015151515151514,0.0,0.8510140180587769,0.0107421875,0.007798499893397093,0.10325653698979592
200.Common_Yellowthroat/Common_Yellowthroat_0029_190403.jpg,dinov2_reg4,0.5935828877005348,0.37755102040816324,0.8574739694595337,0.0048828125,0.010169001296162605,0.10696348852040816
200.Common_Yellowthroat/Common_Yellowthroat_0070_190678.jpg,dinov2_reg4,0.44324324324324327,0.1771058315334773,0.8688420057296753,0.0,0.013715218752622604,0.07892219387755102
200.Common_Yellowthroat/Common_Yellowthroat_0063_190440.jpg,dinov2_reg4,0.7466666666666667,0.7534246575342466,0.8052395582199097,0.068359375,0.04636518284678459,0.11071029974489796
200.Common_Yellowthroat/Common_Yellowthroat_0008_190703.jpg,dinov2_reg4,0.6283783783783784,0.6642857142857143,0.8407069444656372,0.095703125,0.02924242429435253,0.0924545599489796
200.Common_Yellowthroat/Common_Yellowthroat_0055_190967.jpg,dinov2_reg4,0.6823529411764706,0.20103986135181975,0.7629423141479492,0.0576171875,0.029294578358530998,0.11363998724489796
001.Black_footed_Albatross/Black_Footed_Albatross_0002_55.jpg,dinov3,0.5502958579881657,0.5224719101123596,0.9594615697860718,0.0,0.041138503700494766,0.18654336734693877
001.Black_footed_Albatross/Black_Footed_Albatross_0086_796062.jpg,dinov3,0.578125,0.18430034129692832,0.9645472168922424,0.0,0.009011308662593365,0.10534917091836735
001.Black_footed_Albatross/Black_Footed_Albatross_0008_796083.jpg,dinov3,0.6335403726708074,0.17435897435897435,0.968675434589386,0.0,0.002583378227427602,0.10024713010204081
001.Black_footed_Albatross/Black_Footed_Albatross_0024_796089.jpg,dinov3,0.746031746031746,0.007112375533428165,0.9645243287086487,0.0,0.006464878097176552,0.13721699617346939
001.Black_footed_Albatross/Black_Footed_Albatross_0005_796090.jpg,dinov3,0.8586387434554974,0.4004914004914005,0.9498181343078613,0.0,0.021120190620422363,0.1564094387755102
001.Black_footed_Albatross/Black_Footed_Albatross_0058_796074.jpg,dinov3,0.7889908256880734,0.001639344262295082,0.9603788256645203,0.0,0.04938432574272156,0.08836894132653061
002.Laysan_Albatross/Laysan_Albatross_0002_1027.jpg,dinov3,0.21311475409836064,0.011456628477905073,0.9651889801025391,0.0,0.04206907004117966,0.040915975765306124
002.Laysan_Albatross/Laysan_Albatross_0053_543.jpg,dinov3,0.2571428571428571,0.05628517823639775,0.9740650653839111,0.0,0.0029702656902372837,0.03985969387755102
002.Laysan_Albatross/Laysan_Albatross_0102_611.jpg,dinov3,0.8562091503267973,0.0,0.9606701731681824,0.0,0.004299789201468229,0.12484056122448979
002.Laysan_Albatross/Laysan_Albatross_0098_621.jpg,dinov3,0.7795918367346939,0.9182692307692307,0.9411665201187134,0.0,0.036831844598054886,0.18656329719387754
002.Laysan_Albatross/Laysan_Albatross_0104_630.jpg,dinov3,0.18867924528301888,0.0,0.971284031867981,0.0,0.03626326099038124,0.020647321428571428
002.Laysan_Albatross/Laysan_Albatross_0064_674.jpg,dinov3,0.8348623853211009,0.7837837837837838,0.9493333101272583,0.0,0.015733379870653152,0.1747448979591837
003.Sooty_Albatross/Sooty_Albatross_0033_1128.jpg,dinov3,0.9032258064516129,0.3465346534653465,0.9620486497879028,0.0,0.00921783596277237,0.13488520408163265
003.Sooty_Albatross/Sooty_Albatross_0048_1130.jpg,dinov3,0.4722222222222222,0.0,0.9682477116584778,0.0,0.0036230338737368584,0.08013791454081633
003.Sooty_Albatross/Sooty_Albatross_0050_796351.jpg,dinov3,0.8647058823529412,0.004149377593360996,0.9397263526916504,0.0,0.023162351921200752,0.1522640306122449
004.Groove_billed_Ani/Groove_Billed_Ani_0109_1592.jpg,dinov3,0.875,0.9015544041450777,0.9350864887237549,0.0,0.08028843998908997,0.18022560586734693
004.Groove_billed_Ani/Groove_Billed_Ani_0029_1620.jpg,dinov3,0.6612903225806451,0.010256410256410256,0.9171872735023499,0.0,0.06949032098054886,0.08229033801020408
004.Groove_billed_Ani/Groove_Billed_Ani_0087_1765.jpg,dinov3,0.6343283582089553,0.6640625,0.945732593536377,0.0,0.056342676281929016,0.08641581632653061
005.Crested_Auklet/Crested_Auklet_0021_794938.jpg,dinov3,0.8457142857142858,0.7947214076246334,0.951240062713623,0.0,0.05064952000975609,0.3253148915816326
005.Crested_Auklet/Crested_Auklet_0074_794949.jpg,dinov3,0.44212962962962965,0.26564673157162727,0.9569091796875,0.0,0.03938673809170723,0.18805803571428573
005.Crested_Auklet/Crested_Auklet_0036_794905.jpg,dinov3,0.8635235732009926,0.8867403314917127,0.9465882778167725,0.0,0.03398905321955681,0.34225526147959184
006.Least_Auklet/Least_Auklet_0039_795081.jpg,dinov3,0.752442996742671,0.8188405797101449,0.9488319158554077,0.0,0.014911738224327564,0.2352917729591837
006.Least_Auklet/Least_Auklet_0055_795106.jpg,dinov3,0.8137931034482758,0.027925531914893616,0.9563261270523071,0.0,0.03190094232559204,0.23768335459183673
006.Least_Auklet/Least_Auklet_0041_795107.jpg,dinov3,0.8623853211009175,0.30354131534569984,0.9538756608963013,0.0,0.03614511713385582,0.18291613520408162
006.Least_Auklet/Least_Auklet_0023_1898.jpg,dinov3,0.7574468085106383,0.3463917525773196,0.9591321349143982,0.0,0.015974629670381546,0.1783721301020408
006.Least_Auklet/Least_Auklet_0005_795119.jpg,dinov3,0.5867158671586716,0.35294117647058826,0.9545443058013916,0.0,0.03792620450258255,0.1566485969387755
007.Parakeet_Auklet/Parakeet_Auklet_0017_795924.jpg,dinov3,0.9404761904761905,0.979253112033195,0.9540756940841675,0.0,0.023679368197917938,0.23427535076530612
007.Parakeet_Auklet/Parakeet_Auklet_0072_795929.jpg,dinov3,0.0035587188612099642,0.021937842778793418,0.9554333686828613,0.0,0.025753457099199295,0.09903140943877552
007.Parakeet_Auklet/Parakeet_Auklet_0064_795954.jpg,dinov3,0.9219512195121952,0.9536082474226805,0.9469268321990967,0.0,0.023599840700626373,0.18730070153061223
007.Parakeet_Auklet/Parakeet_Auklet_0026_795962.jpg,dinov3,0.9076923076923077,0.9669421487603306,0.9517865180969238,0.0,0.040430448949337006,0.23188376913265307
007.Parakeet_Auklet/Parakeet_Auklet_0067_795964.jpg,dinov3,0.20465116279069767,0.09711286089238845,0.9597340822219849,0.0,0.030005818232893944,0.09064094387755102
007.Parakeet_Auklet/Parakeet_Auklet_0016_795977.jpg,dinov3,0.009538950715421303,0.0017211703958691911,0.9573603868484497,0.0,0.03240935876965523,0.20707110969387754
008.Rhinoceros_Auklet/Rhinoceros_Auklet_0044_797502.jpg,dinov3,0.8712871287128713,0.9354838709677419,0.9622113108634949,0.0,0.040118612349033356,0.2625757334183674
009.Brewer_Blackbird/Brewer_Blackbird_0054_2631.jpg,dinov3,0.7264957264957265,0.18888888888888888,0.956452488899231,0.0,0.07021261751651764,0.08412388392857142
009.Brewer_Blackbird/Brewer_Blackbird_0028_2682.jpg,dinov3,0.8476190476190476,0.3172690763052209,0.9558736085891724,0.0,0.016896232962608337,0.17494419642857142
009.Brewer_Blackbird/Brewer_Blackbird_0080_2234.jpg,dinov3,0.7349397590361446,0.2557651991614256,0.9529829025268555,0.0517578125,0.01881602592766285,0.11884167729591837
010.Red_winged_Blackbird/Red_Winged_Blackbird_0017_4116.jpg,dinov3,0.7564575645756457,0.723404255319149,0.9622229337692261,0.0,0.008818279020488262,0.2069515306122449
010.Red_winged_Blackbird/Red_Winged_Blackbird_0042_3635.jpg,dinov3,0.4549763033175355,0.16901408450704225,0.9576600790023804,0.0,0.012084348127245903,0.09028220663265306
010.Red_winged_Blackbird/Red_Winged_Blackbird_0053_4072.jpg,dinov3,0.5619047619047619,0.08646616541353383,0.9154697060585022,0.0,0.06425197422504425,0.054587850765306124
010.Red_winged_Blackbird/Red_Winged_Blackbird_0006_6005.jpg,dinov3,0.6444444444444445,0.5887573964497042,0.9551284313201904,0.0,0.015270937234163284,0.19411670918367346
010.Red_winged_Blackbird/Red_Winged_Blackbird_0072_4338.jpg,dinov3,0.9112903225806451,0.17550274223034734,0.9366547465324402,0.0,0.041053496301174164,0.1102718431122449
011.Rusty_Blackbird/Rusty_Blackbird_0020_6679.jpg,dinov3,0.24912280701754386,0.0,0.9438338279724121,0.0,0.0632549598813057,0.07296316964285714
011.Rusty_Blackbird/Rusty_Blackbird_0109_6698.jpg,dinov3,0.75,0.2986425339366516,0.9505504369735718,0.0,0.01725136488676071,0.12717235331632654
011.Rusty_Blackbird/Rusty_Blackbird_0005_6771.jpg,dinov3,0.697841726618705,0.6,0.9388660192489624,0.0,0.03724364563822746,0.19001116071428573
011.Rusty_Blackbird/Rusty_Blackbird_0094_6582.jpg,dinov3,0.7870370370370371,0.9065934065934066,0.9490930438041687,0.0,0.018489819020032883,0.16906489158163265
012.Yellow_headed_Blackbird/Yellow_Headed_Blackbird_0079_8535.jpg,dinov3,0.7142857142857143,0.7650273224043715,0.9366423487663269,0.0,0.06356571614742279,0.14198022959183673
012.Yellow_headed_Blackbird/Yellow_Headed_Blackbird_0080_8601.jpg,dinov3,0.7346938775510204,0.7238805970149254,0.943191647529602,0.0,0.0969557911157608,0.10885682397959184
012.Yellow_headed_Blackbird/Yellow_Headed_Blackbird_0023_7325.jpg,dinov3,0.7340425531914894,0.2839506172839506,0.9423712491989136,0.0,0.036245882511138916,0.13285235969387754
013.Bobolink/Bobolink_0074_9311.jpg,dinov3,0.2782608695652174,0.05855855855855856,0.9515901803970337,0.0009765625,0.02814016118645668,0.03125
013.Bobolink/Bobolink_0097_10861.jpg,dinov3,0.6341463414634146,0.0,0.9687278270721436,0.0,0.06866390258073807,0.02977519132653061
013.Bobolink/Bobolink_0081_9439.jpg,dinov3,0.11336032388663968,0.029045643153526972,0.9480597972869873,0.0009765625,0.032791849225759506,0.033123405612244895
013.Bobolink/Bobolink_0110_9496.jpg,dinov3,0.4421052631578947,0.0,0.960413932800293,0.0,0.011608535423874855,0.04063695790816327
014.Indigo_Bunting/Indigo_Bunting_0037_14128.jpg,dinov3,0.7634408602150538,0.1440162271805274,0.9597556591033936,0.0,0.014274939894676208,0.06935586734693877
014.Indigo_Bunting/Indigo_Bunting_0025_12532.jpg,dinov3,0.603448275862069,0.137524557956778,0.942855179309845,0.0,0.02802625298500061,0.07003348214285714
014.Indigo_Bunting/Indigo_Bunting_0052_11893.jpg,dinov3,0.07739938080495357,0.06954102920723226,0.9286304712295532,0.0,0.0416998565196991,0.05092075892857143
014.Indigo_Bunting/Indigo_Bunting_0029_13761.jpg,dinov3,0.2,0.0,0.9476257562637329,0.0,0.03882741928100586,0.055763711734693876
014.Indigo_Bunting/Indigo_Bunting_0061_13259.jpg,dinov3,0.5134328358208955,0.5029239766081871,0.9248809814453125,0.0,0.0662258118391037,0.16824776785714285
015.Lazuli_Bunting/Lazuli_Bunting_0030_14986.jpg,dinov3,0.7558139534883721,0.10526315789473684,0.9478610754013062,0.0,0.021400943398475647,0.06572863520408163
015.Lazuli_Bunting/Lazuli_Bunting_0037_15021.jpg,dinov3,0.07173913043478261,0.057291666666666664,0.9666774868965149,0.00390625,0.01874912530183792,0.032704878826530615
015.Lazuli_Bunting/Lazuli_Bunting_0093_15030.jpg,dinov3,0.8333333333333334,0.012364760432766615,0.9503593444824219,0.0,0.07671458274126053,0.052236128826530615
015.Lazuli_Bunting/Lazuli_Bunting_0057_14775.jpg,dinov3,0.8923076923076924,0.3326923076923077,0.9400507211685181,0.0,0.0621945820748806,0.1769172512755102
016.Painted_Bunting/Painted_Bunting_0004_16641.jpg,dinov3,0.8918918918918919,0.9166666666666666,0.9401255249977112,0.0,0.02754317782819271,0.16806839923469388
016.Painted_Bunting/Painted_Bunting_0010_16948.jpg,dinov3,0.8956043956043956,0.020060180541624874,0.942232608795166,0.0,0.03465888649225235,0.16035554846938777
016.Painted_Bunting/Painted_Bunting_0054_16711.jpg,dinov3,0.28448275862068967,0.054838709677419356,0.9371782541275024,0.0,0.019444601610302925,0.10060586734693877
016.Painted_Bunting/Painted_Bunting_0058_16719.jpg,dinov3,0.8089887640449438,0.1388235294117647,0.9295972585678101,0.0,0.0947711318731308,0.0702327806122449
016.Painted_Bunting/Painted_Bunting_0081_15230.jpg,dinov3,0.8458149779735683,0.2727272727272727,0.9582504034042358,0.0,0.03447890281677246,0.19385762117346939
016.Painted_Bunting/Painted_Bunting_0080_16534.jpg,dinov3,0.726027397260274,0.07931570762052877,0.9573047161102295,0.0166015625,0.020209234207868576,0.0548469387755102
017.Cardinal/Cardinal_0038_19203.jpg,dinov3,0.6944444444444444,0.09572301425661914,0.9375348091125488,0.0,0.024673907086253166,0.13026147959183673
017.Cardinal/Cardinal_0105_19045.jpg,dinov3,0.8524590163934426,0.5659340659340659,0.9453197717666626,0.0,0.03853693976998329,0.10473134566326531
018.Spotted_Catbird/Spotted_Catbird_0033_796805.jpg,dinov3,0.9319371727748691,0.824468085106383,0.9463284015655518,0.0,0.033201951533555984,0.1799266581632653
018.Spotted_Catbird/Spotted_Catbird_0015_796808.jpg,dinov3,0.845,0.5058479532163743,0.9345064163208008,0.0,0.027718914672732353,0.1728515625
018.Spotted_Catbird/Spotted_Catbird_0048_796817.jpg,dinov3,0.8584474885844748,0.8738317757009346,0.9550483226776123,0.0,0.011036140844225883,0.18696189413265307
018.Spotted_Catbird/Spotted_Catbird_0032_796828.jpg,dinov3,0.7783251231527094,0.30017152658662094,0.9303668737411499,0.0,0.03384979069232941,0.1702606823979592
018.Spotted_Catbird/Spotted_Catbird_0046_19399.jpg,dinov3,0.782051282051282,0.05048076923076923,0.9454448223114014,0.0,0.025208134204149246,0.06230070153061224
019.Gray_Catbird/Gray_Catbird_0028_20598.jpg,dinov3,0.837037037037037,0.921161825726141,0.94706130027771,0.0,0.0360175184905529,0.2295519770408163
019.Gray_Catbird/Gray_Catbird_0022_19585.jpg,dinov3,0.5675675675675675,0.21920668058455114,0.958574116230011,0.0,0.01868925429880619,0.10530931122448979
019.Gray_Catbird/Gray_Catbird_0075_21125.jpg,dinov3,0.8565217391304348,0.9014084507042254,0.9606558680534363,0.0,0.01070084422826767,0.19903938137755103
019.Gray_Catbird/Gray_Catbird_0104_20716.jpg,dinov3,0.8208333333333333,0.8173913043478261,0.9386705160140991,0.0,0.03432922810316086,0.21440529336734693
019.Gray_Catbird/Gray_Catbird_0002_21395.jpg,dinov3,0.7116279069767442,0.2638230647709321,0.9313322901725769,0.0,0.026989823207259178,0.1691844706632653
019.Gray_Catbird/Gray_Catbird_0138_20945.jpg,dinov3,0.8816793893129771,0.8853754940711462,0.9472870230674744,0.0,0.01647067815065384,0.23622847576530612
020.Yellow_breasted_Chat/Yellow_Breasted_Chat_0010_21777.jpg,dinov3,0.47619047619047616,0.0,0.9541630744934082,0.0,0.08208780735731125,0.0677016900510204
020.Yellow_breasted_Chat/Yellow_Breasted_Chat_0109_21796.jpg,dinov3,0.4460431654676259,0.002066115702479339,0.9399706125259399,0.0,0.028237294405698776,0.062001753826530615
020.Yellow_breasted_Chat/Yellow_Breasted_Chat_0066_21839.jpg,dinov3,0.8881118881118881,0.5261044176706827,0.924182653427124,0.0,0.03640628233551979,0.1311981823979592
020.Yellow_breasted_Chat/Yellow_Breasted_Chat_0091_22111.jpg,dinov3,0.8683385579937304,0.8896103896103896,0.9575352668762207,0.0,0.007156872656196356,0.29201211734693877
020.Yellow_breasted_Chat/Yellow_Breasted_Chat_0035_21870.jpg,dinov3,0.796875,0.0839041095890411,0.9376511573791504,0.0,0.06651388853788376,0.052076690051020405
020.Yellow_breasted_Chat/Yellow_Breasted_Chat_0085_21899.jpg,dinov3,0.8983957219251337,0.9213483146067416,0.9430656433105469,0.0,0.031838495284318924,0.1710578762755102
021.Eastern_Towhee/Eastern_Towhee_0110_22549.jpg,dinov3,0.7166666666666667,0.07125890736342043,0.9438614845275879,0.0,0.06847193837165833,0.04153380102040816
021.Eastern_Towhee/Eastern_Towhee_0095_22594.jpg,dinov3,0.0,0.0,0.9227023124694824,0.0009765625,0.045422278344631195,0.04858896683673469
021.Eastern_Towhee/Eastern_Towhee_0086_22611.jpg,dinov3,0.6335403726708074,0.07606679035250463,0.9326813220977783,0.0,0.027330348268151283,0.09628109056122448
021.Eastern_Towhee/Eastern_Towhee_0053_22623.jpg,dinov3,0.5,0.17558528428093645,0.9516140222549438,0.0,0.02679811231791973,0.12097417091836735
021.Eastern_Towhee/Eastern_Towhee_0085_22674.jpg,dinov3,0.8947368421052632,0.8663101604278075,0.9506222009658813,0.0,0.05463261157274246,0.17273198341836735
021.Eastern_Towhee/Eastern_Towhee_0105_22675.jpg,dinov3,0.55,0.0019569471624266144,0.9548105001449585,0.0,0.06409107148647308,0.03200733418367347
021.Eastern_Towhee/Eastern_Towhee_0108_22182.jpg,dinov3,0.8709677419354839,0.64,0.9193830490112305,0.0,0.029764633625745773,0.10995296556122448
021.Eastern_Towhee/Eastern_Towhee_0125_22220.jpg,dinov3,0.7909090909090909,0.3784860557768924,0.9390478134155273,0.0,0.036121346056461334,0.10082509566326531
021.Eastern_Towhee/Eastern_Towhee_0112_22231.jpg,dinov3,0.8823529411764706,0.9166666666666666,0.9475170373916626,0.0,0.014179129153490067,0.13486527423469388
021.Eastern_Towhee/Eastern_Towhee_0031_22233.jpg,dinov3,0.18686868686868688,0.0,0.9503342509269714,0.0,0.017139721661806107,0.07330197704081633
021.Eastern_Towhee/Eastern_Towhee_0015_22275.jpg,dinov3,0.9241379310344827,0.9464285714285714,0.9469863176345825,0.0,0.026783166453242302,0.2618383290816326
021.Eastern_Towhee/Eastern_Towhee_0022_22279.jpg,dinov3,0.8272727272727273,0.8256880733944955,0.9070229530334473,0.0,0.0433061309158802,0.10419323979591837
021.Eastern_Towhee/Eastern_Towhee_0121_22319.jpg,dinov3,0.8406593406593407,0.0056179775280898875,0.9478789567947388,0.0,0.019715959206223488,0.15300143494897958
022.Chuck_will_Widow/Chuck_Will_Widow_0045_22798.jpg,dinov3,0.8461538461538461,0.0,0.9401954412460327,0.0,0.04333043843507767,0.2031847895408163
022.Chuck_will_Widow/Chuck_Will_Widow_0019_22806.jpg,dinov3,0.3402061855670103,0.09141274238227147,0.9546928405761719,0.0,0.04549694433808327,0.06556919642857142
022.Chuck_will_Widow/Chuck_Will_Widow_0022_796967.jpg,dinov3,0.9363817097415507,0.9494949494949495,0.9358282089233398,0.0,0.058021001517772675,0.46139588647959184
022.Chuck_will_Widow/Chuck_Will_Widow_0027_796978.jpg,dinov3,0.9431034482758621,0.9483648881239243,0.9619331359863281,0.0,0.07660090178251266,0.5587332589285714
022.Chuck_will_Widow/Chuck_Will_Widow_0031_796981.jpg,dinov3,0.8881578947368421,0.036523929471032744,0.9437660574913025,0.0,0.10065177083015442,0.12623565051020408
023.Brandt_Cormorant/Brandt_Cormorant_0092_23061.jpg,dinov3,0.4972972972972973,0.4437400950871632,0.9493569135665894,0.0,0.05214517191052437,0.2745336415816326
023.Brandt_Cormorant/Brandt_Cormorant_0052_23356.jpg,dinov3,0.8878787878787879,0.9389067524115756,0.9537258744239807,0.0,0.0227506160736084,0.28944116709183676
023.Brandt_Cormorant/Brandt_Cormorant_0042_23151.jpg,dinov3,0.17582417582417584,0.08149405772495756,0.9630234241485596,0.0,0.03010198473930359,0.04902742346938776
023.Brandt_Cormorant/Brandt_Cormorant_0026_22913.jpg,dinov3,0.7222222222222222,0.5214899713467048,0.9537451863288879,0.0,0.01804284378886223,0.18176020408163265
023.Brandt_Cormorant/Brandt_Cormorant_0053_22957.jpg,dinov3,0.896457765667575,0.9312320916905444,0.9675232172012329,0.0,0.0064617027528584,0.3204320790816326
024.Red_faced_Cormorant/Red_Faced_Cormorant_0021_796265.jpg,dinov3,0.18421052631578946,0.018518518518518517,0.9578086137771606,0.0,0.04912906140089035,0.09111926020408163
024.Red_faced_Cormorant/Red_Faced_Cormorant_0054_796301.jpg,dinov3,0.867595818815331,0.9047619047619048,0.953779935836792,0.0,0.07076619565486908,0.24135044642857142
024.Red_faced_Cormorant/Red_Faced_Cormorant_0058_796315.jpg,dinov3,0.08818011257035648,0.011787819253438114,0.9656931161880493,0.0009765625,0.016882825642824173,0.08131377551020408
024.Red_faced_Cormorant/Red_Faced_Cormorant_0010_23421.jpg,dinov3,0.37209302325581395,0.34594594594594597,0.9539307355880737,0.0,0.020985964685678482,0.1822185905612245
024.Red_faced_Cormorant/Red_Faced_Cormorant_0023_796328.jpg,dinov3,0.76,0.32723577235772355,0.9645229578018188,0.0,0.005221778992563486,0.16703204719387754
025.Pelagic_Cormorant/Pelagic_Cormorant_0042_23522.jpg,dinov3,0.8311688311688312,0.0,0.9577166438102722,0.0,0.04629054665565491,0.12501992984693877
025.Pelagic_Cormorant/Pelagic_Cormorant_0010_23711.jpg,dinov3,0.6624203821656051,0.15660377358490565,0.9585893750190735,0.0,0.013527077622711658,0.10118383290816327
025.Pelagic_Cormorant/Pelagic_Cormorant_0096_23775.jpg,dinov3,0.38095238095238093,0.0,0.9560383558273315,0.0,0.017671482637524605,0.06253985969387756
026.Bronzed_Cowbird/Bronzed_Cowbird_0043_796224.jpg,dinov3,0.9379310344827586,0.9078014184397163,0.9529491662979126,0.0,0.05081775784492493,0.13024154974489796
026.Bronzed_Cowbird/Bronzed_Cowbird_0073_796226.jpg,dinov3,0.022857142857142857,0.07924528301886792,0.957250714302063,0.0,0.02508767880499363,0.09095982142857142
026.Bronzed_Cowbird/Bronzed_Cowbird_0021_24189.jpg,dinov3,0.09917355371900827,0.03587443946188341,0.9330308437347412,0.0166015625,0.041329916566610336,0.026506696428571428
026.Bronzed_Cowbird/Bronzed_Cowbird_0031_24139.jpg,dinov3,0.7016129032258065,0.17479674796747968,0.9246699213981628,0.0,0.056490421295166016,0.08609693877551021
027.Shiny_Cowbird/Shiny_Cowbird_0057_24345.jpg,dinov3,0.6578947368421053,0.06153846153846154,0.9438419938087463,0.0,0.03550160303711891,0.04862882653061224
027.Shiny_Cowbird/Shiny_Cowbird_0039_24359.jpg,dinov3,0.36363636363636365,0.06708595387840671,0.9638432264328003,0.0,0.04852413758635521,0.033083545918367346
027.Shiny_Cowbird/Shiny_Cowbird_0059_24421.jpg,dinov3,0.7551020408163265,0.13043478260869565,0.9305011034011841,0.0341796875,0.05290512368083,0.07493622448979592
027.Shiny_Cowbird/Shiny_Cowbird_0043_796857.jpg,dinov3,0.7429718875502008,0.48429319371727747,0.9553853869438171,0.0,0.019297191873192787,0.18592554209183673
028.Brown_Creeper/Brown_Creeper_0079_24647.jpg,dinov3,0.2286902286902287,0.004559270516717325,0.9609118700027466,0.0,0.07742934674024582,0.11118861607142858
028.Brown_Creeper/Brown_Creeper_0065_24464.jpg,dinov3,0.9180327868852459,0.9409282700421941,0.9601136445999146,0.0,0.049809131771326065,0.2225765306122449
028.Brown_Creeper/Brown_Creeper_0124_24963.jpg,dinov3,0.23488372093023255,0.007204610951008645,0.9585757255554199,0.0,0.049263499677181244,0.09851323341836735
028.Brown_Creeper/Brown_Creeper_0046_24463.jpg,dinov3,0.01855287569573284,0.00929368029739777,0.9634593725204468,0.0,0.04442928358912468,0.06740274234693877
028.Brown_Creeper/Brown_Creeper_0101_24987.jpg,dinov3,0.0,0.07911392405063292,0.9671907424926758,0.0,0.06187944486737251,0.05389030612244898
028.Brown_Creeper/Brown_Creeper_0006_25034.jpg,dinov3,0.006622516556291391,0.09828393135725429,0.9688725471496582,0.0,0.022022223100066185,0.06210140306122449
029.American_Crow/American_Crow_0121_25720.jpg,dinov3,0.8953488372093024,0.44315992292870904,0.9435936212539673,0.0,0.04417423531413078,0.22682158801020408
029.American_Crow/American_Crow_0001_25053.jpg,dinov3,0.9004329004329005,0.5588235294117647,0.9439705610275269,0.0,0.021371936425566673,0.20665258290816327
030.Fish_Crow/Fish_Crow_0067_26124.jpg,dinov3,0.7802197802197802,0.27151051625239003,0.9728124141693115,0.0,0.00469305831938982,0.13885124362244897
030.Fish_Crow/Fish_Crow_0034_25891.jpg,dinov3,0.9565217391304348,0.9673469387755103,0.9393190145492554,0.0,0.02026069536805153,0.23830117984693877
030.Fish_Crow/Fish_Crow_0085_25919.jpg,dinov3,0.7357142857142858,0.1221826809015421,0.9531794786453247,0.0,0.015329288318753242,0.10004783163265306
030.Fish_Crow/Fish_Crow_0047_26070.jpg,dinov3,0.11418685121107267,0.10046367851622875,0.9533175230026245,0.0,0.022163337096571922,0.06491151147959184
031.Black_billed_Cuckoo/Black_Billed_Cuckoo_0030_26240.jpg,dinov3,0.7967914438502673,0.2240325865580448,0.9279568195343018,0.0,0.023540209978818893,0.1701610331632653
031.Black_billed_Cuckoo/Black_Billed_Cuckoo_0008_795305.jpg,dinov3,0.575,0.06461538461538462,0.9388432502746582,0.0,0.027706418186426163,0.06937579719387756
031.Black_billed_Cuckoo/Black_Billed_Cuckoo_0043_795324.jpg,dinov3,0.8383838383838383,0.9204545454545454,0.9237061142921448,0.0,0.03385387361049652,0.08011798469387756
031.Black_billed_Cuckoo/Black_Billed_Cuckoo_0024_795331.jpg,dinov3,0.7532467532467533,0.028662420382165606,0.9344229698181152,0.0,0.03356396406888962,0.0574577487244898
032.Mangrove_Cuckoo/Mangrove_Cuckoo_0009_26354.jpg,dinov3,0.7265625,0.14790996784565916,0.9248155951499939,0.0,0.06038709729909897,0.0936702806122449
032.Mangrove_Cuckoo/Mangrove_Cuckoo_0018_794593.jpg,dinov3,0.8103448275862069,0.5467289719626168,0.9472769498825073,0.0,0.019422151148319244,0.2284558354591837
032.Mangrove_Cuckoo/Mangrove_Cuckoo_0035_794595.jpg,dinov3,0.6754385964912281,0.2768670309653916,0.918481707572937,0.0,0.059623513370752335,0.15256297831632654
032.Mangrove_Cuckoo/Mangrove_Cuckoo_0003_794619.jpg,dinov3,0.845360824742268,0.6454183266932271,0.9348382949829102,0.0,0.04487057402729988,0.16974250637755103
033.Yellow_billed_Cuckoo/Yellow_Billed_Cuckoo_0023_26637.jpg,dinov3,0.2826086956521739,0.040880503144654086,0.941970944404602,0.0,0.08475849777460098,0.023397640306122448
033.Yellow_billed_Cuckoo/Yellow_Billed_Cuckoo_0012_26712.jpg,dinov3,0.0,0.08427672955974842,0.9410116672515869,0.0,0.05573532357811928,0.06483179209183673
033.Yellow_billed_Cuckoo/Yellow_Billed_Cuckoo_0074_26466.jpg,dinov3,0.6344086021505376,0.10278745644599303,0.9306105375289917,0.0,0.05312534049153328,0.05502630739795918
033.Yellow_billed_Cuckoo/Yellow_Billed_Cuckoo_0053_26738.jpg,dinov3,0.7263157894736842,0.2533632286995516,0.9166852831840515,0.0,0.068178690969944,0.12858737244897958
033.Yellow_billed_Cuckoo/Yellow_Billed_Cuckoo_0043_26492.jpg,dinov3,0.689922480620155,0.20232558139534884,0.9216387271881104,0.0,0.0596439465880394,0.10522959183673469
033.Yellow_billed_Cuckoo/Yellow_Billed_Cuckoo_0018_26535.jpg,dinov3,0.7391304347826086,0.8105726872246696,0.9359206557273865,0.0,0.0360606424510479,0.18678252551020408
033.Yellow_billed_Cuckoo/Yellow_Billed_Cuckoo_0116_26544.jpg,dinov3,0.5347826086956522,0.4524714828897338,0.9356207847595215,0.0,0.03722936287522316,0.1507892219387755
033.Yellow_billed_Cuckoo/Yellow_Billed_Cuckoo_0088_26812.jpg,dinov3,0.9047619047619048,0.9539170506912442,0.9267315864562988,0.0,0.055125925689935684,0.20665258290816327
033.Yellow_billed_Cuckoo/Yellow_Billed_Cuckoo_0006_26578.jpg,dinov3,0.6569767441860465,0.4365079365079365,0.9229445457458496,0.0,0.06129491701722145,0.11505500637755102
033.Yellow_billed_Cuckoo/Yellow_Billed_Cuckoo_0067_26878.jpg,dinov3,0.6846846846846847,0.08896210873146623,0.9264423847198486,0.0,0.04871390759944916,0.07758689413265306
034.Gray_crowned_Rosy_Finch/Gray_Crowned_Rosy_Finch_0036_797287.jpg,dinov3,0.8333333333333334,0.42424242424242425,0.9640679359436035,0.0,0.0668126568198204,0.13235411352040816
034.Gray_crowned_Rosy_Finch/Gray_Crowned_Rosy_Finch_0079_797294.jpg,dinov3,0.7952755905511811,0.1843065693430657,0.9507542848587036,0.0,0.03991496190428734,0.09988839285714286
034.Gray_crowned_Rosy_Finch/Gray_Crowned_Rosy_Finch_0057_27107.jpg,dinov3,0.9337748344370861,0.8551724137931035,0.9569580554962158,0.0,0.009016210213303566,0.2727000956632653
035.Purple_Finch/Purple_Finch_0021_28235.jpg,dinov3,0.9011627906976745,0.9202453987730062,0.9466900825500488,0.0,0.01600061170756817,0.1546954719387755
035.Purple_Finch/Purple_Finch_0030_27255.jpg,dinov3,0.9196428571428571,0.33865814696485624,0.9471950531005859,0.0,0.014350650832057,0.10116390306122448
035.Purple_Finch/Purple_Finch_0119_27260.jpg,dinov3,0.9269406392694064,0.47044917257683216,0.9487943649291992,0.0,0.02914990857243538,0.20095264668367346
035.Purple_Finch/Purple_Finch_0065_27473.jpg,dinov3,0.8666666666666667,0.8642857142857143,0.9489771723747253,0.0,0.01317716483026743,0.1273517219387755
035.Purple_Finch/Purple_Finch_0106_27607.jpg,dinov3,0.8447653429602888,0.9007936507936508,0.9619877338409424,0.0,0.010578218847513199,0.23602917729591838
036.Northern_Flicker/Northern_Flicker_0093_28700.jpg,dinov3,0.8864864864864865,0.9122807017543859,0.9472014904022217,0.0,0.06552758067846298,0.16697225765306123
036.Northern_Flicker/Northern_Flicker_0135_28291.jpg,dinov3,0.736318407960199,0.38481675392670156,0.960579514503479,0.0,0.022842183709144592,0.16115274234693877
036.Northern_Flicker/Northern_Flicker_0131_28962.jpg,dinov3,0.0,0.01348314606741573,0.9590387344360352,0.0,0.06286482512950897,0.034677933673469385
036.Northern_Flicker/Northern_Flicker_0090_28491.jpg,dinov3,0.6529850746268657,0.29411764705882354,0.9513921737670898,0.0,0.023721862584352493,0.17412707270408162
036.Northern_Flicker/Northern_Flicker_0051_28650.jpg,dinov3,0.7003891050583657,0.2391891891891892,0.9654170274734497,0.0,0.012572539038956165,0.1727917729591837
037.Acadian_Flycatcher/Acadian_Flycatcher_0030_795591.jpg,dinov3,0.6958762886597938,0.23116438356164384,0.9316515922546387,0.0,0.05709407851099968,0.14024633290816327
037.Acadian_Flycatcher/Acadian_Flycatcher_0051_29077.jpg,dinov3,0.9025787965616046,0.963302752293578,0.9498623609542847,0.0,0.038585904985666275,0.30807557397959184
037.Acadian_Flycatcher/Acadian_Flycatcher_0059_29102.jpg,dinov3,0.44559585492227977,0.16570327552986513,0.9592698812484741,0.0,0.014697977341711521,0.08669483418367346
037.Acadian_Flycatcher/Acadian_Flycatcher_0049_795580.jpg,dinov3,0.7627118644067796,0.17647058823529413,0.9545502662658691,0.0,0.010981451719999313,0.08803013392857142
037.Acadian_Flycatcher/Acadian_Flycatcher_0041_795605.jpg,dinov3,0.8864864864864865,0.9055555555555556,0.9511162042617798,0.0,0.019695773720741272,0.16109295280612246
037.Acadian_Flycatcher/Acadian_Flycatcher_0050_795608.jpg,dinov3,0.8959731543624161,0.9562043795620438,0.9471269845962524,0.0,0.03514577075839043,0.268375318877551
037.Acadian_Flycatcher/Acadian_Flycatcher_0012_795612.jpg,dinov3,0.8834080717488789,0.4434589800443459,0.9505877494812012,0.0,0.03071628324687481,0.19511320153061223
038.Great_Crested_Flycatcher/Great_Crested_Flycatcher_0028_29696.jpg,dinov3,0.8809523809523809,0.6651376146788991,0.9517874717712402,0.0,0.013339336030185223,0.14317602040816327
038.Great_Crested_Flycatcher/Great_Crested_Flycatcher_0139_29302.jpg,dinov3,0.5142857142857142,0.010351966873706004,0.9151878356933594,0.0,0.07169578969478607,0.03631218112244898
038.Great_Crested_Flycatcher/Great_Crested_Flycatcher_0010_29396.jpg,dinov3,0.005545286506469501,0.009380863039399626,0.9569289684295654,0.005859375,0.025668416172266006,0.08940529336734694
038.Great_Crested_Flycatcher/Great_Crested_Flycatcher_0024_29516.jpg,dinov3,0.7262569832402235,0.27801724137931033,0.927558422088623,0.0,0.036592014133930206,0.12611607142857142
038.Great_Crested_Flycatcher/Great_Crested_Flycatcher_0030_29645.jpg,dinov3,0.74,0.12522686025408347,0.9338446855545044,0.0,0.037591446191072464,0.07493622448979592
039.Least_Flycatcher/Least_Flycatcher_0057_30282.jpg,dinov3,0.5614973262032086,0.3931297709923664,0.9568606615066528,0.0,0.020688295364379883,0.10323660714285714
040.Olive_sided_Flycatcher/Olive_Sided_Flycatcher_0069_30544.jpg,dinov3,0.15363128491620112,0.08870967741935484,0.9683645367622375,0.0,0.016804849728941917,0.05640146683673469
041.Scissor_tailed_Flycatcher/Scissor_Tailed_Flycatcher_0042_41990.jpg,dinov3,0.12406015037593984,0.04881656804733728,0.9671601057052612,0.0,0.013761794194579124,0.03475765306122449
041.Scissor_tailed_Flycatcher/Scissor_Tailed_Flycatcher_0094_42018.jpg,dinov3,0.489010989010989,0.1755424063116371,0.9666867256164551,0.0,0.010605355724692345,0.08478156887755102
041.Scissor_tailed_Flycatcher/Scissor_Tailed_Flycatcher_0013_42024.jpg,dinov3,0.35023041474654376,0.11343283582089553,0.9550434350967407,0.0,0.016275065019726753,0.07633131377551021
041.Scissor_tailed_Flycatcher/Scissor_Tailed_Flycatcher_0076_41597.jpg,dinov3,0.5104166666666666,0.03353057199211045,0.9567738771438599,0.0,0.016890941187739372,0.05195711096938776
041.Scissor_tailed_Flycatcher/Scissor_Tailed_Flycatcher_0122_41679.jpg,dinov3,0.0,0.03099510603588907,0.9250754117965698,0.0,0.032264504581689835,0.020667251275510203
042.Vermilion_Flycatcher/Vermilion_Flycatcher_0070_42250.jpg,dinov3,0.3360655737704918,0.05502846299810247,0.9669042825698853,0.0,0.012051881290972233,0.038763552295918366
042.Vermilion_Flycatcher/Vermilion_Flycatcher_0059_42261.jpg,dinov3,0.9142857142857143,0.9634146341463414,0.9521787762641907,0.0,0.014165046624839306,0.1542370854591837
042.Vermilion_Flycatcher/Vermilion_Flycatcher_0021_42378.jpg,dinov3,0.5656565656565656,0.24833702882483372,0.9723784923553467,0.0,0.008363395929336548,0.11057079081632654
042.Vermilion_Flycatcher/Vermilion_Flycatcher_0039_42423.jpg,dinov3,0.6712328767123288,0.09248554913294797,0.9134707450866699,0.0,0.05643019080162048,0.050701530612244895
042.Vermilion_Flycatcher/Vermilion_Flycatcher_0028_42197.jpg,dinov3,0.7393162393162394,0.3785557986870897,0.9661710262298584,0.0,0.007848109118640423,0.17047991071428573
043.Yellow_bellied_Flycatcher/Yellow_Bellied_Flycatcher_0021_795472.jpg,dinov3,0.5683453237410072,0.15134099616858238,0.9688420295715332,0.0,0.005853614304214716,0.07752710459183673
043.Yellow_bellied_Flycatcher/Yellow_Bellied_Flycatcher_0001_795488.jpg,dinov3,0.696969696969697,0.8260869565217391,0.9389568567276001,0.0,0.020968463271856308,0.11766581632653061
043.Yellow_bellied_Flycatcher/Yellow_Bellied_Flycatcher_0026_795489.jpg,dinov3,0.8078602620087336,0.5346820809248555,0.9601187705993652,0.0,0.01300657819956541,0.1778938137755102
043.Yellow_bellied_Flycatcher/Yellow_Bellied_Flycatcher_0007_795491.jpg,dinov3,0.9174454828660437,0.9029733959311425,0.9595420956611633,0.0,0.01195316668599844,0.6208944515306123
043.Yellow_bellied_Flycatcher/Yellow_Bellied_Flycatcher_0065_42635.jpg,dinov3,0.620253164556962,0.2413793103448276,0.9619016647338867,0.0,0.01370311714708805,0.09630102040816327
043.Yellow_bellied_Flycatcher/Yellow_Bellied_Flycatcher_0027_42649.jpg,dinov3,0.6214285714285714,0.1280120481927711,0.9304459095001221,0.0,0.05386347323656082,0.08801020408163265
044.Frigatebird/Frigatebird_0054_43019.jpg,dinov3,0.8481675392670157,0.9518072289156626,0.9592559337615967,0.0,0.006961866281926632,0.15132732780612246
044.Frigatebird/Frigatebird_0034_43053.jpg,dinov3,0.7631578947368421,0.8693467336683417,0.9652684926986694,0.0,0.007178277242928743,0.17247289540816327
044.Frigatebird/Frigatebird_0091_43066.jpg,dinov3,0.3448275862068966,0.0017064846416382253,0.9798853397369385,0.0,0.00462973490357399,0.037428252551020405
044.Frigatebird/Frigatebird_0062_43193.jpg,dinov3,0.9096989966555183,0.8417508417508418,0.9433341026306152,0.0,0.09014485031366348,0.2815688775510204
044.Frigatebird/Frigatebird_0120_43300.jpg,dinov3,0.13333333333333333,0.0,0.983277440071106,0.0,0.0028839069418609142,0.03334263392857143
045.Northern_Fulmar/Northern_Fulmar_0090_43867.jpg,dinov3,0.04990403071017274,0.0020161290322580645,0.9607909321784973,0.001953125,0.013543608598411083,0.03306361607142857
045.Northern_Fulmar/Northern_Fulmar_0008_43647.jpg,dinov3,0.6666666666666666,0.0035149384885764497,0.9721893668174744,0.0,0.018867870792746544,0.03356186224489796
045.Northern_Fulmar/Northern_Fulmar_0015_43658.jpg,dinov3,0.6153846153846154,0.12981744421906694,0.9764941930770874,0.0,0.0032597780227661133,0.06383529974489796
045.Northern_Fulmar/Northern_Fulmar_0016_43958.jpg,dinov3,0.9680851063829787,0.9676258992805755,0.9503947496414185,0.0,0.056581802666187286,0.2678770727040816
046.Gadwall/Gadwall_0082_31301.jpg,dinov3,0.5340314136125655,0.18579234972677597,0.9635840654373169,0.0,0.02289782091975212,0.10837850765306123
046.Gadwall/Gadwall_0095_30911.jpg,dinov3,0.27514792899408286,0.19456066945606695,0.9658885598182678,0.0,0.04621827229857445,0.0899234693877551
046.Gadwall/Gadwall_0027_30966.jpg,dinov3,0.3511705685618729,0.3977272727272727,0.9617788791656494,0.0,0.019771765917539597,0.10720264668367346
047.American_Goldfinch/American_Goldfinch_0084_32295.jpg,dinov3,0.7888888888888889,0.0,0.9469425678253174,0.0,0.014835340902209282,0.07106983418367346
047.American_Goldfinch/American_Goldfinch_0036_31910.jpg,dinov3,0.6766467065868264,0.00620347394540943,0.9520750045776367,0.0,0.02946869283914566,0.10911591198979592
047.American_Goldfinch/American_Goldfinch_0064_32142.jpg,dinov3,0.88,0.22453703703703703,0.9314346313476562,0.001953125,0.028151627629995346,0.10985331632653061
048.European_Goldfinch/European_Goldfinch_0017_794638.jpg,dinov3,0.9460227272727273,0.9331395348837209,0.9375205039978027,0.0,0.022952459752559662,0.33199139030612246
048.European_Goldfinch/European_Goldfinch_0036_794642.jpg,dinov3,0.8518518518518519,0.31833910034602075,0.9343142509460449,0.0185546875,0.028549721464514732,0.08876753826530612
048.European_Goldfinch/European_Goldfinch_0047_33332.jpg,dinov3,0.009966777408637873,0.08531994981179424,0.9603271484375,0.0,0.016312947496771812,0.07051179846938775
048.European_Goldfinch/European_Goldfinch_0034_33256.jpg,dinov3,0.9022988505747126,0.9176470588235294,0.9412494897842407,0.0,0.03434773162007332,0.16356425382653061
048.European_Goldfinch/European_Goldfinch_0005_33263.jpg,dinov3,0.8770491803278688,0.051515151515151514,0.9352130889892578,0.0068359375,0.032926879823207855,0.10736208545918367
048.European_Goldfinch/European_Goldfinch_0089_33279.jpg,dinov3,0.9055555555555556,0.6167883211678832,0.9535195827484131,0.0,0.016607053577899933,0.16238839285714285
049.Boat_tailed_Grackle/Boat_Tailed_Grackle_0116_33808.jpg,dinov3,0.84375,0.8425655976676385,0.9581882357597351,0.0,0.02434966154396534,0.3257533482142857
049.Boat_tailed_Grackle/Boat_Tailed_Grackle_0095_33568.jpg,dinov3,0.7089552238805971,0.170873786407767,0.9384676218032837,0.0,0.032034169882535934,0.09869260204081633
050.Eared_Grebe/Eared_Grebe_0018_34357.jpg,dinov3,0.7304147465437788,0.7488151658767772,0.9617563486099243,0.0,0.01439688727259636,0.30937101403061223
050.Eared_Grebe/Eared_Grebe_0042_34132.jpg,dinov3,0.22321428571428573,0.0,0.9728131294250488,0.0,0.01554178074002266,0.049705038265306124
050.Eared_Grebe/Eared_Grebe_0001_34433.jpg,dinov3,0.5913461538461539,0.2204007285974499,0.9541463851928711,0.0,0.02569795586168766,0.12147241709183673
051.Horned_Grebe/Horned_Grebe_0058_34568.jpg,dinov3,0.23225806451612904,0.04830917874396135,0.9759306311607361,0.0,0.009484943933784962,0.03752790178571429
051.Horned_Grebe/Horned_Grebe_0071_35078.jpg,dinov3,0.49473684210526314,0.0,0.9639310836791992,0.0,0.019136009737849236,0.08928571428571429
051.Horned_Grebe/Horned_Grebe_0095_34491.jpg,dinov3,0.6167664670658682,0.8278688524590164,0.9627929925918579,0.0,0.01315334439277649,0.20129145408163265
051.Horned_Grebe/Horned_Grebe_0053_34512.jpg,dinov3,0.49159663865546216,0.3391304347826087,0.9628378748893738,0.0,0.032822154462337494,0.11828364158163265
051.Horned_Grebe/Horned_Grebe_0029_34557.jpg,dinov3,0.5335968379446641,0.31105990783410137,0.9638662338256836,0.0,0.011848594062030315,0.13408801020408162
052.Pied_billed_Grebe/Pied_Billed_Grebe_0013_35882.jpg,dinov3,0.6451612903225806,0.7079646017699115,0.9567441344261169,0.0,0.03142424672842026,0.16101323341836735
052.Pied_billed_Grebe/Pied_Billed_Grebe_0053_35262.jpg,dinov3,0.565359477124183,0.3537832310838446,0.9523619413375854,0.0,0.021304165944457054,0.16360411352040816
052.Pied_billed_Grebe/Pied_Billed_Grebe_0059_35507.jpg,dinov3,0.0972644376899696,0.061895551257253385,0.9715860486030579,0.0,0.046080321073532104,0.03364158163265306
052.Pied_billed_Grebe/Pied_Billed_Grebe_0056_35623.jpg,dinov3,0.4661016949152542,0.20146520146520147,0.9693280458450317,0.0,0.005284173414111137,0.10666454081632654
053.Western_Grebe/Western_Grebe_0029_36379.jpg,dinov3,0.8192090395480226,0.9119496855345912,0.962978720664978,0.0,0.008308817632496357,0.14686304209183673
053.Western_Grebe/Western_Grebe_0048_36399.jpg,dinov3,0.17307692307692307,0.025547445255474453,0.9674221277236938,0.0,0.014448574744164944,0.04587850765306122
053.Western_Grebe/Western_Grebe_0089_36154.jpg,dinov3,0.8741258741258742,0.8928571428571429,0.9589080810546875,0.0,0.022513527423143387,0.12228954081632654
054.Blue_Grosbeak/Blue_Grosbeak_0109_36914.jpg,dinov3,0.8333333333333334,0.2727272727272727,0.9340184330940247,0.001953125,0.036386169493198395,0.11180644132653061
054.Blue_Grosbeak/Blue_Grosbeak_0015_36985.jpg,dinov3,0.8913043478260869,0.003115264797507788,0.9422187209129333,0.0009765625,0.07240878790616989,0.08181202168367346
054.Blue_Grosbeak/Blue_Grosbeak_0085_36990.jpg,dinov3,0.75625,0.3261455525606469,0.9290269613265991,0.0,0.04616420716047287,0.1277702487244898
054.Blue_Grosbeak/Blue_Grosbeak_0016_36862.jpg,dinov3,0.6862745098039216,0.008097165991902834,0.952397346496582,0.0,0.051551517099142075,0.03392059948979592
055.Evening_Grosbeak/Evening_Grosbeak_0141_37398.jpg,dinov3,0.2178988326848249,0.0,0.9553040266036987,0.0,0.023328140377998352,0.0548469387755102
055.Evening_Grosbeak/Evening_Grosbeak_0063_37409.jpg,dinov3,0.6523809523809524,0.23466666666666666,0.9523625373840332,0.0,0.026147257536649704,0.13382892219387754
055.Evening_Grosbeak/Evening_Grosbeak_0028_37410.jpg,dinov3,0.8983957219251337,0.008253094910591471,0.9356772303581238,0.0,0.029785161837935448,0.16661352040816327
055.Evening_Grosbeak/Evening_Grosbeak_0114_37416.jpg,dinov3,0.8294117647058824,0.89171974522293,0.9387746453285217,0.0,0.019817199558019638,0.1389110331632653
055.Evening_Grosbeak/Evening_Grosbeak_0085_37487.jpg,dinov3,0.7540983606557377,0.5257142857142857,0.9447621703147888,0.0,0.03154226392507553,0.1818000637755102
055.Evening_Grosbeak/Evening_Grosbeak_0053_38005.jpg,dinov3,0.8358974358974359,0.28646748681898065,0.9370020627975464,0.0,0.023487163707613945,0.1650988520408163
055.Evening_Grosbeak/Evening_Grosbeak_0098_37532.jpg,dinov3,0.74375,0.23952095808383234,0.9533116817474365,0.0,0.025155769661068916,0.12278778698979592
055.Evening_Grosbeak/Evening_Grosbeak_0038_37228.jpg,dinov3,0.8600823045267489,0.9247787610619469,0.9392185211181641,0.0,0.01753537543118,0.20918367346938777
055.Evening_Grosbeak/Evening_Grosbeak_0015_37238.jpg,dinov3,0.8953488372093024,0.02034428794992175,0.944868266582489,0.0,0.08478689193725586,0.07619180484693877
055.Evening_Grosbeak/Evening_Grosbeak_0021_37789.jpg,dinov3,0.6698717948717948,0.3469387755102041,0.9486765265464783,0.0,0.04627380520105362,0.21326929209183673
055.Evening_Grosbeak/Evening_Grosbeak_0129_37831.jpg,dinov3,0.9090909090909091,0.9288389513108615,0.9518314599990845,0.0,0.06849396973848343,0.2534877232142857
056.Pine_Grosbeak/Pine_Grosbeak_0094_38912.jpg,dinov3,0.6379310344827587,0.009411764705882352,0.9469653367996216,0.0,0.0791645497083664,0.03932158801020408
056.Pine_Grosbeak/Pine_Grosbeak_0077_38929.jpg,dinov3,0.8808510638297873,0.8472222222222222,0.948175311088562,0.0,0.02427084557712078,0.20310507015306123
056.Pine_Grosbeak/Pine_Grosbeak_0042_38432.jpg,dinov3,0.13978494623655913,0.09747292418772563,0.9258362054824829,0.0,0.04437323659658432,0.07631138392857142
056.Pine_Grosbeak/Pine_Grosbeak_0071_38207.jpg,dinov3,0.8844221105527639,0.9210526315789473,0.95878666639328,0.0,0.01590310037136078,0.17165577168367346
056.Pine_Grosbeak/Pine_Grosbeak_0016_38743.jpg,dinov3,0.8223350253807107,0.9298245614035088,0.9519157409667969,0.0,0.012917445972561836,0.1605548469387755
056.Pine_Grosbeak/Pine_Grosbeak_0052_38804.jpg,dinov3,0.8018867924528302,0.14705882352941177,0.9237432479858398,0.0,0.06292286515235901,0.08380500637755102
056.Pine_Grosbeak/Pine_Grosbeak_0009_38609.jpg,dinov3,0.6398467432950191,0.33468559837728196,0.955459475517273,0.0,0.0257591363042593,0.16374362244897958
056.Pine_Grosbeak/Pine_Grosbeak_0004_38396.jpg,dinov3,0.9086538461538461,0.9438775510204082,0.9599604606628418,0.0,0.015318373218178749,0.18935347576530612
057.Rose_breasted_Grosbeak/Rose_Breasted_Grosbeak_0003_39223.jpg,dinov3,0.56,0.0,0.9591759443283081,0.0009765625,0.012727061286568642,0.04177295918367347
057.Rose_breasted_Grosbeak/Rose_Breasted_Grosbeak_0032_39772.jpg,dinov3,0.0,0.06981981981981981,0.9418540000915527,0.0029296875,0.03320460394024849,0.03960060586734694
057.Rose_breasted_Grosbeak/Rose_Breasted_Grosbeak_0060_39279.jpg,dinov3,0.10899653979238755,0.044642857142857144,0.933752179145813,0.0,0.054983049631118774,0.06186224489795918
057.Rose_breasted_Grosbeak/Rose_Breasted_Grosbeak_0126_39361.jpg,dinov3,0.6736842105263158,0.1282565130260521,0.9326825141906738,0.0,0.05073890462517738,0.06327726403061225
058.Pigeon_Guillemot/Pigeon_Guillemot_0071_40216.jpg,dinov3,0.7655677655677655,0.8483606557377049,0.9602373838424683,0.0,0.05724130570888519,0.20832669005102042
058.Pigeon_Guillemot/Pigeon_Guillemot_0096_39995.jpg,dinov3,0.8395522388059702,0.007361963190184049,0.9490745067596436,0.0,0.03183479979634285,0.21749441964285715
058.Pigeon_Guillemot/Pigeon_Guillemot_0043_39861.jpg,dinov3,0.6636636636636637,0.6993670886075949,0.9571371078491211,0.0,0.0194381270557642,0.2168765943877551
058.Pigeon_Guillemot/Pigeon_Guillemot_0075_40159.jpg,dinov3,0.8703703703703703,0.4668769716088328,0.9571925401687622,0.0,0.018838243559002876,0.1455078125
059.California_Gull/California_Gull_0078_41550.jpg,dinov3,0.34545454545454546,0.13983739837398373,0.953949511051178,0.0,0.022194754332304,0.09624123086734694
059.California_Gull/California_Gull_0088_41296.jpg,dinov3,0.0,0.09236947791164658,0.9431086182594299,0.0,0.031378235667943954,0.07391980229591837
059.California_Gull/California_Gull_0001_40786.jpg,dinov3,0.8514851485148515,0.10238429172510519,0.9627909064292908,0.0,0.00814785622060299,0.08438297193877552
059.California_Gull/California_Gull_0058_40858.jpg,dinov3,0.5645933014354066,0.0011235955056179776,0.9581116437911987,0.0,0.012233536690473557,0.11479591836734694
060.Glaucous_winged_Gull/Glaucous_Winged_Gull_0136_45059.jpg,dinov3,0.9166666666666666,0.9192546583850931,0.950452446937561,0.0,0.05674810707569122,0.15656887755102042
060.Glaucous_winged_Gull/Glaucous_Winged_Gull_0015_44198.jpg,dinov3,0.8319327731092437,0.0018315018315018315,0.9574013948440552,0.0,0.054691966623067856,0.10255899234693877
060.Glaucous_winged_Gull/Glaucous_Winged_Gull_0017_45224.jpg,dinov3,0.8300653594771242,0.19905956112852666,0.9559889435768127,0.0,0.01517111249268055,0.12627551020408162
061.Heermann_Gull/Heermann_Gull_0109_45619.jpg,dinov3,0.7388059701492538,0.009900990099009901,0.9676947593688965,0.0,0.007525620050728321,0.10269850127551021
061.Heermann_Gull/Heermann_Gull_0031_45822.jpg,dinov3,0.475,0.10698365527488855,0.950413703918457,0.0,0.02554795704782009,0.07936065051020408
061.Heermann_Gull/Heermann_Gull_0027_45864.jpg,dinov3,0.8910891089108911,0.882051282051282,0.9531620740890503,0.0,0.0607900395989418,0.18088329081632654
061.Heermann_Gull/Heermann_Gull_0136_45416.jpg,dinov3,0.8690909090909091,0.7044776119402985,0.9547929763793945,0.0,0.014867416583001614,0.2335578762755102
061.Heermann_Gull/Heermann_Gull_0001_45472.jpg,dinov3,0.003992015968063872,0.10561056105610561,0.9537830352783203,0.0,0.018555590882897377,0.07106983418367346
062.Herring_Gull/Herring_Gull_0001_48205.jpg,dinov3,0.8536585365853658,0.04298356510745891,0.955945611000061,0.0,0.03318338841199875,0.13909040178571427
062.Herring_Gull/Herring_Gull_0120_48822.jpg,dinov3,0.9684014869888475,0.9722735674676525,0.9522945880889893,0.0009765625,0.008741713128983974,0.5129743303571429
062.Herring_Gull/Herring_Gull_0068_46392.jpg,dinov3,0.8434782608695652,0.9090909090909091,0.9542129635810852,0.0,0.020259976387023926,0.19772401147959184
062.Herring_Gull/Herring_Gull_0082_47540.jpg,dinov3,0.3373015873015873,0.3074074074074074,0.9643290042877197,0.0,0.008474031463265419,0.08547911352040816
063.Ivory_Gull/Ivory_Gull_0110_49408.jpg,dinov3,0.8306878306878307,0.34505494505494505,0.9618604183197021,0.0,0.007806431036442518,0.15710698341836735
063.Ivory_Gull/Ivory_Gull_0085_49456.jpg,dinov3,0.42971887550200805,0.17235494880546076,0.9634161591529846,0.0,0.0020414995960891247,0.10622608418367346
063.Ivory_Gull/Ivory_Gull_0086_49532.jpg,dinov3,0.9364161849710982,0.9640718562874252,0.9629592895507812,0.0,0.010381637141108513,0.16193000637755103
063.Ivory_Gull/Ivory_Gull_0073_49287.jpg,dinov3,0.8412698412698413,0.20784313725490197,0.9489898681640625,0.0,0.034050069749355316,0.11116868622448979
063.Ivory_Gull/Ivory_Gull_0007_49364.jpg,dinov3,0.8305084745762712,0.04085257548845471,0.957785964012146,0.0,0.016073571518063545,0.09925063775510204
064.Ring_billed_Gull/Ring_Billed_Gull_0039_50191.jpg,dinov3,0.2604501607717042,0.0,0.9412139654159546,0.0,0.0226989034563303,0.08679448341836735
064.Ring_billed_Gull/Ring_Billed_Gull_0085_51292.jpg,dinov3,0.8714859437751004,0.875,0.9492143988609314,0.0,0.014755215495824814,0.22213807397959184
064.Ring_billed_Gull/Ring_Billed_Gull_0115_51891.jpg,dinov3,0.5936254980079682,0.2237871674491393,0.9605374336242676,0.0,0.010673323646187782,0.14540816326530612
065.Slaty_backed_Gull/Slaty_Backed_Gull_0022_796022.jpg,dinov3,0.8208955223880597,0.40636704119850187,0.9588019251823425,0.0,0.01558489166200161,0.22435028698979592
065.Slaty_backed_Gull/Slaty_Backed_Gull_0024_796028.jpg,dinov3,0.9112426035502958,0.4281767955801105,0.9536819458007812,0.0,0.03513259068131447,0.15718670280612246
065.Slaty_backed_Gull/Slaty_Backed_Gull_0023_796030.jpg,dinov3,0.7318181818181818,0.851063829787234,0.9660911560058594,0.0,0.007383251562714577,0.16067442602040816
065.Slaty_backed_Gull/Slaty_Backed_Gull_0078_796042.jpg,dinov3,0.7164179104477612,0.0,0.971885621547699,0.0,0.03350035473704338,0.046795280612244895
065.Slaty_backed_Gull/Slaty_Backed_Gull_0085_53158.jpg,dinov3,0.7519083969465649,0.941747572815534,0.9509543776512146,0.0,0.01579407788813114,0.2037029655612245
066.Western_Gull/Western_Gull_0013_54794.jpg,dinov3,0.0,0.005108556832694764,0.9493509531021118,0.0361328125,0.02375507913529873,0.05229591836734694
066.Western_Gull/Western_Gull_0078_53595.jpg,dinov3,0.8449612403100775,0.7124183006535948,0.9484958648681641,0.0,0.026127981022000313,0.1129623724489796
066.Western_Gull/Western_Gull_0104_53816.jpg,dinov3,0.8186046511627907,0.25842696629213485,0.9559755325317383,0.0,0.014096533879637718,0.17478475765306123
066.Western_Gull/Western_Gull_0050_54425.jpg,dinov3,0.045174537987679675,0.029411764705882353,0.9525400400161743,0.0,0.05098986625671387,0.023995535714285716
066.Western_Gull/Western_Gull_0069_53553.jpg,dinov3,0.9424460431654677,0.9485294117647058,0.9380964040756226,0.0,0.04748518764972687,0.13356983418367346
066.Western_Gull/Western_Gull_0066_54105.jpg,dinov3,0.9080459770114943,0.8910505836575876,0.9568177461624146,0.0,0.0241780374199152,0.23818160076530612
066.Western_Gull/Western_Gull_0024_53631.jpg,dinov3,0.7310924369747899,0.010526315789473684,0.9632662534713745,0.0,0.0179294366389513,0.08777104591836735
066.Western_Gull/Western_Gull_0049_53748.jpg,dinov3,0.9296296296296296,0.9224806201550387,0.9519460797309875,0.0,0.008166171610355377,0.24111128826530612
067.Anna_Hummingbird/Anna_Hummingbird_0080_56366.jpg,dinov3,0.3772455089820359,0.004366812227074236,0.9508997797966003,0.0,0.013087300583720207,0.12976323341836735
067.Anna_Hummingbird/Anna_Hummingbird_0055_56396.jpg,dinov3,0.625,0.07476635514018691,0.9666770696640015,0.0,0.009087870828807354,0.057736766581632654
067.Anna_Hummingbird/Anna_Hummingbird_0087_56435.jpg,dinov3,0.8285714285714286,0.9,0.9566976428031921,0.0,0.008754844777286053,0.1433952487244898
067.Anna_Hummingbird/Anna_Hummingbird_0019_57025.jpg,dinov3,0.14878892733564014,0.014906832298136646,0.9608696699142456,0.056640625,0.013745746575295925,0.04723373724489796
067.Anna_Hummingbird/Anna_Hummingbird_0037_56587.jpg,dinov3,0.8410596026490066,0.9136690647482014,0.9488409757614136,0.0,0.017558204010128975,0.12366470025510204
068.Ruby_throated_Hummingbird/Ruby_Throated_Hummingbird_0077_57858.jpg,dinov3,0.793859649122807,0.20802919708029197,0.947041392326355,0.0,0.023374143987894058,0.18070392219387754
068.Ruby_throated_Hummingbird/Ruby_Throated_Hummingbird_0072_57391.jpg,dinov3,0.7361111111111112,0.7843866171003717,0.9625883102416992,0.0,0.005782484542578459,0.21075813137755103
068.Ruby_throated_Hummingbird/Ruby_Throated_Hummingbird_0118_57536.jpg,dinov3,0.0,0.0,0.9447807669639587,0.0,0.03419960290193558,0.09819435586734694
068.Ruby_throated_Hummingbird/Ruby_Throated_Hummingbird_0115_58067.jpg,dinov3,0.839622641509434,0.9621621621621622,0.9537458419799805,0.0,0.0067147440277040005,0.17578125
068.Ruby_throated_Hummingbird/Ruby_Throated_Hummingbird_0108_57653.jpg,dinov3,0.6785714285714286,0.1590909090909091,0.9573613405227661,0.0,0.012449171394109726,0.05883290816326531
069.Rufous_Hummingbird/Rufous_Hummingbird_0009_59405.jpg,dinov3,0.6790123456790124,0.2301255230125523,0.965791642665863,0.0,0.0068041239865124226,0.11122847576530612
069.Rufous_Hummingbird/Rufous_Hummingbird_0134_59449.jpg,dinov3,0.0,0.1819645732689211,0.9551227688789368,0.0,0.011741151101887226,0.11168686224489796
069.Rufous_Hummingbird/Rufous_Hummingbird_0100_59541.jpg,dinov3,0.6421052631578947,0.033950617283950615,0.9278625249862671,0.0,0.03341180458664894,0.07049186862244898
069.Rufous_Hummingbird/Rufous_Hummingbird_0046_59647.jpg,dinov3,0.75,0.3141025641025641,0.9645785093307495,0.0,0.0029751684051007032,0.14622528698979592
069.Rufous_Hummingbird/Rufous_Hummingbird_0119_59681.jpg,dinov3,0.2532051282051282,0.06878980891719745,0.9390543699264526,0.0,0.022391460835933685,0.07886240433673469
070.Green_Violetear/Green_Violetear_0057_795701.jpg,dinov3,0.925531914893617,0.9523809523809523,0.9447650909423828,0.0,0.02256096340715885,0.2561583227040816
070.Green_Violetear/Green_Violetear_0044_795717.jpg,dinov3,0.7873563218390804,0.8303030303030303,0.9597020149230957,0.0,0.008585890755057335,0.13560267857142858
070.Green_Violetear/Green_Violetear_0119_795724.jpg,dinov3,0.8666666666666667,0.8554216867469879,0.9509493112564087,0.0,0.016548000276088715,0.14467075892857142
071.Long_tailed_Jaeger/Long_Tailed_Jaeger_0033_60955.jpg,dinov3,0.8529411764705882,0.008361204013377926,0.9652332067489624,0.0,0.05396953970193863,0.08557876275510204
071.Long_tailed_Jaeger/Long_Tailed_Jaeger_0044_60968.jpg,dinov3,0.31313131313131315,0.19523809523809524,0.9713828563690186,0.0,0.008783983066678047,0.11920041454081633
071.Long_tailed_Jaeger/Long_Tailed_Jaeger_0047_797075.jpg,dinov3,0.8682634730538922,0.9056603773584906,0.9642366766929626,0.0,0.020451338961720467,0.1465441645408163
071.Long_tailed_Jaeger/Long_Tailed_Jaeger_0036_797076.jpg,dinov3,0.7782258064516129,0.3133116883116883,0.9617958068847656,0.0,0.007173777092248201,0.18833705357142858
072.Pomarine_Jaeger/Pomarine_Jaeger_0058_795746.jpg,dinov3,0.8157894736842105,0.8356164383561644,0.960548996925354,0.0,0.01246937457472086,0.12802933673469388
072.Pomarine_Jaeger/Pomarine_Jaeger_0033_795749.jpg,dinov3,0.9242424242424242,0.5020576131687243,0.9625148177146912,0.0,0.020387811586260796,0.12099410076530612
072.Pomarine_Jaeger/Pomarine_Jaeger_0045_795750.jpg,dinov3,0.8448275862068966,0.29577464788732394,0.9695936441421509,0.0,0.005869902670383453,0.14205994897959184
072.Pomarine_Jaeger/Pomarine_Jaeger_0014_61335.jpg,dinov3,0.7086614173228346,0.19607843137254902,0.9744367599487305,0.0,0.004000329878181219,0.08834901147959184
072.Pomarine_Jaeger/Pomarine_Jaeger_0062_61351.jpg,dinov3,0.8653846153846154,0.2179176755447942,0.9691373109817505,0.0,0.02135792002081871,0.08848852040816327
072.Pomarine_Jaeger/Pomarine_Jaeger_0002_61361.jpg,dinov3,0.6323529411764706,0.0,0.9681409001350403,0.0,0.04682953655719757,0.04083625637755102
072.Pomarine_Jaeger/Pomarine_Jaeger_0063_61406.jpg,dinov3,0.14163090128755365,0.06653225806451613,0.9810889959335327,0.0,0.002166836056858301,0.03168845663265306
073.Blue_Jay/Blue_Jay_0083_61492.jpg,dinov3,0.8967391304347826,0.9269662921348315,0.9505083560943604,0.0,0.021351516246795654,0.1591198979591837
073.Blue_Jay/Blue_Jay_0068_61543.jpg,dinov3,0.6715328467153284,0.22384428223844283,0.9380264282226562,0.0,0.0355096235871315,0.09576291454081633
073.Blue_Jay/Blue_Jay_0076_61817.jpg,dinov3,0.901840490797546,0.9025974025974026,0.9450538158416748,0.0,0.01811913587152958,0.14479033801020408
073.Blue_Jay/Blue_Jay_0050_62974.jpg,dinov3,0.8607594936708861,0.6634146341463415,0.9536484479904175,0.0,0.015455405227839947,0.13685825892857142
074.Florida_Jay/Florida_Jay_0105_64522.jpg,dinov3,0.8827160493827161,0.26425855513307983,0.9369055032730103,0.0,0.026322385296225548,0.1385124362244898
074.Florida_Jay/Florida_Jay_0004_65042.jpg,dinov3,0.6149068322981367,0.6073619631901841,0.9321980476379395,0.0,0.058563269674777985,0.09851323341836735
074.Florida_Jay/Florida_Jay_0011_64920.jpg,dinov3,0.8589743589743589,0.8340807174887892,0.9421603083610535,0.0,0.018867362290620804,0.2100207270408163
074.Florida_Jay/Florida_Jay_0005_64940.jpg,dinov3,0.8192090395480226,0.834319526627219,0.9324802756309509,0.0,0.06510160118341446,0.1585419323979592
074.Florida_Jay/Florida_Jay_0080_64505.jpg,dinov3,0.8074534161490683,0.3064516129032258,0.9352755546569824,0.0,0.047888580709695816,0.1320750956632653
074.Florida_Jay/Florida_Jay_0041_64734.jpg,dinov3,0.8870967741935484,0.21372549019607842,0.9444917440414429,0.0,0.050754278898239136,0.1143375318877551
074.Florida_Jay/Florida_Jay_0099_64735.jpg,dinov3,0.4426229508196721,0.4419889502762431,0.9370162487030029,0.0,0.03955434262752533,0.07856345663265306
074.Florida_Jay/Florida_Jay_0065_64739.jpg,dinov3,0.4626865671641791,0.014109347442680775,0.9589320421218872,0.0,0.06823326647281647,0.03228635204081633
075.Green_Jay/Green_Jay_0126_65716.jpg,dinov3,0.7758620689655172,0.0835509138381201,0.9395471811294556,0.0,0.04218113049864769,0.04474250637755102
075.Green_Jay/Green_Jay_0115_65745.jpg,dinov3,0.7563025210084033,0.11952191235059761,0.9587699174880981,0.0,0.03012927994132042,0.09303252551020408
075.Green_Jay/Green_Jay_0106_65811.jpg,dinov3,0.8181818181818182,0.004219409282700422,0.9376264214515686,0.0,0.04352444410324097,0.07376036352040816
076.Dark_eyed_Junco/Dark_Eyed_Junco_0016_68738.jpg,dinov3,0.7832512315270936,0.6382113821138211,0.9728870391845703,0.0,0.016031702980399132,0.15541294642857142
076.Dark_eyed_Junco/Dark_Eyed_Junco_0031_66785.jpg,dinov3,0.7918781725888325,0.4427860696517413,0.9438230991363525,0.0,0.0183440912514925,0.17956792091836735
076.Dark_eyed_Junco/Dark_Eyed_Junco_0059_66305.jpg,dinov3,0.4267515923566879,0.15764705882352942,0.9584918022155762,0.0,0.016733644530177116,0.06558912627551021
076.Dark_eyed_Junco/Dark_Eyed_Junco_0093_67335.jpg,dinov3,0.652542372881356,0.0,0.9650489091873169,0.0,0.011625773273408413,0.07206632653061225
076.Dark_eyed_Junco/Dark_Eyed_Junco_0131_66423.jpg,dinov3,0.7391304347826086,0.20723684210526316,0.9278629422187805,0.001953125,0.03753224387764931,0.06708386479591837
076.Dark_eyed_Junco/Dark_Eyed_Junco_0114_67964.jpg,dinov3,0.7323943661971831,0.007704160246533128,0.9484070539474487,0.0009765625,0.06545273959636688,0.05470742984693878
076.Dark_eyed_Junco/Dark_Eyed_Junco_0083_66449.jpg,dinov3,0.919047619047619,0.9317073170731708,0.9501701593399048,0.0,0.045772552490234375,0.19577088647959184
076.Dark_eyed_Junco/Dark_Eyed_Junco_0111_66488.jpg,dinov3,0.8811881188118812,0.8608247422680413,0.9481866359710693,0.0,0.08210291713476181,0.18317522321428573
077.Tropical_Kingbird/Tropical_Kingbird_0068_69397.jpg,dinov3,0.6231884057971014,0.24202626641651032,0.9413080215454102,0.0,0.01426478661596775,0.12627551020408162
077.Tropical_Kingbird/Tropical_Kingbird_0038_69455.jpg,dinov3,0.8045112781954887,0.6815286624203821,0.956599235534668,0.0,0.012699592858552933,0.21257174744897958
077.Tropical_Kingbird/Tropical_Kingbird_0084_69312.jpg,dinov3,0.6323529411764706,0.11029411764705882,0.9600323438644409,0.0009765625,0.037880800664424896,0.09253427933673469
077.Tropical_Kingbird/Tropical_Kingbird_0024_69582.jpg,dinov3,0.8938547486033519,0.21390374331550802,0.953781008720398,0.0,0.011621362529695034,0.1533203125
077.Tropical_Kingbird/Tropical_Kingbird_0063_69589.jpg,dinov3,0.13692946058091288,0.0,0.9617997407913208,0.0,0.013913655653595924,0.029755261479591837
078.Gray_Kingbird/Gray_Kingbird_0077_70191.jpg,dinov3,0.6931818181818182,0.2675438596491228,0.942044734954834,0.0,0.015598893165588379,0.12300701530612244
078.Gray_Kingbird/Gray_Kingbird_0043_795032.jpg,dinov3,0.7747747747747747,0.02292768959435626,0.9502484798431396,0.0,0.011262116022408009,0.08619658801020408
078.Gray_Kingbird/Gray_Kingbird_0010_70057.jpg,dinov3,0.5943396226415094,0.22878228782287824,0.9550002813339233,0.0,0.025113994255661964,0.12794961734693877
078.Gray_Kingbird/Gray_Kingbird_0076_70070.jpg,dinov3,0.7749077490774908,0.7070707070707071,0.9556913375854492,0.0,0.0360679030418396,0.2024872448979592
079.Belted_Kingfisher/Belted_Kingfisher_0079_70524.jpg,dinov3,0.5196850393700787,0.033478893740902474,0.9388864040374756,0.0,0.024809937924146652,0.06662547831632654
079.Belted_Kingfisher/Belted_Kingfisher_0063_70835.jpg,dinov3,0.6181818181818182,0.6296296296296297,0.9251987934112549,0.0,0.030789917334914207,0.10006776147959184
079.Belted_Kingfisher/Belted_Kingfisher_0058_70848.jpg,dinov3,0.7471910112359551,0.3009049773755656,0.9718979001045227,0.0,0.005274035967886448,0.12976323341836735
079.Belted_Kingfisher/Belted_Kingfisher_0096_70347.jpg,dinov3,0.6096491228070176,0.3048245614035088,0.948280394077301,0.0,0.010270630940794945,0.13514429209183673
079.Belted_Kingfisher/Belted_Kingfisher_0028_70358.jpg,dinov3,0.7410714285714286,0.5633802816901409,0.9598240852355957,0.0,0.01807389035820961,0.18664301658163265
079.Belted_Kingfisher/Belted_Kingfisher_0014_70910.jpg,dinov3,0.57,0.38175675675675674,0.9483950734138489,0.0,0.019789019599556923,0.11290258290816327
080.Green_Kingfisher/Green_Kingfisher_0060_66074.jpg,dinov3,0.44047619047619047,0.011725293132328308,0.9482119679450989,0.0,0.01885339990258217,0.03647161989795918
080.Green_Kingfisher/Green_Kingfisher_0074_71214.jpg,dinov3,0.7841726618705036,0.2511737089201878,0.9360519647598267,0.0,0.03169993683695793,0.10664461096938775
080.Green_Kingfisher/Green_Kingfisher_0057_71096.jpg,dinov3,0.4370860927152318,0.0,0.934341311454773,0.0,0.03289872035384178,0.0748764349489796
080.Green_Kingfisher/Green_Kingfisher_0002_71055.jpg,dinov3,0.8984375,0.9262295081967213,0.9341251254081726,0.0,0.0324278324842453,0.11377949617346939
080.Green_Kingfisher/Green_Kingfisher_0089_71325.jpg,dinov3,0.64,0.07218045112781955,0.9255178570747375,0.0,0.04307280480861664,0.04856903698979592
080.Green_Kingfisher/Green_Kingfisher_0077_71129.jpg,dinov3,0.8944444444444445,0.9469026548672567,0.959228515625,0.0,0.01134541817009449,0.3119419642857143
080.Green_Kingfisher/Green_Kingfisher_0035_71133.jpg,dinov3,0.6619718309859155,0.17032967032967034,0.9470624923706055,0.0,0.01983058638870716,0.09683912627551021
081.Pied_Kingfisher/Pied_Kingfisher_0132_72706.jpg,dinov3,0.5771428571428572,0.19165085388994307,0.965078592300415,0.0,0.006621233653277159,0.09795519770408163
081.Pied_Kingfisher/Pied_Kingfisher_0047_72401.jpg,dinov3,0.725,0.17261904761904762,0.9608640670776367,0.0,0.014938129112124443,0.08735251913265306
081.Pied_Kingfisher/Pied_Kingfisher_0095_72008.jpg,dinov3,0.6766467065868264,0.11006289308176101,0.9555314779281616,0.0,0.02064915932714939,0.11234454719387756
081.Pied_Kingfisher/Pied_Kingfisher_0085_71557.jpg,dinov3,0.4854368932038835,0.10245901639344263,0.9677599668502808,0.0,0.009527835994958878,0.049306441326530615
082.Ringed_Kingfisher/Ringed_Kingfisher_0051_72997.jpg,dinov3,0.6923076923076923,0.0,0.9563534259796143,0.0,0.08111122995615005,0.02467315051020408
082.Ringed_Kingfisher/Ringed_Kingfisher_0083_73053.jpg,dinov3,0.46875,0.05163511187607573,0.9513587951660156,0.0,0.012609935365617275,0.04633689413265306
082.Ringed_Kingfisher/Ringed_Kingfisher_0043_72877.jpg,dinov3,0.8934426229508197,0.0,0.9283658266067505,0.0,0.04332788288593292,0.10664461096938775
083.White_breasted_Kingfisher/White_Breasted_Kingfisher_0047_73251.jpg,dinov3,0.6140350877192983,0.06719367588932806,0.960273027420044,0.0,0.019418107345700264,0.03457828443877551
083.White_breasted_Kingfisher/White_Breasted_Kingfisher_0065_73372.jpg,dinov3,0.4831932773109244,0.2165991902834008,0.9593316316604614,0.0,0.019834626466035843,0.11431760204081633
084.Red_legged_Kittiwake/Red_Legged_Kittiwake_0051_795404.jpg,dinov3,0.9465875370919882,0.9518072289156626,0.9503335952758789,0.0,0.01984402723610401,0.3140345982142857
084.Red_legged_Kittiwake/Red_Legged_Kittiwake_0040_795455.jpg,dinov3,0.9216417910447762,0.9245283018867925,0.9523102045059204,0.0,0.03705776855349541,0.251953125
084.Red_legged_Kittiwake/Red_Legged_Kittiwake_0037_73794.jpg,dinov3,0.8289473684210527,0.1167608286252354,0.9560813307762146,0.0009765625,0.014318828471004963,0.06447305484693877
085.Horned_Lark/Horned_Lark_0115_74271.jpg,dinov3,0.6973684210526315,0.08270676691729323,0.9551081657409668,0.0,0.05624181404709816,0.05580357142857143
085.Horned_Lark/Horned_Lark_0026_74910.jpg,dinov3,0.8777777777777778,0.020958083832335328,0.9565029144287109,0.0,0.036007873713970184,0.07932079081632654
085.Horned_Lark/Horned_Lark_0083_74444.jpg,dinov3,0.825,0.0024752475247524753,0.9623273015022278,0.0,0.03212578222155571,0.06652582908163265
085.Horned_Lark/Horned_Lark_0014_74963.jpg,dinov3,0.9078947368421053,0.3285024154589372,0.964438796043396,0.0,0.09578707814216614,0.1436344068877551
085.Horned_Lark/Horned_Lark_0087_73989.jpg,dinov3,0.8952380952380953,0.8317307692307693,0.9520418643951416,0.0,0.033395376056432724,0.19437579719387754
085.Horned_Lark/Horned_Lark_0019_73996.jpg,dinov3,0.6229508196721312,0.05114401076716016,0.9626317024230957,0.0,0.012326848693192005,0.04123485331632653
086.Pacific_Loon/Pacific_Loon_0041_75782.jpg,dinov3,0.0,0.16029411764705884,0.9527117013931274,0.0,0.048067886382341385,0.09638073979591837
086.Pacific_Loon/Pacific_Loon_0045_75589.jpg,dinov3,0.07191780821917808,0.06418918918918919,0.9680744409561157,0.0,0.024599885568022728,0.04450334821428571
087.Mallard/Mallard_0128_77396.jpg,dinov3,0.703030303030303,0.9130434782608695,0.9545639753341675,0.0,0.015969492495059967,0.23024952168367346
087.Mallard/Mallard_0064_76654.jpg,dinov3,0.5698924731182796,0.5502092050209205,0.9504187107086182,0.0,0.01680959016084671,0.2563576211734694
087.Mallard/Mallard_0107_76498.jpg,dinov3,0.8121212121212121,0.24906367041198502,0.9568545818328857,0.0,0.02571895904839039,0.12910554846938777
087.Mallard/Mallard_0083_77052.jpg,dinov3,0.969939879759519,0.9640718562874252,0.9531422853469849,0.0,0.06532640010118484,0.4747688137755102
087.Mallard/Mallard_0109_76616.jpg,dinov3,0.7152941176470589,0.7318840579710145,0.9509053230285645,0.0,0.04749886691570282,0.30775669642857145
087.Mallard/Mallard_0045_77129.jpg,dinov3,0.9197530864197531,0.9166666666666666,0.9537495374679565,0.0,0.009051293134689331,0.1437938456632653
088.Western_Meadowlark/Western_Meadowlark_0034_78869.jpg,dinov3,0.4772727272727273,0.07155322862129145,0.9629346132278442,0.0,0.0146101675927639,0.04017857142857143
088.Western_Meadowlark/Western_Meadowlark_0032_78633.jpg,dinov3,0.8518518518518519,0.5658362989323843,0.9629614353179932,0.0,0.010510854423046112,0.1529217155612245
088.Western_Meadowlark/Western_Meadowlark_0107_78608.jpg,dinov3,0.8633879781420765,0.3542234332425068,0.9627823233604431,0.0,0.016673406586050987,0.15702726403061223
088.Western_Meadowlark/Western_Meadowlark_0064_78027.jpg,dinov3,0.8666666666666667,0.3056379821958457,0.9614888429641724,0.0,0.05821007490158081,0.10803970025510204
089.Hooded_Merganser/Hooded_Merganser_0037_796731.jpg,dinov3,0.6875,0.6906906906906907,0.9604756236076355,0.0,0.02315427176654339,0.2318439094387755
089.Hooded_Merganser/Hooded_Merganser_0047_78962.jpg,dinov3,0.7874251497005988,0.7229916897506925,0.9634683132171631,0.0,0.008905916474759579,0.2573142538265306
089.Hooded_Merganser/Hooded_Merganser_0009_79012.jpg,dinov3,0.8044692737430168,0.24615384615384617,0.9663920998573303,0.0,0.007298679556697607,0.13847257653061223
089.Hooded_Merganser/Hooded_Merganser_0064_79040.jpg,dinov3,0.6094890510948905,0.6496062992125984,0.9602112174034119,0.0,0.0340145081281662,0.1636639030612245
089.Hooded_Merganser/Hooded_Merganser_0020_79046.jpg,dinov3,0.8113207547169812,0.17330677290836655,0.9384846091270447,0.0,0.046797458082437515,0.08799027423469388
089.Hooded_Merganser/Hooded_Merganser_0068_79057.jpg,dinov3,0.7911111111111111,0.4797843665768194,0.9578967094421387,0.0,0.025946956127882004,0.1795280612244898
089.Hooded_Merganser/Hooded_Merganser_0063_79064.jpg,dinov3,0.6813880126182965,0.4161849710982659,0.9609204530715942,0.0,0.030212009325623512,0.2105986926020408
090.Red_breasted_Merganser/Red_Breasted_Merganser_0030_79411.jpg,dinov3,0.22916666666666666,0.1696035242290749,0.9685710668563843,0.0,0.012021386995911598,0.0751953125
090.Red_breasted_Merganser/Red_Breasted_Merganser_0014_79205.jpg,dinov3,0.5138888888888888,0.02090032154340836,0.9505423903465271,0.0,0.06154555082321167,0.10835857780612244
090.Red_breasted_Merganser/Red_Breasted_Merganser_0004_79232.jpg,dinov3,0.14344262295081966,0.05785123966942149,0.9687930941581726,0.0,0.03935038298368454,0.03637197066326531
091.Mockingbird/Mockingbird_0030_79876.jpg,dinov3,0.7772277227722773,0.2759226713532513,0.9426496028900146,0.0,0.026258602738380432,0.15174585459183673
091.Mockingbird/Mockingbird_0084_80670.jpg,dinov3,0.8137254901960784,0.0,0.9305964708328247,0.0,0.0718778446316719,0.08205117984693877
091.Mockingbird/Mockingbird_0012_81216.jpg,dinov3,0.7956204379562044,0.0,0.9463272094726562,0.0,0.011085235513746738,0.10859773596938775
091.Mockingbird/Mockingbird_0026_81214.jpg,dinov3,0.849802371541502,0.41044776119402987,0.949137806892395,0.0,0.022796377539634705,0.21540178571428573
091.Mockingbird/Mockingbird_0042_81728.jpg,dinov3,0.5431034482758621,0.12633832976445397,0.9621896743774414,0.0,0.009510649368166924,0.06552933673469388
091.Mockingbird/Mockingbird_0067_79723.jpg,dinov3,0.2803738317757009,0.18971061093247588,0.9396225214004517,0.0,0.073905348777771,0.06096540178571429
091.Mockingbird/Mockingbird_0082_80570.jpg,dinov3,0.7457627118644068,0.0015455950540958269,0.9304502010345459,0.0,0.03650509566068649,0.087890625
091.Mockingbird/Mockingbird_0001_79812.jpg,dinov3,0.8411214953271028,0.00436046511627907,0.9459263682365417,0.0,0.024531478062272072,0.18303571428571427
091.Mockingbird/Mockingbird_0021_80343.jpg,dinov3,0.5030674846625767,0.008025682182985553,0.9219903945922852,0.0,0.039437394589185715,0.07957987882653061
091.Mockingbird/Mockingbird_0023_80121.jpg,dinov3,0.896,0.8934426229508197,0.9205676317214966,0.001953125,0.07650971412658691,0.11106903698979592
092.Nighthawk/Nighthawk_0059_82741.jpg,dinov3,0.47297297297297297,0.2936241610738255,0.9367047548294067,0.0,0.04783361777663231,0.1717952806122449
092.Nighthawk/Nighthawk_0024_83519.jpg,dinov3,0.8273381294964028,0.17117117117117117,0.9466938972473145,0.0,0.06734470278024673,0.11031170280612244
092.Nighthawk/Nighthawk_0087_82280.jpg,dinov3,0.1965065502183406,0.12828947368421054,0.9640228748321533,0.0,0.01257825642824173,0.04470264668367347
092.Nighthawk/Nighthawk_0042_83603.jpg,dinov3,0.5295698924731183,0.4423963133640553,0.9525424242019653,0.0,0.013463094830513,0.19337930484693877
092.Nighthawk/Nighthawk_0020_83869.jpg,dinov3,0.7307692307692307,0.8735632183908046,0.9518033862113953,0.0,0.023399675264954567,0.14773995535714285
092.Nighthawk/Nighthawk_0072_795336.jpg,dinov3,0.8558823529411764,0.8450292397660819,0.9594231843948364,0.0,0.015035256743431091,0.2949816645408163
092.Nighthawk/Nighthawk_0028_82636.jpg,dinov3,0.3253588516746411,0.10725552050473186,0.9761747121810913,0.0,0.003243713639676571,0.06421396683673469
093.Clark_Nutcracker/Clark_Nutcracker_0096_84996.jpg,dinov3,0.8571428571428571,0.11654135338345864,0.9492065906524658,0.0,0.035285744816064835,0.15058992346938777
093.Clark_Nutcracker/Clark_Nutcracker_0102_85089.jpg,dinov3,0.5907335907335908,0.28073394495412846,0.9533694982528687,0.0,0.013834383338689804,0.14951371173469388
093.Clark_Nutcracker/Clark_Nutcracker_0131_85701.jpg,dinov3,0.8189655172413793,0.008683068017366137,0.9663119316101074,0.0,0.04826021566987038,0.09355070153061225
093.Clark_Nutcracker/Clark_Nutcracker_0093_84809.jpg,dinov3,0.9328859060402684,0.18117977528089887,0.9527760148048401,0.0,0.028047947213053703,0.13448660714285715
093.Clark_Nutcracker/Clark_Nutcracker_0106_84856.jpg,dinov3,0.8275862068965517,0.30670103092783507,0.955402672290802,0.0,0.04992663860321045,0.12601642219387754
093.Clark_Nutcracker/Clark_Nutcracker_0051_84950.jpg,dinov3,0.8688524590163934,0.010221465076660987,0.9549034237861633,0.0,0.0463433600962162,0.10564811862244898
094.White_breasted_Nuthatch/White_Breasted_Nuthatch_0003_86029.jpg,dinov3,0.4308093994778068,0.42377260981912146,0.9615375995635986,0.0,0.025533050298690796,0.15967793367346939
094.White_breasted_Nuthatch/White_Breasted_Nuthatch_0060_86031.jpg,dinov3,0.8186528497409327,0.2951653944020356,0.9592177867889404,0.0,0.01442305464297533,0.1522839604591837
094.White_breasted_Nuthatch/White_Breasted_Nuthatch_0063_86573.jpg,dinov3,0.8895705521472392,0.5017301038062284,0.9398367404937744,0.0,0.03594248369336128,0.1455875318877551
094.White_breasted_Nuthatch/White_Breasted_Nuthatch_0020_86143.jpg,dinov3,0.40562248995983935,0.0056753688989784334,0.9595304727554321,0.0,0.013646597974002361,0.10331632653061225
095.Baltimore_Oriole/Baltimore_Oriole_0074_87214.jpg,dinov3,0.8028846153846154,0.29609929078014185,0.9595962166786194,0.0,0.013819901272654533,0.16169084821428573
095.Baltimore_Oriole/Baltimore_Oriole_0018_87782.jpg,dinov3,0.8951048951048951,0.008992805755395683,0.9479813575744629,0.0,0.0189148411154747,0.2553013392857143
095.Baltimore_Oriole/Baltimore_Oriole_0037_87337.jpg,dinov3,0.06928838951310862,0.06654676258992806,0.917589545249939,0.0,0.05144672840833664,0.04099569515306122
095.Baltimore_Oriole/Baltimore_Oriole_0058_87296.jpg,dinov3,0.75,0.39775910364145656,0.936424970626831,0.05859375,0.02326008304953575,0.14391342474489796
095.Baltimore_Oriole/Baltimore_Oriole_0086_88375.jpg,dinov3,0.8203883495145631,0.8203883495145631,0.9525103569030762,0.0,0.01043993141502142,0.17432637117346939
095.Baltimore_Oriole/Baltimore_Oriole_0112_87447.jpg,dinov3,0.6241610738255033,0.014256619144602852,0.9386287927627563,0.0,0.02758968435227871,0.0914779974489796
096.Hooded_Oriole/Hooded_Oriole_0024_90157.jpg,dinov3,0.8273809523809523,0.43573667711598746,0.9465721845626831,0.0,0.018291078507900238,0.14174107142857142
096.Hooded_Oriole/Hooded_Oriole_0077_90886.jpg,dinov3,0.8303571428571429,0.2740963855421687,0.9335124492645264,0.0,0.023615848273038864,0.0946468431122449
096.Hooded_Oriole/Hooded_Oriole_0010_90413.jpg,dinov3,0.780373831775701,0.07966457023060797,0.9357799291610718,0.0,0.05329656973481178,0.16368383290816327
096.Hooded_Oriole/Hooded_Oriole_0029_90485.jpg,dinov3,0.44776119402985076,0.09419152276295134,0.9194386005401611,0.0,0.0410214327275753,0.06028778698979592
096.Hooded_Oriole/Hooded_Oriole_0004_91057.jpg,dinov3,0.896,0.018789144050104383,0.928260862827301,0.0,0.06803201138973236,0.11007254464285714
096.Hooded_Oriole/Hooded_Oriole_0082_90045.jpg,dinov3,0.6962025316455697,0.4490358126721763,0.9303168654441833,0.0,0.029141275212168694,0.2277782206632653
097.Orchard_Oriole/Orchard_Oriole_0085_91411.jpg,dinov3,0.6871508379888268,0.003992015968063872,0.9316713809967041,0.0,0.04117137938737869,0.12460140306122448
097.Orchard_Oriole/Orchard_Oriole_0054_91414.jpg,dinov3,0.47,0.06765676567656766,0.9397319555282593,0.0,0.034969914704561234,0.0480110012755102
097.Orchard_Oriole/Orchard_Oriole_0027_91265.jpg,dinov3,0.4090909090909091,0.02763819095477387,0.9522371292114258,0.0,0.016588110476732254,0.05976961096938776
097.Orchard_Oriole/Orchard_Oriole_0088_92086.jpg,dinov3,0.827433628318584,0.4107981220657277,0.9594943523406982,0.0,0.01567196287214756,0.18195950255102042
098.Scott_Oriole/Scott_Oriole_0034_795813.jpg,dinov3,0.89,0.8958333333333334,0.9298847913742065,0.0,0.039696745574474335,0.28226642219387754
099.Ovenbird/Ovenbird_0093_92705.jpg,dinov3,0.8620689655172413,0.8,0.9521267414093018,0.0,0.07624335587024689,0.08472177933673469
099.Ovenbird/Ovenbird_0089_93234.jpg,dinov3,0.9161073825503355,0.9212328767123288,0.9454406499862671,0.0,0.0654245913028717,0.2855947066326531
099.Ovenbird/Ovenbird_0009_93395.jpg,dinov3,0.8918918918918919,0.9078341013824884,0.9481348991394043,0.0,0.04393696039915085,0.20380261479591838
099.Ovenbird/Ovenbird_0084_92901.jpg,dinov3,0.7692307692307693,0.2099737532808399,0.957798957824707,0.0,0.06239087134599686,0.08272879464285714
099.Ovenbird/Ovenbird_0099_93148.jpg,dinov3,0.9192546583850931,0.4897260273972603,0.938874363899231,0.0,0.0536358542740345,0.1484972895408163
099.Ovenbird/Ovenbird_0083_92561.jpg,dinov3,0.9114583333333334,0.8578431372549019,0.945497453212738,0.0,0.015711473301053047,0.16990194515306123
099.Ovenbird/Ovenbird_0094_92577.jpg,dinov3,0.8192771084337349,0.002824858757062147,0.9362843632698059,0.0,0.025219863280653954,0.06750239158163265
099.Ovenbird/Ovenbird_0126_92602.jpg,dinov3,0.8272727272727273,0.18960244648318042,0.9588525891304016,0.0,0.027578771114349365,0.09261399872448979
100.Brown_Pelican/Brown_Pelican_0102_93727.jpg,dinov3,0.7142857142857143,0.010245901639344262,0.9611886739730835,0.0,0.022883741185069084,0.07708864795918367
100.Brown_Pelican/Brown_Pelican_0110_93622.jpg,dinov3,0.7685714285714286,0.8631921824104235,0.9446125030517578,0.0,0.011426087468862534,0.2670200892857143
100.Brown_Pelican/Brown_Pelican_0097_93767.jpg,dinov3,0.7787234042553192,0.875,0.9469844102859497,0.0,0.014174367301166058,0.1871611926020408
100.Brown_Pelican/Brown_Pelican_0095_94290.jpg,dinov3,0.7740112994350282,0.2555970149253731,0.9668408036231995,0.0,0.004033707082271576,0.13636001275510204
100.Brown_Pelican/Brown_Pelican_0073_94823.jpg,dinov3,0.5306122448979592,0.17607223476297967,0.9579851031303406,0.0,0.009211118333041668,0.0764907525510204
100.Brown_Pelican/Brown_Pelican_0003_94427.jpg,dinov3,0.8615384615384616,0.21031746031746032,0.9518617391586304,0.0,0.030432073399424553,0.16924426020408162
100.Brown_Pelican/Brown_Pelican_0049_94598.jpg,dinov3,0.8064516129032258,0.30120481927710846,0.9711315631866455,0.0,0.004760362673550844,0.11894132653061225
101.White_Pelican/White_Pelican_0066_95495.jpg,dinov3,0.25321100917431194,0.23115577889447236,0.9453332424163818,0.0,0.060920681804418564,0.1377551020408163
101.White_Pelican/White_Pelican_0083_95840.jpg,dinov3,0.30973451327433627,0.1936813186813187,0.9576359987258911,0.0,0.034414906054735184,0.1379344706632653
102.Western_Wood_Pewee/Western_Wood_Pewee_0062_98123.jpg,dinov3,0.23893805309734514,0.0,0.9495392441749573,0.0,0.023054463788866997,0.02889827806122449
102.Western_Wood_Pewee/Western_Wood_Pewee_0017_795041.jpg,dinov3,0.8333333333333334,0.9183673469387755,0.9559487104415894,0.0,0.012707691639661789,0.13331074617346939
102.Western_Wood_Pewee/Western_Wood_Pewee_0073_795044.jpg,dinov3,0.5576923076923077,0.2600896860986547,0.9569776654243469,0.0,0.015335790812969208,0.11501514668367346
102.Western_Wood_Pewee/Western_Wood_Pewee_0019_795046.jpg,dinov3,0.8221476510067114,0.8921933085501859,0.9556246995925903,0.0,0.02347373776137829,0.23887914540816327
102.Western_Wood_Pewee/Western_Wood_Pewee_0051_98206.jpg,dinov3,0.7142857142857143,0.0,0.9479786157608032,0.0,0.06881120055913925,0.07033242984693877
103.Sayornis/Sayornis_0022_98308.jpg,dinov3,0.5179856115107914,0.140625,0.9659994840621948,0.0,0.011807063594460487,0.07174744897959184
103.Sayornis/Sayornis_0115_99335.jpg,dinov3,0.11842105263157894,0.04945054945054945,0.9764729142189026,0.0,0.008927684277296066,0.028380102040816327
103.Sayornis/Sayornis_0080_98518.jpg,dinov3,0.8659217877094972,0.5789473684210527,0.9679319858551025,0.0,0.009249050170183182,0.1476203762755102
104.American_Pipit/American_Pipit_0010_99843.jpg,dinov3,0.36666666666666664,0.05850091407678245,0.926281213760376,0.0,0.025526396930217743,0.035654496173469385
104.American_Pipit/American_Pipit_0072_99631.jpg,dinov3,0.676923076923077,0.005016722408026756,0.9648485779762268,0.0,0.05138213559985161,0.04496173469387755
104.American_Pipit/American_Pipit_0104_100147.jpg,dinov3,0.7105263157894737,0.07657657657657657,0.9596020579338074,0.0,0.0392598956823349,0.05707908163265306
104.American_Pipit/American_Pipit_0035_100181.jpg,dinov3,0.12203389830508475,0.013215859030837005,0.9582578539848328,0.0,0.01786757819354534,0.03728874362244898
104.American_Pipit/American_Pipit_0066_99961.jpg,dinov3,0.9090909090909091,0.21541501976284586,0.9369238615036011,0.0,0.07578641921281815,0.10728236607142858
104.American_Pipit/American_Pipit_0091_100276.jpg,dinov3,0.75,0.04195804195804196,0.9595794677734375,0.0,0.04495106637477875,0.08444276147959184
104.American_Pipit/American_Pipit_0041_100060.jpg,dinov3,0.009433962264150943,0.0033783783783783786,0.9612704515457153,0.0,0.028213508427143097,0.04047751913265306
105.Whip_poor_Will/Whip_Poor_Will_0028_796421.jpg,dinov3,0.6104417670682731,0.194125159642401,0.9320907592773438,0.0,0.051755309104919434,0.15254304846938777
105.Whip_poor_Will/Whip_Poor_Will_0045_796422.jpg,dinov3,0.35294117647058826,0.3499005964214712,0.950483500957489,0.0,0.027980118989944458,0.17795360331632654
105.Whip_poor_Will/Whip_Poor_Will_0002_796427.jpg,dinov3,0.7798165137614679,0.4325581395348837,0.9233638048171997,0.0,0.045505546033382416,0.19899952168367346
105.Whip_poor_Will/Whip_Poor_Will_0041_796428.jpg,dinov3,0.8901515151515151,0.9392712550607287,0.9551510810852051,0.0,0.022532222792506218,0.22969148596938777
105.Whip_poor_Will/Whip_Poor_Will_0015_796435.jpg,dinov3,0.5364238410596026,0.1431095406360424,0.9440970420837402,0.0,0.02609620802104473,0.07900191326530612
105.Whip_poor_Will/Whip_Poor_Will_0027_796441.jpg,dinov3,0.36036036036036034,0.35469107551487417,0.9587855339050293,0.0,0.02534778229892254,0.15507413903061223
106.Horned_Puffin/Horned_Puffin_0050_100645.jpg,dinov3,0.632183908045977,0.26004728132387706,0.952961802482605,0.0,0.059305012226104736,0.1073421556122449
106.Horned_Puffin/Horned_Puffin_0075_100664.jpg,dinov3,0.19756838905775076,0.0030721966205837174,0.9675662517547607,0.0,0.007374408654868603,0.06275908801020408
106.Horned_Puffin/Horned_Puffin_0073_100830.jpg,dinov3,0.296,0.06434782608695652,0.9704604148864746,0.0,0.014864127151668072,0.03479751275510204
107.Common_Raven/Common_Raven_0070_101896.jpg,dinov3,0.8895705521472392,0.31497797356828194,0.9459389448165894,0.0,0.022870458662509918,0.14084422831632654
107.Common_Raven/Common_Raven_0024_101394.jpg,dinov3,0.8489208633093526,0.8708487084870848,0.9641793966293335,0.0,0.008696760050952435,0.2313855229591837
107.Common_Raven/Common_Raven_0107_101412.jpg,dinov3,0.8913043478260869,0.874439461883408,0.9514151811599731,0.0,0.02105441875755787,0.21368781887755103
107.Common_Raven/Common_Raven_0075_102530.jpg,dinov3,0.9253731343283582,0.9612403100775194,0.963716983795166,0.0,0.05132022872567177,0.12007732780612244
107.Common_Raven/Common_Raven_0093_102058.jpg,dinov3,0.8571428571428571,0.2453125,0.9518998265266418,0.0,0.014093737117946148,0.1564094387755102
107.Common_Raven/Common_Raven_0129_102094.jpg,dinov3,0.8275862068965517,0.8090277777777778,0.9589085578918457,0.0,0.029488105326890945,0.267398756377551
107.Common_Raven/Common_Raven_0018_101713.jpg,dinov3,0.8011049723756906,0.06925207756232687,0.9373633861541748,0.0,0.03951183706521988,0.16312579719387754
107.Common_Raven/Common_Raven_0015_101364.jpg,dinov3,0.6818181818181818,0.38589981447124305,0.9415894150733948,0.0,0.023648928850889206,0.2093829719387755
108.White_necked_Raven/White_Necked_Raven_0034_102598.jpg,dinov3,0.8687258687258688,0.9294605809128631,0.9522175788879395,0.0,0.0147677818313241,0.2235530931122449
108.White_necked_Raven/White_Necked_Raven_0037_102734.jpg,dinov3,0.05219206680584551,0.0035211267605633804,0.9478310942649841,0.00390625,0.03363722562789917,0.02716438137755102
108.White_necked_Raven/White_Necked_Raven_0029_797349.jpg,dinov3,0.0,0.0,0.9493206739425659,0.0,0.01933087594807148,0.06879783163265306
108.White_necked_Raven/White_Necked_Raven_0057_797358.jpg,dinov3,0.8613861386138614,0.0,0.9308784604072571,0.0,0.06057983636856079,0.08591757015306123
108.White_necked_Raven/White_Necked_Raven_0043_797363.jpg,dinov3,0.9026548672566371,0.25061425061425063,0.944543719291687,0.0,0.03705932945013046,0.10447225765306123
108.White_necked_Raven/White_Necked_Raven_0060_797365.jpg,dinov3,0.915068493150685,0.8347578347578347,0.9381470680236816,0.0,0.02421896904706955,0.33816964285714285
108.White_necked_Raven/White_Necked_Raven_0064_797378.jpg,dinov3,0.29906542056074764,0.001394700139470014,0.9576575756072998,0.0078125,0.0324113555252552,0.03099091198979592
108.White_necked_Raven/White_Necked_Raven_0070_102645.jpg,dinov3,0.9358490566037736,0.87109375,0.9427019357681274,0.0,0.033044006675481796,0.24045360331632654
109.American_Redstart/American_Redstart_0122_103102.jpg,dinov3,0.8048780487804879,0.315136476426799,0.9504993557929993,0.0,0.008190527558326721,0.1347058354591837
109.American_Redstart/American_Redstart_0088_103892.jpg,dinov3,0.8055555555555556,0.03614457831325301,0.9263579845428467,0.0,0.029988542199134827,0.11495535714285714
110.Geococcyx/Geococcyx_0050_104506.jpg,dinov3,0.12844036697247707,0.046703296703296704,0.9377360939979553,0.0,0.03585140034556389,0.08095503826530612
110.Geococcyx/Geococcyx_0137_104693.jpg,dinov3,0.8823529411764706,0.8228346456692913,0.9553771615028381,0.0,0.01739058457314968,0.20850605867346939
110.Geococcyx/Geococcyx_0033_104195.jpg,dinov3,0.8556149732620321,0.27906976744186046,0.9574713706970215,0.0,0.046638619154691696,0.15431680484693877
111.Loggerhead_Shrike/Loggerhead_Shrike_0059_106086.jpg,dinov3,0.4,0.0,0.9627761840820312,0.0,0.03035912849009037,0.037607621173469385
111.Loggerhead_Shrike/Loggerhead_Shrike_0118_105157.jpg,dinov3,0.9448818897637795,0.8540925266903915,0.9333051443099976,0.0,0.050231900066137314,0.23582987882653061
112.Great_Grey_Shrike/Great_Grey_Shrike_0048_106754.jpg,dinov3,0.25263157894736843,0.03815580286168521,0.9628946781158447,0.0,0.02412104234099388,0.026068239795918366
112.Great_Grey_Shrike/Great_Grey_Shrike_0039_797015.jpg,dinov3,0.927536231884058,0.8805970149253731,0.9651799201965332,0.0,0.010816900990903378,0.12952407525510204
112.Great_Grey_Shrike/Great_Grey_Shrike_0010_797023.jpg,dinov3,0.6270270270270271,0.22393822393822393,0.9653122425079346,0.0,0.012878891080617905,0.11792490433673469
112.Great_Grey_Shrike/Great_Grey_Shrike_0085_797037.jpg,dinov3,0.5975609756097561,0.0,0.9590184688568115,0.0,0.0061867088079452515,0.051060267857142856
112.Great_Grey_Shrike/Great_Grey_Shrike_0062_106628.jpg,dinov3,0.7539267015706806,0.8089887640449438,0.953853964805603,0.0,0.011879554018378258,0.15220424107142858
113.Baird_Sparrow/Baird_Sparrow_0005_794565.jpg,dinov3,0.78125,0.1497005988023952,0.9638347625732422,0.0,0.009423315525054932,0.09879225127551021
113.Baird_Sparrow/Baird_Sparrow_0004_794568.jpg,dinov3,0.4005167958656331,0.0,0.9474776387214661,0.0,0.01717708446085453,0.1543566645408163
113.Baird_Sparrow/Baird_Sparrow_0015_794573.jpg,dinov3,0.7463054187192119,0.8913043478260869,0.9353122711181641,0.0,0.07500059902667999,0.30996890943877553
114.Black_throated_Sparrow/Black_Throated_Sparrow_0003_107035.jpg,dinov3,0.85,0.8717948717948718,0.9581060409545898,0.0,0.06146400049328804,0.11156728316326531
114.Black_throated_Sparrow/Black_Throated_Sparrow_0074_107113.jpg,dinov3,0.7532467532467533,0.3405088062622309,0.9630881547927856,0.0,0.014009473845362663,0.16932397959183673
114.Black_throated_Sparrow/Black_Throated_Sparrow_0098_107138.jpg,dinov3,0.7043478260869566,0.14010507880910683,0.9352601766586304,0.0,0.026655282825231552,0.08486128826530612
114.Black_throated_Sparrow/Black_Throated_Sparrow_0076_106995.jpg,dinov3,0.9196428571428571,0.2647814910025707,0.9370572566986084,0.0,0.020747466012835503,0.09976881377551021
114.Black_throated_Sparrow/Black_Throated_Sparrow_0039_107259.jpg,dinov3,0.9139784946236559,0.8864864864864865,0.9531557559967041,0.0,0.09096263349056244,0.1745655293367347
115.Brewer_Sparrow/Brewer_Sparrow_0034_796693.jpg,dinov3,0.9340659340659341,0.9318181818181818,0.9402347803115845,0.0,0.0561538003385067,0.16432158801020408
115.Brewer_Sparrow/Brewer_Sparrow_0044_796698.jpg,dinov3,0.24615384615384617,0.08807339449541285,0.9636721611022949,0.0,0.014372581616044044,0.04466278698979592
115.Brewer_Sparrow/Brewer_Sparrow_0010_796716.jpg,dinov3,0.8746803069053708,0.8726790450928382,0.9590153694152832,0.0,0.027377218008041382,0.3591159119897959
115.Brewer_Sparrow/Brewer_Sparrow_0024_107439.jpg,dinov3,0.8728070175438597,0.5246753246753246,0.930473804473877,0.0,0.04348132014274597,0.1954719387755102
115.Brewer_Sparrow/Brewer_Sparrow_0050_107460.jpg,dinov3,0.6982248520710059,0.2316831683168317,0.9625051021575928,0.0,0.005946180783212185,0.1192203443877551
116.Chipping_Sparrow/Chipping_Sparrow_0096_109853.jpg,dinov3,0.0,0.17986798679867988,0.9448370933532715,0.0,0.056477684527635574,0.10570790816326531
116.Chipping_Sparrow/Chipping_Sparrow_0022_107825.jpg,dinov3,0.18906605922551253,0.18906605922551253,0.9461519718170166,0.0,0.024716030806303024,0.07898198341836735
116.Chipping_Sparrow/Chipping_Sparrow_0052_109874.jpg,dinov3,0.9163636363636364,0.5764966740576497,0.9598058462142944,0.0,0.01372724212706089,0.25271045918367346
116.Chipping_Sparrow/Chipping_Sparrow_0062_110187.jpg,dinov3,0.4918918918918919,0.0,0.9506060481071472,0.0,0.01662471517920494,0.08892697704081633
116.Chipping_Sparrow/Chipping_Sparrow_0103_109529.jpg,dinov3,0.20771513353115728,0.08075370121130551,0.9667927622795105,0.0,0.00896159652620554,0.07144850127551021
117.Clay_colored_Sparrow/Clay_Colored_Sparrow_0001_110632.jpg,dinov3,0.7936507936507936,0.7950819672131147,0.9566550850868225,0.0,0.09811923652887344,0.10208067602040816
117.Clay_colored_Sparrow/Clay_Colored_Sparrow_0048_110653.jpg,dinov3,0.21296296296296297,0.17209302325581396,0.9336313009262085,0.0,0.05478249490261078,0.045818718112244895
117.Clay_colored_Sparrow/Clay_Colored_Sparrow_0094_797250.jpg,dinov3,0.8125,0.7377049180327869,0.9575711488723755,0.0,0.01621493510901928,0.2705875318877551
117.Clay_colored_Sparrow/Clay_Colored_Sparrow_0075_797251.jpg,dinov3,0.7851851851851852,0.004739336492890996,0.9650380611419678,0.0,0.023861268535256386,0.10678411989795919
117.Clay_colored_Sparrow/Clay_Colored_Sparrow_0068_110706.jpg,dinov3,0.8207547169811321,0.17721518987341772,0.9489527940750122,0.0,0.059902727603912354,0.08695392219387756
117.Clay_colored_Sparrow/Clay_Colored_Sparrow_0073_110718.jpg,dinov3,0.8732394366197183,0.8686131386861314,0.9423830509185791,0.0,0.03752927854657173,0.2582509566326531
118.House_Sparrow/House_Sparrow_0125_111130.jpg,dinov3,0.8333333333333334,0.003968253968253968,0.9583591222763062,0.0,0.02697553113102913,0.12418287627551021
118.House_Sparrow/House_Sparrow_0025_111669.jpg,dinov3,0.9053254437869822,0.8860759493670886,0.9330192804336548,0.0,0.0651048794388771,0.1512874681122449
118.House_Sparrow/House_Sparrow_0084_111300.jpg,dinov3,0.7700534759358288,0.17713365539452497,0.9577363133430481,0.0,0.012095593847334385,0.1390106823979592
118.House_Sparrow/House_Sparrow_0036_112847.jpg,dinov3,0.8285714285714286,0.15818181818181817,0.948589563369751,0.0,0.012192388996481895,0.0897640306122449
118.House_Sparrow/House_Sparrow_0015_111085.jpg,dinov3,0.7862068965517242,0.7702702702702703,0.9271853566169739,0.0,0.05762239545583725,0.11631058673469388
118.House_Sparrow/House_Sparrow_0049_110976.jpg,dinov3,0.7477477477477478,0.22701149425287356,0.93990159034729,0.0,0.04567866027355194,0.08890704719387756
118.House_Sparrow/House_Sparrow_0098_111073.jpg,dinov3,0.6071428571428571,0.05722460658082976,0.9644516706466675,0.0,0.023643653839826584,0.06732302295918367
119.Field_Sparrow/Field_Sparrow_0120_113953.jpg,dinov3,0.4158415841584158,0.0,0.9302878975868225,0.0,0.03381601348519325,0.04127471301020408
119.Field_Sparrow/Field_Sparrow_0067_113448.jpg,dinov3,0.8260869565217391,0.09764309764309764,0.9431300163269043,0.0,0.036518584936857224,0.05624202806122449
119.Field_Sparrow/Field_Sparrow_0129_113748.jpg,dinov3,0.865546218487395,0.8235294117647058,0.9438385963439941,0.0,0.05639218911528587,0.1104312818877551
119.Field_Sparrow/Field_Sparrow_0123_113847.jpg,dinov3,0.01366120218579235,0.011111111111111112,0.9430129528045654,0.0,0.033688098192214966,0.05943080357142857
119.Field_Sparrow/Field_Sparrow_0090_113613.jpg,dinov3,0.8431372549019608,0.8581560283687943,0.9492956399917603,0.0,0.02021854557096958,0.1326530612244898
120.Fox_Sparrow/Fox_Sparrow_0022_115248.jpg,dinov3,0.6264367816091954,0.36551724137931035,0.9429711103439331,0.0,0.027721762657165527,0.10760124362244898
120.Fox_Sparrow/Fox_Sparrow_0083_114496.jpg,dinov3,0.8467741935483871,0.1911504424778761,0.9419159293174744,0.0,0.05293620377779007,0.11071029974489796
121.Grasshopper_Sparrow/Grasshopper_Sparrow_0117_115983.jpg,dinov3,0.8830645161290323,0.9041666666666667,0.9555227756500244,0.0,0.007393973413854837,0.2180125956632653
121.Grasshopper_Sparrow/Grasshopper_Sparrow_0075_116260.jpg,dinov3,0.2857142857142857,0.0,0.9603217840194702,0.0,0.006392883136868477,0.044064891581632654
121.Grasshopper_Sparrow/Grasshopper_Sparrow_0082_116300.jpg,dinov3,0.3181818181818182,0.11819887429643527,0.9685698747634888,0.0,0.00612484710291028,0.062220982142857144
121.Grasshopper_Sparrow/Grasshopper_Sparrow_0116_116066.jpg,dinov3,0.9050279329608939,0.9085714285714286,0.9403985738754272,0.0,0.06899500638246536,0.17157605229591838
121.Grasshopper_Sparrow/Grasshopper_Sparrow_0049_115918.jpg,dinov3,0.7853658536585366,0.19030732860520094,0.9576712846755981,0.0,0.009040528908371925,0.16507892219387754
121.Grasshopper_Sparrow/Grasshopper_Sparrow_0051_115923.jpg,dinov3,0.5288461538461539,0.0,0.9684778451919556,0.0,0.00807769875973463,0.054607780612244895
122.Harris_Sparrow/Harris_Sparrow_0007_116484.jpg,dinov3,0.87248322147651,0.2658486707566462,0.9562275409698486,0.0,0.03649403154850006,0.13221460459183673
122.Harris_Sparrow/Harris_Sparrow_0004_116581.jpg,dinov3,0.4189189189189189,0.04792332268370607,0.9609354734420776,0.0,0.0626697912812233,0.03278459821428571
122.Harris_Sparrow/Harris_Sparrow_0045_116603.jpg,dinov3,0.8944723618090452,0.4959349593495935,0.9546735286712646,0.0,0.02090243622660637,0.18030532525510204
122.Harris_Sparrow/Harris_Sparrow_0059_116608.jpg,dinov3,0.9226190476190477,0.9320987654320988,0.9421439170837402,0.0,0.019549043849110603,0.1543566645408163
122.Harris_Sparrow/Harris_Sparrow_0067_116707.jpg,dinov3,0.883495145631068,0.9217687074829932,0.9432462453842163,0.0,0.04029405117034912,0.2665218431122449
123.Henslow_Sparrow/Henslow_Sparrow_0043_116756.jpg,dinov3,0.7739130434782608,0.16483516483516483,0.9234416484832764,0.0078125,0.05646122992038727,0.09231505102040816
123.Henslow_Sparrow/Henslow_Sparrow_0104_796541.jpg,dinov3,0.7159090909090909,0.3105134474327628,0.9609934091567993,0.0,0.006871126592159271,0.12244897959183673
123.Henslow_Sparrow/Henslow_Sparrow_0040_116882.jpg,dinov3,0.8780487804878049,0.17320261437908496,0.9578216075897217,0.0,0.008991693146526814,0.10718271683673469
123.Henslow_Sparrow/Henslow_Sparrow_0013_796578.jpg,dinov3,0.8808777429467085,0.8622950819672132,0.9441304206848145,0.0,0.012801328673958778,0.290836256377551
123.Henslow_Sparrow/Henslow_Sparrow_0010_796600.jpg,dinov3,0.7441860465116279,0.22429906542056074,0.9698207378387451,0.0,0.006670833565294743,0.09673947704081633
124.Le_Conte_Sparrow/Le_Conte_Sparrow_0050_795143.jpg,dinov3,0.8589743589743589,0.25142857142857145,0.936888575553894,0.0,0.03224574029445648,0.1277702487244898
124.Le_Conte_Sparrow/Le_Conte_Sparrow_0023_795156.jpg,dinov3,0.8120300751879699,0.8842975206611571,0.9516122341156006,0.0,0.012605908326804638,0.11264349489795919
124.Le_Conte_Sparrow/Le_Conte_Sparrow_0086_795170.jpg,dinov3,0.9192307692307692,0.8841698841698842,0.9487343430519104,0.0,0.07811276614665985,0.25679607780612246
124.Le_Conte_Sparrow/Le_Conte_Sparrow_0013_795176.jpg,dinov3,0.8848920863309353,0.2361111111111111,0.9602981805801392,0.0,0.016945872455835342,0.12458147321428571
124.Le_Conte_Sparrow/Le_Conte_Sparrow_0012_795211.jpg,dinov3,0.8910256410256411,0.2672897196261682,0.9654766321182251,0.0,0.019273733720183372,0.14156170280612246
124.Le_Conte_Sparrow/Le_Conte_Sparrow_0046_795227.jpg,dinov3,0.7272727272727273,0.0,0.9509214162826538,0.0,0.02327200584113598,0.07260443239795919
125.Lincoln_Sparrow/Lincoln_Sparrow_0033_117303.jpg,dinov3,0.9296875,0.26681614349775784,0.9210600256919861,0.0,0.029761619865894318,0.11645009566326531
125.Lincoln_Sparrow/Lincoln_Sparrow_0017_117432.jpg,dinov3,0.8627450980392157,0.37777777777777777,0.9583009481430054,0.0,0.03613857924938202,0.09303252551020408
125.Lincoln_Sparrow/Lincoln_Sparrow_0099_117482.jpg,dinov3,0.8794326241134752,0.2647058823529412,0.9498935341835022,0.0,0.03285922110080719,0.11720742984693877
125.Lincoln_Sparrow/Lincoln_Sparrow_0055_117506.jpg,dinov3,0.7969543147208121,0.7880434782608695,0.9378972053527832,0.0,0.02257009595632553,0.17458545918367346
125.Lincoln_Sparrow/Lincoln_Sparrow_0052_117521.jpg,dinov3,0.8450704225352113,0.7681159420289855,0.9428648948669434,0.0,0.028088480234146118,0.1309390943877551
125.Lincoln_Sparrow/Lincoln_Sparrow_0045_117547.jpg,dinov3,0.8571428571428571,0.21627408993576017,0.9496266841888428,0.0,0.05797658488154411,0.10459183673469388
126.Nelson_Sharp_tailed_Sparrow/Nelson_Sharp_Tailed_Sparrow_0044_796932.jpg,dinov3,0.7793427230046949,0.7169811320754716,0.9386205077171326,0.0,0.04587632790207863,0.17891023596938777
126.Nelson_Sharp_tailed_Sparrow/Nelson_Sharp_Tailed_Sparrow_0035_796924.jpg,dinov3,0.847682119205298,0.8309859154929577,0.9466137886047363,0.0,0.03022531233727932,0.1315967793367347
126.Nelson_Sharp_tailed_Sparrow/Nelson_Sharp_Tailed_Sparrow_0070_796925.jpg,dinov3,0.832258064516129,0.8571428571428571,0.9432826638221741,0.0,0.029266005381941795,0.13554288903061223
127.Savannah_Sparrow/Savannah_Sparrow_0048_120321.jpg,dinov3,0.905982905982906,0.14324324324324325,0.964242696762085,0.0,0.025540458038449287,0.10453204719387756
127.Savannah_Sparrow/Savannah_Sparrow_0131_119946.jpg,dinov3,0.8662790697674418,0.8666666666666667,0.9649264812469482,0.0,0.008327274583280087,0.15204480229591838
127.Savannah_Sparrow/Savannah_Sparrow_0139_119444.jpg,dinov3,0.002136752136752137,0.0030959752321981426,0.9693743586540222,0.0,0.01611034944653511,0.05630181760204082
127.Savannah_Sparrow/Savannah_Sparrow_0035_120099.jpg,dinov3,0.8846153846153846,0.11904761904761904,0.9622793197631836,0.0,0.04489423707127571,0.09434789540816327
127.Savannah_Sparrow/Savannah_Sparrow_0051_118574.jpg,dinov3,0.8450704225352113,0.01107011070110701,0.964738130569458,0.0,0.04817136004567146,0.06513073979591837
127.Savannah_Sparrow/Savannah_Sparrow_0135_119620.jpg,dinov3,0.46551724137931033,0.07573632538569425,0.9692715406417847,0.0,0.015656568109989166,0.05347177933673469
127.Savannah_Sparrow/Savannah_Sparrow_0095_119670.jpg,dinov3,0.8095238095238095,0.22972972972972974,0.9604450464248657,0.0,0.01006853487342596,0.11818399234693877
127.Savannah_Sparrow/Savannah_Sparrow_0019_118200.jpg,dinov3,0.8870967741935484,0.15273775216138327,0.9653471112251282,0.0,0.03226841241121292,0.10447225765306123
127.Savannah_Sparrow/Savannah_Sparrow_0093_118267.jpg,dinov3,0.7846153846153846,0.44298245614035087,0.9579159617424011,0.0,0.007232199423015118,0.10042649872448979
128.Seaside_Sparrow/Seaside_Sparrow_0052_796498.jpg,dinov3,0.9,0.296875,0.9512250423431396,0.0,0.02550773322582245,0.1340282206632653
128.Seaside_Sparrow/Seaside_Sparrow_0065_796504.jpg,dinov3,0.8283582089552238,0.05362776025236593,0.9351019263267517,0.0,0.03037911094725132,0.11684869260204081
128.Seaside_Sparrow/Seaside_Sparrow_0033_796506.jpg,dinov3,0.8543046357615894,0.8652482269503546,0.9505746364593506,0.0,0.0323147214949131,0.14048549107142858
128.Seaside_Sparrow/Seaside_Sparrow_0068_796515.jpg,dinov3,0.4444444444444444,0.06881720430107527,0.9494253396987915,0.0,0.02534409426152706,0.034478635204081634
128.Seaside_Sparrow/Seaside_Sparrow_0037_796531.jpg,dinov3,0.8679245283018868,0.42395437262357416,0.9449970722198486,0.0,0.03779487684369087,0.23405612244897958
128.Seaside_Sparrow/Seaside_Sparrow_0059_120794.jpg,dinov3,0.8072289156626506,0.18559556786703602,0.9497090578079224,0.0,0.0430927574634552,0.06911670918367346
128.Seaside_Sparrow/Seaside_Sparrow_0069_120700.jpg,dinov3,0.6692913385826772,0.2174757281553398,0.946115255355835,0.0,0.034475237131118774,0.1162109375
128.Seaside_Sparrow/Seaside_Sparrow_0029_120828.jpg,dinov3,0.6470588235294118,0.1751054852320675,0.9389106035232544,0.0,0.058830730617046356,0.08717315051020408
129.Song_Sparrow/Song_Sparrow_0009_121025.jpg,dinov3,0.8044692737430168,0.3723958333333333,0.9538373947143555,0.0,0.014614619314670563,0.14247847576530612
129.Song_Sparrow/Song_Sparrow_0080_121033.jpg,dinov3,0.6753246753246753,0.0,0.9439470767974854,0.0,0.019864100962877274,0.0517578125
129.Song_Sparrow/Song_Sparrow_0037_121078.jpg,dinov3,0.7025641025641025,0.732620320855615,0.9580702781677246,0.0,0.007342458236962557,0.14341517857142858
129.Song_Sparrow/Song_Sparrow_0096_121313.jpg,dinov3,0.7525773195876289,0.10719530102790015,0.9667924642562866,0.0,0.024384088814258575,0.07569355867346939
129.Song_Sparrow/Song_Sparrow_0108_121327.jpg,dinov3,0.9214285714285714,0.9136690647482014,0.9611192345619202,0.0,0.06052568182349205,0.13313137755102042
130.Tree_Sparrow/Tree_Sparrow_0042_124512.jpg,dinov3,0.8944099378881988,0.8853503184713376,0.9471992254257202,0.0,0.011657203547656536,0.15286192602040816
130.Tree_Sparrow/Tree_Sparrow_0015_125105.jpg,dinov3,0.88125,0.7106598984771574,0.9320573806762695,0.0,0.0439043864607811,0.14104352678571427
130.Tree_Sparrow/Tree_Sparrow_0058_123591.jpg,dinov3,0.7419354838709677,0.2684563758389262,0.9446536302566528,0.0,0.013202108442783356,0.15666852678571427
130.Tree_Sparrow/Tree_Sparrow_0068_125230.jpg,dinov3,0.78099173553719,0.8193832599118943,0.956894040107727,0.0,0.029761992394924164,0.19013073979591838
130.Tree_Sparrow/Tree_Sparrow_0073_123871.jpg,dinov3,0.8421052631578947,0.01549053356282272,0.9536462426185608,0.0,0.051233526319265366,0.10857780612244898
131.Vesper_Sparrow/Vesper_Sparrow_0083_125718.jpg,dinov3,0.8292682926829268,0.1875,0.9391806125640869,0.0,0.027726132422685623,0.13749601403061223
131.Vesper_Sparrow/Vesper_Sparrow_0023_125465.jpg,dinov3,0.6962025316455697,0.2018348623853211,0.960879921913147,0.0,0.00968676246702671,0.10899633290816327
131.Vesper_Sparrow/Vesper_Sparrow_0004_125787.jpg,dinov3,0.7307692307692307,0.8951048951048951,0.9570786952972412,0.0,0.007220071274787188,0.1326530612244898
131.Vesper_Sparrow/Vesper_Sparrow_0058_125661.jpg,dinov3,0.7094972067039106,0.8794326241134752,0.9609682559967041,0.0,0.00992502924054861,0.12950414540816327
131.Vesper_Sparrow/Vesper_Sparrow_0030_125663.jpg,dinov3,0.6727272727272727,0.0,0.9710183143615723,0.0,0.010662736371159554,0.03842474489795918
131.Vesper_Sparrow/Vesper_Sparrow_0003_125427.jpg,dinov3,0.7096774193548387,0.0,0.9403362274169922,0.0,0.13266412913799286,0.04900749362244898
131.Vesper_Sparrow/Vesper_Sparrow_0067_125429.jpg,dinov3,0.6363636363636364,0.0,0.9588430523872375,0.0,0.01204545609652996,0.06676498724489796
132.White_crowned_Sparrow/White_Crowned_Sparrow_0047_127575.jpg,dinov3,0.6473829201101928,0.9259259259259259,0.9396432638168335,0.0,0.049622274935245514,0.23596938775510204
132.White_crowned_Sparrow/White_Crowned_Sparrow_0098_127019.jpg,dinov3,0.850828729281768,0.40105540897097625,0.9623807668685913,0.0,0.012315642088651657,0.1505500637755102
132.White_crowned_Sparrow/White_Crowned_Sparrow_0093_126531.jpg,dinov3,0.5915492957746479,0.0,0.9571290016174316,0.0,0.07283942401409149,0.04538026147959184
132.White_crowned_Sparrow/White_Crowned_Sparrow_0102_127708.jpg,dinov3,0.36312849162011174,0.34594594594594597,0.9692337512969971,0.0,0.00991165079176426,0.06283880739795919
132.White_crowned_Sparrow/White_Crowned_Sparrow_0054_126068.jpg,dinov3,0.9579439252336449,0.957345971563981,0.9536300301551819,0.0,0.016839586198329926,0.20184948979591838
132.White_crowned_Sparrow/White_Crowned_Sparrow_0049_128311.jpg,dinov3,0.8951048951048951,0.0012903225806451613,0.9507289528846741,0.0,0.05002425238490105,0.12585698341836735
132.White_crowned_Sparrow/White_Crowned_Sparrow_0044_127386.jpg,dinov3,0.8974358974358975,0.9070796460176991,0.9431750774383545,0.0,0.03321494162082672,0.21498325892857142
132.White_crowned_Sparrow/White_Crowned_Sparrow_0031_126457.jpg,dinov3,0.8888888888888888,0.8547486033519553,0.9490797519683838,0.0,0.06373565644025803,0.17532286352040816
133.White_throated_Sparrow/White_Throated_Sparrow_0078_129041.jpg,dinov3,0.8892857142857142,0.446360153256705,0.9488353729248047,0.0,0.033305130898952484,0.24842554209183673
133.White_throated_Sparrow/White_Throated_Sparrow_0107_129046.jpg,dinov3,0.8955223880597015,0.92,0.9375495910644531,0.0,0.04615814611315727,0.11987802933673469
133.White_throated_Sparrow/White_Throated_Sparrow_0082_129048.jpg,dinov3,0.9298245614035088,0.775609756097561,0.9278697371482849,0.0,0.048334237188100815,0.15816326530612246
133.White_throated_Sparrow/White_Throated_Sparrow_0014_129148.jpg,dinov3,0.8753993610223643,0.8310344827586207,0.9556987285614014,0.0,0.012024948373436928,0.27774234693877553
133.White_throated_Sparrow/White_Throated_Sparrow_0132_128833.jpg,dinov3,0.4444444444444444,0.0,0.9472650289535522,0.0,0.02937469817698002,0.05098054846938776
133.White_throated_Sparrow/White_Throated_Sparrow_0038_128853.jpg,dinov3,0.5102040816326531,0.0928030303030303,0.9659460186958313,0.0,0.00607916759327054,0.05255500637755102
133.White_throated_Sparrow/White_Throated_Sparrow_0007_128918.jpg,dinov3,0.8571428571428571,0.09064327485380116,0.9432027339935303,0.0,0.04492850974202156,0.06253985969387756
133.White_throated_Sparrow/White_Throated_Sparrow_0047_129014.jpg,dinov3,0.9136690647482014,0.9618320610687023,0.9373941421508789,0.0,0.08616873621940613,0.12400350765306123
133.White_throated_Sparrow/White_Throated_Sparrow_0033_129016.jpg,dinov3,0.8333333333333334,0.1718146718146718,0.9384338855743408,0.0,0.02598368003964424,0.09301259566326531
134.Cape_Glossy_Starling/Cape_Glossy_Starling_0002_129310.jpg,dinov3,0.9069767441860465,0.2619589977220957,0.9506278038024902,0.0,0.05313628539443016,0.11623086734693877
134.Cape_Glossy_Starling/Cape_Glossy_Starling_0025_129341.jpg,dinov3,0.6454545454545455,0.5089605734767025,0.9538183212280273,0.0,0.00879791472107172,0.13905054209183673
134.Cape_Glossy_Starling/Cape_Glossy_Starling_0098_129365.jpg,dinov3,0.8917525773195877,0.9184782608695652,0.9559726715087891,0.0,0.012054071761667728,0.16944355867346939
134.Cape_Glossy_Starling/Cape_Glossy_Starling_0079_129399.jpg,dinov3,0.8787878787878788,0.8809523809523809,0.959017813205719,0.0,0.05881400406360626,0.1194595025510204
134.Cape_Glossy_Starling/Cape_Glossy_Starling_0099_129412.jpg,dinov3,0.793939393939394,0.21775544388609716,0.9509285688400269,0.0,0.03431782126426697,0.13245376275510204
134.Cape_Glossy_Starling/Cape_Glossy_Starling_0062_129254.jpg,dinov3,0.8813559322033898,0.15858208955223882,0.9455143213272095,0.0,0.04112997651100159,0.10216039540816327
135.Bank_Swallow/Bank_Swallow_0013_129563.jpg,dinov3,0.6265060240963856,0.16965742251223492,0.9626665115356445,0.0,0.008561721071600914,0.10321667729591837
135.Bank_Swallow/Bank_Swallow_0029_129751.jpg,dinov3,0.8843537414965986,0.483271375464684,0.9522043466567993,0.0,0.021415211260318756,0.1259765625
135.Bank_Swallow/Bank_Swallow_0047_129520.jpg,dinov3,0.6188811188811189,0.3083623693379791,0.969606876373291,0.0,0.02663855254650116,0.17243303571428573
136.Barn_Swallow/Barn_Swallow_0034_130099.jpg,dinov3,0.8387096774193549,0.2906178489702517,0.9508157968521118,0.001953125,0.014073961414396763,0.12541852678571427
136.Barn_Swallow/Barn_Swallow_0014_130403.jpg,dinov3,0.8187919463087249,0.21708185053380782,0.9634377956390381,0.0,0.014248352497816086,0.11866230867346939
136.Barn_Swallow/Barn_Swallow_0062_132755.jpg,dinov3,0.10661764705882353,0.0,0.9515479803085327,0.0,0.016362519934773445,0.061244419642857144
136.Barn_Swallow/Barn_Swallow_0023_130325.jpg,dinov3,0.4302788844621514,0.45689655172413796,0.9596854448318481,0.0,0.011659584939479828,0.11204559948979592
136.Barn_Swallow/Barn_Swallow_0072_130474.jpg,dinov3,0.7603686635944701,0.3008849557522124,0.9561339616775513,0.0,0.015885286033153534,0.1648796237244898
136.Barn_Swallow/Barn_Swallow_0029_132832.jpg,dinov3,0.7112970711297071,0.0011792452830188679,0.9600819945335388,0.0,0.01648171991109848,0.16776945153061223
136.Barn_Swallow/Barn_Swallow_0080_131829.jpg,dinov3,0.09133489461358314,0.08054711246200608,0.958808422088623,0.0,0.022378230467438698,0.0545280612244898
136.Barn_Swallow/Barn_Swallow_0019_130555.jpg,dinov3,0.5961538461538461,0.14027149321266968,0.9527078866958618,0.0,0.011013883166015148,0.06156329719387755
137.Cliff_Swallow/Cliff_Swallow_0012_133527.jpg,dinov3,0.9261213720316622,0.9668508287292817,0.9609998464584351,0.0,0.02247709594666958,0.3469786352040816
137.Cliff_Swallow/Cliff_Swallow_0084_133974.jpg,dinov3,0.19117647058823528,0.0017699115044247787,0.972917377948761,0.0,0.006477705668658018,0.03902264030612245
137.Cliff_Swallow/Cliff_Swallow_0100_133665.jpg,dinov3,0.908,0.5940860215053764,0.9484171867370605,0.0,0.048103589564561844,0.2306281887755102
137.Cliff_Swallow/Cliff_Swallow_0013_133169.jpg,dinov3,0.8773584905660378,0.9526315789473684,0.9613226652145386,0.0,0.006455021910369396,0.18311543367346939
137.Cliff_Swallow/Cliff_Swallow_0038_133701.jpg,dinov3,0.8297872340425532,0.2937853107344633,0.9635893106460571,0.0,0.007320729549974203,0.15058992346938777
137.Cliff_Swallow/Cliff_Swallow_0060_133280.jpg,dinov3,0.9567198177676538,0.9223744292237442,0.9591742753982544,0.0,0.006977379787713289,0.4053531568877551
137.Cliff_Swallow/Cliff_Swallow_0083_133771.jpg,dinov3,0.8505434782608695,0.8179347826086957,0.9604945182800293,0.0,0.011130749247968197,0.30929129464285715
138.Tree_Swallow/Tree_Swallow_0082_135006.jpg,dinov3,0.7672955974842768,0.9104477611940298,0.9552898406982422,0.0,0.008708732202649117,0.12087452168367346
138.Tree_Swallow/Tree_Swallow_0066_135788.jpg,dinov3,0.41274238227146814,0.4166666666666667,0.9592320919036865,0.0,0.012337513267993927,0.14694276147959184
138.Tree_Swallow/Tree_Swallow_0039_135038.jpg,dinov3,0.7070063694267515,0.21428571428571427,0.9647191762924194,0.0,0.008827641606330872,0.11172672193877552
138.Tree_Swallow/Tree_Swallow_0020_136587.jpg,dinov3,0.7022222222222222,0.32098765432098764,0.9635138511657715,0.0,0.006815935019403696,0.1530811543367347
139.Scarlet_Tanager/Scarlet_Tanager_0050_137874.jpg,dinov3,0.6690140845070423,0.5508982035928144,0.9384682178497314,0.0,0.0578300766646862,0.08902662627551021
139.Scarlet_Tanager/Scarlet_Tanager_0008_137607.jpg,dinov3,0.7896825396825397,0.4593967517401392,0.9551200866699219,0.0,0.015560019761323929,0.1880779655612245
139.Scarlet_Tanager/Scarlet_Tanager_0025_138712.jpg,dinov3,0.7083333333333334,0.20059880239520958,0.9257396459579468,0.0,0.025669369846582413,0.06712372448979592
139.Scarlet_Tanager/Scarlet_Tanager_0097_137717.jpg,dinov3,0.8867924528301887,0.22153846153846155,0.9550079107284546,0.0,0.019671587273478508,0.13801419005102042
140.Summer_Tanager/Summer_Tanager_0103_139267.jpg,dinov3,0.9098360655737705,0.03350970017636684,0.9308759570121765,0.0,0.03732429817318916,0.1103515625
140.Summer_Tanager/Summer_Tanager_0052_139804.jpg,dinov3,0.7721518987341772,0.08560311284046693,0.9435480833053589,0.0,0.034997448325157166,0.06297831632653061
140.Summer_Tanager/Summer_Tanager_0127_139297.jpg,dinov3,0.6837606837606838,0.11627906976744186,0.9495018124580383,0.0,0.0266150813549757,0.07696906887755102
140.Summer_Tanager/Summer_Tanager_0062_140633.jpg,dinov3,0.8950276243093923,0.9310344827586207,0.9490818977355957,0.0,0.024835903197526932,0.1573062818877551
140.Summer_Tanager/Summer_Tanager_0069_139941.jpg,dinov3,0.5367647058823529,0.12784588441331,0.9636938571929932,0.0,0.008601383306086063,0.07126913265306123
140.Summer_Tanager/Summer_Tanager_0070_137714.jpg,dinov3,0.9438943894389439,0.9563758389261745,0.9319525957107544,0.0,0.046624742448329926,0.28146922831632654
141.Artic_Tern/Artic_Tern_0093_141880.jpg,dinov3,0.8758169934640523,0.9230769230769231,0.9442846775054932,0.0,0.014623005874454975,0.26331313775510207
141.Artic_Tern/Artic_Tern_0014_141716.jpg,dinov3,0.9421487603305785,0.010341261633919338,0.9472998976707458,0.0,0.054405808448791504,0.11529416454081633
142.Black_Tern/Black_Tern_0107_144661.jpg,dinov3,0.6728971962616822,0.0,0.9558072090148926,0.0,0.01348224189132452,0.08011798469387756
142.Black_Tern/Black_Tern_0102_144344.jpg,dinov3,0.5639097744360902,0.0,0.9760640263557434,0.0,0.003478566650301218,0.07354113520408163
142.Black_Tern/Black_Tern_0012_144091.jpg,dinov3,0.695852534562212,0.44574780058651026,0.9644203186035156,0.0,0.010623564012348652,0.1525829081632653
143.Caspian_Tern/Caspian_Tern_0010_145667.jpg,dinov3,0.6422764227642277,0.019169329073482427,0.9727953672409058,0.0,0.0028610408771783113,0.07268415178571429
143.Caspian_Tern/Caspian_Tern_0048_145672.jpg,dinov3,0.6235294117647059,0.20306513409961685,0.968814492225647,0.0,0.004274711478501558,0.10991310586734694
143.Caspian_Tern/Caspian_Tern_0022_144922.jpg,dinov3,0.7047619047619048,0.13503649635036497,0.9698907732963562,0.0,0.003450003219768405,0.07374043367346939
143.Caspian_Tern/Caspian_Tern_0058_145886.jpg,dinov3,0.8760330578512396,0.01607717041800643,0.9599364995956421,0.0,0.03296570107340813,0.09801498724489796
143.Caspian_Tern/Caspian_Tern_0014_145640.jpg,dinov3,0.8275862068965517,0.018575851393188854,0.9604474306106567,0.0,0.004029641859233379,0.1155532525510204
144.Common_Tern/Common_Tern_0045_150067.jpg,dinov3,0.7943262411347518,0.06514657980456026,0.9682860374450684,0.0,0.008456356823444366,0.11248405612244898
144.Common_Tern/Common_Tern_0092_147779.jpg,dinov3,0.8431372549019608,0.0,0.9661849737167358,0.0,0.0028219192754477262,0.0787826849489796
144.Common_Tern/Common_Tern_0108_149672.jpg,dinov3,0.5981308411214953,0.0,0.969316840171814,0.0,0.004238072317093611,0.06309789540816327
144.Common_Tern/Common_Tern_0044_148680.jpg,dinov3,0.7863247863247863,0.29354838709677417,0.9488815069198608,0.0048828125,0.027579113841056824,0.09857302295918367
144.Common_Tern/Common_Tern_0047_149195.jpg,dinov3,0.8666666666666667,0.8588235294117647,0.9575783610343933,0.0,0.007267986889928579,0.15692761479591838
145.Elegant_Tern/Elegant_Tern_0060_150837.jpg,dinov3,0.7846153846153846,0.008503401360544218,0.953882098197937,0.0,0.030906304717063904,0.09640066964285714
145.Elegant_Tern/Elegant_Tern_0033_150687.jpg,dinov3,0.06804123711340206,0.01364522417153996,0.9583053588867188,0.0,0.04172230511903763,0.03437898596938776
145.Elegant_Tern/Elegant_Tern_0079_150953.jpg,dinov3,0.7142857142857143,0.2153558052434457,0.9683711528778076,0.0,0.003483791137114167,0.1129623724489796
145.Elegant_Tern/Elegant_Tern_0044_150946.jpg,dinov3,0.8802816901408451,0.27450980392156865,0.9581876993179321,0.0,0.024400994181632996,0.12577726403061223
145.Elegant_Tern/Elegant_Tern_0035_150744.jpg,dinov3,0.68,0.1640926640926641,0.9757111072540283,0.0,0.0035712793469429016,0.0843032525510204
146.Forsters_Tern/Forsters_Tern_0098_151258.jpg,dinov3,0.6610169491525424,0.06429780033840947,0.9590223431587219,0.0,0.05373138189315796,0.04225127551020408
146.Forsters_Tern/Forsters_Tern_0076_151330.jpg,dinov3,0.8546511627906976,0.3068893528183716,0.9706101417541504,0.0,0.002000243868678808,0.14142219387755103
146.Forsters_Tern/Forsters_Tern_0071_152142.jpg,dinov3,0.8467741935483871,0.006349206349206349,0.9596390724182129,0.0,0.024449177086353302,0.10214046556122448
146.Forsters_Tern/Forsters_Tern_0049_151631.jpg,dinov3,0.7964071856287425,0.2514177693761815,0.9666110277175903,0.0,0.0028701266273856163,0.12765066964285715
146.Forsters_Tern/Forsters_Tern_0065_152206.jpg,dinov3,0.8807339449541285,0.07629427792915532,0.9597268104553223,0.001953125,0.020179057493805885,0.09566326530612244
146.Forsters_Tern/Forsters_Tern_0086_152738.jpg,dinov3,0.6666666666666666,0.0,0.96086585521698,0.0,0.013878545723855495,0.07378029336734694
146.Forsters_Tern/Forsters_Tern_0029_151228.jpg,dinov3,0.1650853889943074,0.09165302782324058,0.9505666494369507,0.0048828125,0.0312302615493536,0.08571827168367346
147.Least_Tern/Least_Tern_0128_153732.jpg,dinov3,0.631578947368421,0.0948509485094851,0.9542522430419922,0.0,0.015576488338410854,0.07928093112244898
147.Least_Tern/Least_Tern_0028_153781.jpg,dinov3,0.7791411042944786,0.22758620689655173,0.957953691482544,0.0,0.03096919320523739,0.12085459183673469
147.Least_Tern/Least_Tern_0089_152912.jpg,dinov3,0.6716981132075471,0.40454545454545454,0.962830126285553,0.0,0.008761206641793251,0.16745057397959184
148.Green_tailed_Towhee/Green_Tailed_Towhee_0109_797440.jpg,dinov3,0.6604938271604939,0.14776632302405499,0.947331428527832,0.0,0.02099038101732731,0.11202566964285714
148.Green_tailed_Towhee/Green_Tailed_Towhee_0100_154966.jpg,dinov3,0.8375634517766497,0.8324324324324325,0.9331923723220825,0.0,0.03643328323960304,0.1688655931122449
148.Green_tailed_Towhee/Green_Tailed_Towhee_0047_154776.jpg,dinov3,0.8604651162790697,0.8907563025210085,0.9388949871063232,0.0,0.03698401898145676,0.11358019770408163
148.Green_tailed_Towhee/Green_Tailed_Towhee_0085_154822.jpg,dinov3,0.6939890710382514,0.0,0.9488322734832764,0.0,0.016686396673321724,0.12667410714285715
148.Green_tailed_Towhee/Green_Tailed_Towhee_0082_797395.jpg,dinov3,0.8854166666666666,0.8691099476439791,0.9407399892807007,0.0,0.0614180825650692,0.17629942602040816
149.Brown_Thrasher/Brown_Thrasher_0015_155165.jpg,dinov3,0.8607594936708861,0.0779976717112922,0.9543530941009521,0.0,0.021231945604085922,0.06760204081632654
149.Brown_Thrasher/Brown_Thrasher_0024_155363.jpg,dinov3,0.6558441558441559,0.17702448210922786,0.9474880695343018,0.0,0.03339410573244095,0.10825892857142858
149.Brown_Thrasher/Brown_Thrasher_0096_155412.jpg,dinov3,0.9047619047619048,0.029411764705882353,0.9422657489776611,0.0,0.021134410053491592,0.13018176020408162
149.Brown_Thrasher/Brown_Thrasher_0092_155415.jpg,dinov3,0.7575757575757576,0.2403846153846154,0.9627362489700317,0.0,0.010309849865734577,0.1494937818877551
149.Brown_Thrasher/Brown_Thrasher_0056_155048.jpg,dinov3,0.8078602620087336,0.8883495145631068,0.9396880269050598,0.0,0.023278482258319855,0.19188456632653061
150.Sage_Thrasher/Sage_Thrasher_0029_796459.jpg,dinov3,0.8102189781021898,0.6331360946745562,0.9579390287399292,0.0,0.014793658629059792,0.1116470025510204
150.Sage_Thrasher/Sage_Thrasher_0057_155488.jpg,dinov3,0.893491124260355,0.8855421686746988,0.945792555809021,0.0,0.06358486413955688,0.16083386479591838
150.Sage_Thrasher/Sage_Thrasher_0073_155614.jpg,dinov3,0.8452380952380952,0.052742616033755275,0.9557682871818542,0.0,0.02964145876467228,0.07601243622448979
151.Black_capped_Vireo/Black_Capped_Vireo_0051_797456.jpg,dinov3,0.8146551724137931,0.34972677595628415,0.9420563578605652,0.0,0.0420343317091465,0.1997967155612245
151.Black_capped_Vireo/Black_Capped_Vireo_0038_797465.jpg,dinov3,0.8987341772151899,0.501779359430605,0.9331116676330566,0.0,0.03916165232658386,0.1429169323979592
151.Black_capped_Vireo/Black_Capped_Vireo_0033_797474.jpg,dinov3,0.26277372262773724,0.021526418786692758,0.9214450716972351,0.0,0.09026703238487244,0.037966358418367346
152.Blue_headed_Vireo/Blue_Headed_Vireo_0058_156261.jpg,dinov3,0.6494845360824743,0.23783783783783785,0.9558234214782715,0.0,0.010200642049312592,0.12788982780612246
152.Blue_headed_Vireo/Blue_Headed_Vireo_0103_156382.jpg,dinov3,0.7524752475247525,0.0925700365408039,0.9455161094665527,0.0,0.029432140290737152,0.07736766581632654
153.Philadelphia_Vireo/Philadelphia_Vireo_0060_156555.jpg,dinov3,0.8484848484848485,0.7473118279569892,0.9606314897537231,0.0,0.01887311227619648,0.13807397959183673
153.Philadelphia_Vireo/Philadelphia_Vireo_0028_156510.jpg,dinov3,0.8734177215189873,0.0,0.9443118572235107,0.0,0.03756109997630119,0.13420758928571427
153.Philadelphia_Vireo/Philadelphia_Vireo_0038_794759.jpg,dinov3,0.8492462311557789,0.798941798941799,0.9512083530426025,0.0,0.015354798175394535,0.17861128826530612
153.Philadelphia_Vireo/Philadelphia_Vireo_0027_156585.jpg,dinov3,0.8162650602409639,0.7980456026058632,0.9540613889694214,0.0,0.012979934923350811,0.2895607461734694
153.Philadelphia_Vireo/Philadelphia_Vireo_0035_156596.jpg,dinov3,0.7377049180327869,0.15384615384615385,0.9346088171005249,0.0,0.018578996881842613,0.09307238520408163
153.Philadelphia_Vireo/Philadelphia_Vireo_0058_156558.jpg,dinov3,0.8421052631578947,0.875,0.9335086345672607,0.0,0.02855563350021839,0.11487563775510204
153.Philadelphia_Vireo/Philadelphia_Vireo_0020_156663.jpg,dinov3,0.5436893203883495,0.056716417910447764,0.9463056921958923,0.0,0.02519468404352665,0.07007334183673469
154.Red_eyed_Vireo/Red_Eyed_Vireo_0132_156686.jpg,dinov3,0.9084967320261438,0.4485049833887043,0.9412612318992615,0.0,0.025298194959759712,0.13643973214285715
154.Red_eyed_Vireo/Red_Eyed_Vireo_0004_157224.jpg,dinov3,0.847457627118644,0.20750551876379691,0.9217594861984253,0.0,0.03123924881219864,0.09763632015306123
154.Red_eyed_Vireo/Red_Eyed_Vireo_0026_156751.jpg,dinov3,0.6351351351351351,0.17836812144212524,0.937451958656311,0.0,0.02998257800936699,0.09444754464285714
154.Red_eyed_Vireo/Red_Eyed_Vireo_0129_156781.jpg,dinov3,0.8305084745762712,0.5588235294117647,0.9323924779891968,0.0,0.05274446681141853,0.09371014030612244
154.Red_eyed_Vireo/Red_Eyed_Vireo_0134_156919.jpg,dinov3,0.8855421686746988,0.3086680761099366,0.9384512901306152,0.0,0.02799004316329956,0.14666374362244897
155.Warbling_Vireo/Warbling_Vireo_0036_158268.jpg,dinov3,0.8644578313253012,0.8490566037735849,0.9313106536865234,0.0,0.05951060727238655,0.3010801977040816
155.Warbling_Vireo/Warbling_Vireo_0018_158304.jpg,dinov3,0.9343065693430657,0.5767441860465117,0.9296947717666626,0.0,0.029549311846494675,0.12354512117346939
155.Warbling_Vireo/Warbling_Vireo_0054_158321.jpg,dinov3,0.8076923076923077,0.5424354243542435,0.9406694769859314,0.0,0.024100326001644135,0.1466438137755102
155.Warbling_Vireo/Warbling_Vireo_0087_158355.jpg,dinov3,0.7567567567567568,0.0011037527593818985,0.9420920610427856,0.0,0.058793723583221436,0.05412946428571429
155.Warbling_Vireo/Warbling_Vireo_0091_158419.jpg,dinov3,0.8841463414634146,0.922077922077922,0.9298856258392334,0.0,0.044514868408441544,0.14943399234693877
155.Warbling_Vireo/Warbling_Vireo_0131_158522.jpg,dinov3,0.6739130434782609,0.0,0.9448120594024658,0.0,0.016184713691473007,0.06419403698979592
156.White_eyed_Vireo/White_Eyed_Vireo_0045_159232.jpg,dinov3,0.9292035398230089,0.9174311926605505,0.929611086845398,0.0,0.045781273394823074,0.10229990433673469
156.White_eyed_Vireo/White_Eyed_Vireo_0134_158889.jpg,dinov3,0.7875,0.09052333804809053,0.9445962905883789,0.0,0.04381580650806427,0.06343670280612244
156.White_eyed_Vireo/White_Eyed_Vireo_0135_158955.jpg,dinov3,0.8976377952755905,0.4377358490566038,0.9351779222488403,0.0,0.03199285268783569,0.11324139030612244
156.White_eyed_Vireo/White_Eyed_Vireo_0041_159032.jpg,dinov3,0.8663366336633663,0.9459459459459459,0.9429313540458679,0.0,0.02757916785776615,0.1738879145408163
156.White_eyed_Vireo/White_Eyed_Vireo_0061_159042.jpg,dinov3,0.8482758620689655,0.39184952978056425,0.9455196857452393,0.0,0.014650276862084866,0.12045599489795919
156.White_eyed_Vireo/White_Eyed_Vireo_0112_159147.jpg,dinov3,0.8623853211009175,0.24934383202099739,0.9257487058639526,0.0,0.03502313420176506,0.09606186224489796
156.White_eyed_Vireo/White_Eyed_Vireo_0086_159202.jpg,dinov3,0.8878504672897196,0.002232142857142857,0.944401741027832,0.0,0.03339067101478577,0.09729751275510204
157.Yellow_throated_Vireo/Yellow_Throated_Vireo_0055_159532.jpg,dinov3,0.20152091254752852,0.01171875,0.943403959274292,0.0,0.026615377515554428,0.05568399234693878
157.Yellow_throated_Vireo/Yellow_Throated_Vireo_0005_159588.jpg,dinov3,0.9153439153439153,0.9662921348314607,0.9520479440689087,0.0,0.009972281754016876,0.17036033163265307
157.Yellow_throated_Vireo/Yellow_Throated_Vireo_0057_159570.jpg,dinov3,0.48484848484848486,0.16022889842632332,0.9489253163337708,0.0,0.030094383284449577,0.10792012117346939
157.Yellow_throated_Vireo/Yellow_Throated_Vireo_0059_794970.jpg,dinov3,0.3953488372093023,0.163135593220339,0.9486486911773682,0.0,0.01576772890985012,0.08049665178571429
157.Yellow_throated_Vireo/Yellow_Throated_Vireo_0048_794982.jpg,dinov3,0.5130890052356021,0.5104166666666666,0.9379271864891052,0.0,0.032510049641132355,0.09626116071428571
157.Yellow_throated_Vireo/Yellow_Throated_Vireo_0043_159628.jpg,dinov3,0.6185567010309279,0.24900398406374502,0.9296435713768005,0.0,0.03476780652999878,0.1393096301020408
157.Yellow_throated_Vireo/Yellow_Throated_Vireo_0071_159707.jpg,dinov3,0.12724550898203593,0.11740331491712708,0.9358863234519958,0.0,0.032139264047145844,0.07822464923469388
158.Bay_breasted_Warbler/Bay_Breasted_Warbler_0057_159818.jpg,dinov3,0.8757396449704142,0.35096153846153844,0.946077823638916,0.0,0.01914091967046261,0.14714205994897958
158.Bay_breasted_Warbler/Bay_Breasted_Warbler_0102_159887.jpg,dinov3,0.4594594594594595,0.05755395683453238,0.9214768409729004,0.0,0.03970424830913544,0.03404017857142857
158.Bay_breasted_Warbler/Bay_Breasted_Warbler_0067_159895.jpg,dinov3,0.6666666666666666,0.0625,0.9122886657714844,0.0,0.05476672202348709,0.03677056760204082
158.Bay_breasted_Warbler/Bay_Breasted_Warbler_0008_797115.jpg,dinov3,0.8773006134969326,0.3471882640586797,0.9641305208206177,0.0,0.01339640561491251,0.1431560905612245
158.Bay_breasted_Warbler/Bay_Breasted_Warbler_0007_797118.jpg,dinov3,0.7298850574712644,0.218213058419244,0.9461162090301514,0.0,0.03574616461992264,0.11975845025510204
158.Bay_breasted_Warbler/Bay_Breasted_Warbler_0054_797124.jpg,dinov3,0.8522167487684729,0.4858757062146893,0.9629513621330261,0.0,0.011157474480569363,0.17030054209183673
158.Bay_breasted_Warbler/Bay_Breasted_Warbler_0039_797152.jpg,dinov3,0.8866666666666667,0.21234939759036145,0.921257734298706,0.0,0.032404642552137375,0.1351642219387755
158.Bay_breasted_Warbler/Bay_Breasted_Warbler_0043_797154.jpg,dinov3,0.8840125391849529,0.8576158940397351,0.9410169124603271,0.0,0.036396175622940063,0.2792370854591837
158.Bay_breasted_Warbler/Bay_Breasted_Warbler_0053_797157.jpg,dinov3,0.872,0.14540466392318244,0.9550138711929321,0.0,0.018621964380145073,0.10550860969387756
158.Bay_breasted_Warbler/Bay_Breasted_Warbler_0110_159735.jpg,dinov3,0.40229885057471265,0.09668508287292818,0.9246227145195007,0.0,0.035516124218702316,0.07148836096938775
159.Black_and_white_Warbler/Black_And_White_Warbler_0128_160803.jpg,dinov3,0.8794642857142857,0.6055045871559633,0.9427969455718994,0.0,0.016473371535539627,0.1982421875
159.Black_and_white_Warbler/Black_And_White_Warbler_0024_160057.jpg,dinov3,0.8426395939086294,0.3415730337078652,0.9435732364654541,0.0,0.03493553027510643,0.15945870535714285
159.Black_and_white_Warbler/Black_And_White_Warbler_0025_160584.jpg,dinov3,0.9205298013245033,0.19144144144144143,0.9440111517906189,0.0,0.03292350098490715,0.13791454081632654
159.Black_and_white_Warbler/Black_And_White_Warbler_0088_160668.jpg,dinov3,0.6792452830188679,0.0,0.9166886210441589,0.0,0.04904470592737198,0.03868383290816327
159.Black_and_white_Warbler/Black_And_White_Warbler_0034_160695.jpg,dinov3,0.3024390243902439,0.3163265306122449,0.9520696401596069,0.0,0.02052566595375538,0.06028778698979592
159.Black_and_white_Warbler/Black_And_White_Warbler_0090_160247.jpg,dinov3,0.8417721518987342,0.9407407407407408,0.9526606798171997,0.0,0.015172582119703293,0.12878667091836735
160.Black_throated_Blue_Warbler/Black_Throated_Blue_Warbler_0136_161400.jpg,dinov3,0.852,0.954337899543379,0.9383890628814697,0.0,0.01826585829257965,0.20920360331632654
160.Black_throated_Blue_Warbler/Black_Throated_Blue_Warbler_0113_161407.jpg,dinov3,0.9537037037037037,0.9428571428571428,0.9366864562034607,0.0,0.030126430094242096,0.10004783163265306
160.Black_throated_Blue_Warbler/Black_Throated_Blue_Warbler_0048_161665.jpg,dinov3,0.8085106382978723,0.20765027322404372,0.9242105484008789,0.0,0.036916423588991165,0.07932079081632654
160.Black_throated_Blue_Warbler/Black_Throated_Blue_Warbler_0001_161189.jpg,dinov3,0.9455445544554455,0.9292929292929293,0.9474178552627563,0.0,0.018113164231181145,0.19013073979591838
160.Black_throated_Blue_Warbler/Black_Throated_Blue_Warbler_0110_161726.jpg,dinov3,0.6529411764705882,0.7025316455696202,0.9382298588752747,0.0,0.026220418512821198,0.11338089923469388
160.Black_throated_Blue_Warbler/Black_Throated_Blue_Warbler_0107_161214.jpg,dinov3,0.7913669064748201,0.19886363636363635,0.9231968522071838,0.0,0.03485371917486191,0.11162707270408163
161.Blue_winged_Warbler/Blue_Winged_Warbler_0026_161813.jpg,dinov3,0.7463768115942029,0.816,0.9367415904998779,0.0,0.024237671867012978,0.11045121173469388
161.Blue_winged_Warbler/Blue_Winged_Warbler_0013_161816.jpg,dinov3,0.5116279069767442,0.1213235294117647,0.9478818774223328,0.0,0.0183213260024786,0.07085060586734694
161.Blue_winged_Warbler/Blue_Winged_Warbler_0025_161873.jpg,dinov3,0.934010152284264,0.9368421052631579,0.9455893635749817,0.0,0.012775581330060959,0.17986686862244897
161.Blue_winged_Warbler/Blue_Winged_Warbler_0017_161878.jpg,dinov3,0.6692307692307692,0.014492753623188406,0.9471043348312378,0.0,0.029193086549639702,0.08270886479591837
161.Blue_winged_Warbler/Blue_Winged_Warbler_0078_161889.jpg,dinov3,0.7089552238805971,0.13668061366806136,0.9149997234344482,0.0,0.02871333435177803,0.09632095025510204
161.Blue_winged_Warbler/Blue_Winged_Warbler_0061_161984.jpg,dinov3,0.4,0.020202020202020204,0.9222167730331421,0.0,0.04588658735156059,0.04055723852040816
161.Blue_winged_Warbler/Blue_Winged_Warbler_0086_162027.jpg,dinov3,0.8830769230769231,0.9435215946843853,0.9533545970916748,0.0,0.01534709706902504,0.28079161352040816
162.Canada_Warbler/Canada_Warbler_0063_162324.jpg,dinov3,0.8070175438596491,0.24597701149425288,0.921763002872467,0.0,0.05125722289085388,0.10413345025510204
162.Canada_Warbler/Canada_Warbler_0020_162354.jpg,dinov3,0.7857142857142857,0.19130434782608696,0.9422743320465088,0.0,0.03094276785850525,0.09103954081632654
162.Canada_Warbler/Canada_Warbler_0008_162416.jpg,dinov3,0.922077922077922,0.5269016697588126,0.9460073709487915,0.0,0.02842261642217636,0.2784000318877551
163.Cape_May_Warbler/Cape_May_Warbler_0048_162915.jpg,dinov3,0.9117647058823529,0.8469387755102041,0.9397674798965454,0.0,0.04352770745754242,0.09303252551020408
163.Cape_May_Warbler/Cape_May_Warbler_0055_163171.jpg,dinov3,0.9273504273504274,0.915929203539823,0.9416534900665283,0.0,0.038112662732601166,0.21408641581632654
163.Cape_May_Warbler/Cape_May_Warbler_0107_162941.jpg,dinov3,0.8560606060606061,0.2678983833718245,0.9333701133728027,0.0,0.02466226927936077,0.11021205357142858
163.Cape_May_Warbler/Cape_May_Warbler_0062_162955.jpg,dinov3,0.6351931330472103,0.6266666666666667,0.9331076145172119,0.0,0.02244528941810131,0.14333545918367346
163.Cape_May_Warbler/Cape_May_Warbler_0124_163037.jpg,dinov3,0.08595988538681948,0.03571428571428571,0.9467537999153137,0.0,0.03257828950881958,0.03138950892857143
164.Cerulean_Warbler/Cerulean_Warbler_0041_163535.jpg,dinov3,0.8285714285714286,0.016923076923076923,0.9359983205795288,0.0087890625,0.035389479249715805,0.1116470025510204
164.Cerulean_Warbler/Cerulean_Warbler_0025_797232.jpg,dinov3,0.6589147286821705,0.6938775510204082,0.953856348991394,0.0,0.01458888128399849,0.1752032844387755
165.Chestnut_sided_Warbler/Chestnut_Sided_Warbler_0046_163856.jpg,dinov3,0.5384615384615384,0.16535433070866143,0.9373567700386047,0.0,0.020887089893221855,0.06415417729591837
165.Chestnut_sided_Warbler/Chestnut_Sided_Warbler_0127_163860.jpg,dinov3,0.8604651162790697,0.1907790143084261,0.9218794107437134,0.0,0.02875259704887867,0.11256377551020408
165.Chestnut_sided_Warbler/Chestnut_Sided_Warbler_0090_163629.jpg,dinov3,0.7116564417177914,0.21825396825396826,0.9091536998748779,0.0,0.052290089428424835,0.11292251275510204
165.Chestnut_sided_Warbler/Chestnut_Sided_Warbler_0037_164233.jpg,dinov3,0.9338235294117647,0.953125,0.94098961353302,0.0,0.014447788707911968,0.12183115433673469
165.Chestnut_sided_Warbler/Chestnut_Sided_Warbler_0049_163735.jpg,dinov3,0.7244897959183674,0.0,0.9585965871810913,0.0,0.01902112551033497,0.07314253826530612
166.Golden_winged_Warbler/Golden_Winged_Warbler_0035_164362.jpg,dinov3,0.7352941176470589,0.1417624521072797,0.9439741373062134,0.0,0.03158976882696152,0.0790218431122449
166.Golden_winged_Warbler/Golden_Winged_Warbler_0070_164460.jpg,dinov3,0.834061135371179,0.8904761904761904,0.9635711908340454,0.0,0.020569493994116783,0.19033003826530612
166.Golden_winged_Warbler/Golden_Winged_Warbler_0043_164476.jpg,dinov3,0.5337078651685393,0.2375,0.9322505593299866,0.0,0.04635785520076752,0.09169722576530612
166.Golden_winged_Warbler/Golden_Winged_Warbler_0049_164509.jpg,dinov3,0.6944444444444444,0.002849002849002849,0.943913996219635,0.0,0.027841616421937943,0.08169244260204081
166.Golden_winged_Warbler/Golden_Winged_Warbler_0052_164529.jpg,dinov3,0.8117647058823529,0.2661290322580645,0.926514744758606,0.0,0.04861507564783096,0.06363600127551021
166.Golden_winged_Warbler/Golden_Winged_Warbler_0082_164544.jpg,dinov3,0.6447368421052632,0.02626641651031895,0.9248515367507935,0.0,0.040242694318294525,0.05502630739795918
166.Golden_winged_Warbler/Golden_Winged_Warbler_0036_794817.jpg,dinov3,0.9318181818181818,0.13243243243243244,0.9348094463348389,0.0,0.034134991466999054,0.12041613520408163
166.Golden_winged_Warbler/Golden_Winged_Warbler_0067_794846.jpg,dinov3,0.8294573643410853,0.24263038548752835,0.9421218633651733,0.0,0.02916817180812359,0.11270328443877552
167.Hooded_Warbler/Hooded_Warbler_0017_164911.jpg,dinov3,0.5833333333333334,0.05627009646302251,0.949912428855896,0.0,0.02065209485590458,0.04049744897959184
167.Hooded_Warbler/Hooded_Warbler_0133_165016.jpg,dinov3,0.4928909952606635,0.25120772946859904,0.9633184671401978,0.0,0.011903460137546062,0.10235969387755102
167.Hooded_Warbler/Hooded_Warbler_0122_164635.jpg,dinov3,0.9119496855345912,0.9403973509933775,0.9473499059677124,0.0,0.12329137325286865,0.14351482780612246
168.Kentucky_Warbler/Kentucky_Warbler_0076_795907.jpg,dinov3,0.8275862068965517,0.14035087719298245,0.9327841997146606,0.0,0.052561212331056595,0.09331154336734694
168.Kentucky_Warbler/Kentucky_Warbler_0005_795919.jpg,dinov3,0.8762886597938144,0.6320346320346321,0.9524059295654297,0.0,0.023563964292407036,0.16800860969387754
168.Kentucky_Warbler/Kentucky_Warbler_0044_165436.jpg,dinov3,0.013282732447817837,0.01532567049808429,0.9442611932754517,0.0,0.030226439237594604,0.08372528698979592
168.Kentucky_Warbler/Kentucky_Warbler_0043_165240.jpg,dinov3,0.9211356466876972,0.9352750809061489,0.9523499011993408,0.0,0.0546359121799469,0.29310825892857145
168.Kentucky_Warbler/Kentucky_Warbler_0048_165360.jpg,dinov3,0.9477911646586346,0.9423868312757202,0.952930212020874,0.0,0.018962088972330093,0.22841597576530612
168.Kentucky_Warbler/Kentucky_Warbler_0049_165313.jpg,dinov3,0.7483443708609272,0.17391304347826086,0.9361345171928406,0.0,0.03106895089149475,0.12143255739795919
168.Kentucky_Warbler/Kentucky_Warbler_0022_795882.jpg,dinov3,0.7660550458715596,0.7655172413793103,0.9634592533111572,0.0,0.04673311114311218,0.34004304846938777
168.Kentucky_Warbler/Kentucky_Warbler_0030_795885.jpg,dinov3,0.8211920529801324,0.20777027027027026,0.9534072279930115,0.0,0.045352086424827576,0.12794961734693877
168.Kentucky_Warbler/Kentucky_Warbler_0003_795892.jpg,dinov3,0.4291845493562232,0.008383233532934131,0.9538602828979492,0.0,0.022903727367520332,0.09321189413265306
169.Magnolia_Warbler/Magnolia_Warbler_0039_165532.jpg,dinov3,0.8715596330275229,0.4811320754716981,0.9211257696151733,0.0,0.031332600861787796,0.10243941326530612
169.Magnolia_Warbler/Magnolia_Warbler_0079_165783.jpg,dinov3,0.8802816901408451,0.917910447761194,0.9469555616378784,0.0,0.017496665939688683,0.13211495535714285
170.Mourning_Warbler/Mourning_Warbler_0006_166595.jpg,dinov3,0.12743362831858407,0.019736842105263157,0.932857871055603,0.0,0.0343315564095974,0.07651068239795919
170.Mourning_Warbler/Mourning_Warbler_0048_166596.jpg,dinov3,0.7357512953367875,0.3566084788029925,0.9572125673294067,0.0,0.00996484886854887,0.14333545918367346
170.Mourning_Warbler/Mourning_Warbler_0061_166598.jpg,dinov3,0.5887850467289719,0.09545454545454546,0.9150984883308411,0.0,0.031254399567842484,0.061045121173469385
170.Mourning_Warbler/Mourning_Warbler_0047_795373.jpg,dinov3,0.9076923076923077,0.035623409669211195,0.9535056352615356,0.0,0.03083772026002407,0.18094308035714285
170.Mourning_Warbler/Mourning_Warbler_0065_795374.jpg,dinov3,0.9336734693877551,0.3977272727272727,0.9482049942016602,0.0,0.04270577058196068,0.17795360331632654
171.Myrtle_Warbler/Myrtle_Warbler_0045_166710.jpg,dinov3,0.8596491228070176,0.23671497584541062,0.933498740196228,0.0009765625,0.037127405405044556,0.10146285076530612
171.Myrtle_Warbler/Myrtle_Warbler_0083_166738.jpg,dinov3,0.743455497382199,0.26394052044609667,0.9572312831878662,0.0,0.012029342353343964,0.13986766581632654
171.Myrtle_Warbler/Myrtle_Warbler_0028_166905.jpg,dinov3,0.9183673469387755,0.8951048951048951,0.9406312704086304,0.0,0.03278337046504021,0.1338687818877551
171.Myrtle_Warbler/Myrtle_Warbler_0032_166847.jpg,dinov3,0.8270676691729323,0.2619047619047619,0.9430615901947021,0.0,0.026802271604537964,0.11497528698979592
171.Myrtle_Warbler/Myrtle_Warbler_0063_93378.jpg,dinov3,0.7878787878787878,0.14064697609001406,0.9511702060699463,0.0,0.016842961311340332,0.18889508928571427
172.Nashville_Warbler/Nashville_Warbler_0015_167429.jpg,dinov3,0.7870370370370371,0.7428571428571429,0.9243096113204956,0.0,0.058617688715457916,0.09349091198979592
172.Nashville_Warbler/Nashville_Warbler_0005_167103.jpg,dinov3,0.8292682926829268,0.11295681063122924,0.9232639074325562,0.0078125,0.053659532219171524,0.07025271045918367
172.Nashville_Warbler/Nashville_Warbler_0001_167117.jpg,dinov3,0.8041237113402062,0.025380710659898477,0.9269629120826721,0.0,0.023531172424554825,0.07615194515306123
172.Nashville_Warbler/Nashville_Warbler_0107_167186.jpg,dinov3,0.06501547987616099,0.03328050713153724,0.9633777737617493,0.0,0.016463778913021088,0.02303890306122449
172.Nashville_Warbler/Nashville_Warbler_0014_167190.jpg,dinov3,0.7745098039215687,0.14234234234234233,0.9353119134902954,0.0009765625,0.04077067971229553,0.08169244260204081
172.Nashville_Warbler/Nashville_Warbler_0018_167191.jpg,dinov3,0.9,0.04158790170132325,0.9257747530937195,0.0,0.0428244024515152,0.06481186224489796
173.Orange_crowned_Warbler/Orange_Crowned_Warbler_0065_167952.jpg,dinov3,0.51,0.14169381107491857,0.9424726963043213,0.0,0.015871822834014893,0.10293765943877552
173.Orange_crowned_Warbler/Orange_Crowned_Warbler_0019_167626.jpg,dinov3,0.9086021505376344,0.3599137931034483,0.9470758438110352,0.0,0.020998600870370865,0.1608936543367347
173.Orange_crowned_Warbler/Orange_Crowned_Warbler_0114_167732.jpg,dinov3,0.8585858585858586,0.7916666666666666,0.9398370981216431,0.0,0.018815400078892708,0.1831951530612245
174.Palm_Warbler/Palm_Warbler_0051_169487.jpg,dinov3,0.8333333333333334,0.009411764705882352,0.9137004613876343,0.0,0.05020540580153465,0.05685985331632653
174.Palm_Warbler/Palm_Warbler_0050_170042.jpg,dinov3,0.8703703703703703,0.28012048192771083,0.9373948574066162,0.0,0.04280675947666168,0.09689891581632654
174.Palm_Warbler/Palm_Warbler_0111_169663.jpg,dinov3,0.875968992248062,0.1669064748201439,0.9274673461914062,0.0,0.026833001524209976,0.10933514030612244
174.Palm_Warbler/Palm_Warbler_0086_169676.jpg,dinov3,0.8468468468468469,0.228643216080402,0.9515035152435303,0.0,0.02196637913584709,0.09681919642857142
174.Palm_Warbler/Palm_Warbler_0075_168751.jpg,dinov3,0.6359223300970874,0.21956087824351297,0.9590265154838562,0.0,0.013111966662108898,0.1366390306122449
174.Palm_Warbler/Palm_Warbler_0013_169411.jpg,dinov3,0.5868544600938967,0.5374449339207048,0.9288219809532166,0.0,0.06090201064944267,0.12806919642857142
175.Pine_Warbler/Pine_Warbler_0005_171548.jpg,dinov3,0.9090909090909091,0.8278145695364238,0.9337669610977173,0.0,0.029373208060860634,0.14893574617346939
175.Pine_Warbler/Pine_Warbler_0119_171551.jpg,dinov3,0.8666666666666667,0.16729323308270677,0.9395595192909241,0.0,0.028974678367376328,0.09438775510204081
175.Pine_Warbler/Pine_Warbler_0095_171588.jpg,dinov3,0.31210191082802546,0.0,0.9485564231872559,0.0,0.020986024290323257,0.04731345663265306
175.Pine_Warbler/Pine_Warbler_0044_171104.jpg,dinov3,0.104,0.0781010719754977,0.9499883651733398,0.0,0.07867397367954254,0.05064174107142857
175.Pine_Warbler/Pine_Warbler_0045_171150.jpg,dinov3,0.8733333333333333,0.01282051282051282,0.9467018842697144,0.0,0.024023698642849922,0.12649473852040816
175.Pine_Warbler/Pine_Warbler_0097_171671.jpg,dinov3,0.9454545454545454,0.018867924528301886,0.9524024724960327,0.0,0.016083747148513794,0.09833386479591837
175.Pine_Warbler/Pine_Warbler_0136_171382.jpg,dinov3,0.9081081081081082,0.9269662921348315,0.9481894373893738,0.0,0.017804056406021118,0.17207429846938777
175.Pine_Warbler/Pine_Warbler_0084_172409.jpg,dinov3,0.8410596026490066,0.562358276643991,0.9515342712402344,0.0,0.024825189262628555,0.24920280612244897
175.Pine_Warbler/Pine_Warbler_0103_171922.jpg,dinov3,0.8716814159292036,0.8617511520737328,0.948589563369751,0.0,0.01983989216387272,0.19852120535714285
175.Pine_Warbler/Pine_Warbler_0101_171501.jpg,dinov3,0.8541666666666666,0.12466124661246612,0.9531182050704956,0.0,0.01659557968378067,0.16627471301020408
176.Prairie_Warbler/Prairie_Warbler_0118_173261.jpg,dinov3,0.7931034482758621,0.018726591760299626,0.9427255988121033,0.0,0.0727090910077095,0.04340720663265306
176.Prairie_Warbler/Prairie_Warbler_0133_173279.jpg,dinov3,0.14798206278026907,0.02522935779816514,0.9325635433197021,0.0341796875,0.045163411647081375,0.06395487882653061
176.Prairie_Warbler/Prairie_Warbler_0066_173350.jpg,dinov3,0.927710843373494,0.12678288431061807,0.9425497651100159,0.0,0.021403495222330093,0.07559390943877552
176.Prairie_Warbler/Prairie_Warbler_0094_91950.jpg,dinov3,0.8866995073891626,0.8232323232323232,0.9594583511352539,0.0,0.009675493463873863,0.1802654655612245
176.Prairie_Warbler/Prairie_Warbler_0052_173400.jpg,dinov3,0.9096045197740112,0.8505747126436781,0.9316534399986267,0.0,0.04250338301062584,0.1632453762755102
176.Prairie_Warbler/Prairie_Warbler_0127_172913.jpg,dinov3,0.8640776699029126,0.33976833976833976,0.9203214645385742,0.0,0.04626947641372681,0.08920599489795919
176.Prairie_Warbler/Prairie_Warbler_0014_172542.jpg,dinov3,0.7727272727272727,0.0,0.932182788848877,0.0,0.03929673880338669,0.08655532525510204
177.Prothonotary_Warbler/Prothonotary_Warbler_0102_174595.jpg,dinov3,0.8633879781420765,0.9272727272727272,0.9255263805389404,0.0,0.04410737380385399,0.15603077168367346
177.Prothonotary_Warbler/Prothonotary_Warbler_0105_174097.jpg,dinov3,0.9244444444444444,0.9054054054054054,0.9260880351066589,0.0,0.05778944492340088,0.2110969387755102
177.Prothonotary_Warbler/Prothonotary_Warbler_0089_174636.jpg,dinov3,0.6,0.0,0.950980544090271,0.0,0.012175212614238262,0.06612723214285714
177.Prothonotary_Warbler/Prothonotary_Warbler_0023_173788.jpg,dinov3,0.8442622950819673,0.21063394683026584,0.9263811707496643,0.0,0.03915681317448616,0.0996890943877551
177.Prothonotary_Warbler/Prothonotary_Warbler_0047_174340.jpg,dinov3,0.8976744186046511,0.9033816425120773,0.9360334873199463,0.0,0.026033751666545868,0.1944156568877551
177.Prothonotary_Warbler/Prothonotary_Warbler_0059_173434.jpg,dinov3,0.7183098591549296,0.05804311774461028,0.9346287250518799,0.0,0.045803990215063095,0.05259486607142857
178.Swainson_Warbler/Swainson_Warbler_0008_794886.jpg,dinov3,0.4396551724137931,0.03383458646616541,0.9354076981544495,0.0,0.034927356988191605,0.0470344387755102
178.Swainson_Warbler/Swainson_Warbler_0015_794891.jpg,dinov3,0.8295081967213115,0.028747433264887063,0.9496955871582031,0.0,0.02758183889091015,0.2676578443877551
178.Swainson_Warbler/Swainson_Warbler_0042_794895.jpg,dinov3,0.8333333333333334,0.20222634508348794,0.9531642198562622,0.0,0.011823163367807865,0.12075494260204081
178.Swainson_Warbler/Swainson_Warbler_0033_794856.jpg,dinov3,0.7575757575757576,0.0035587188612099642,0.9600527882575989,0.0,0.020182183012366295,0.08396444515306123
179.Tennessee_Warbler/Tennessee_Warbler_0002_174884.jpg,dinov3,0.8888888888888888,0.40606060606060607,0.9315999150276184,0.0,0.040161676704883575,0.19951769770408162
179.Tennessee_Warbler/Tennessee_Warbler_0003_175154.jpg,dinov3,0.7419354838709677,0.11498257839721254,0.9233641624450684,0.0,0.04460359364748001,0.09287308673469388
179.Tennessee_Warbler/Tennessee_Warbler_0085_156530.jpg,dinov3,0.47904191616766467,0.13940520446096655,0.9403367638587952,0.0,0.04217379167675972,0.07637117346938775
179.Tennessee_Warbler/Tennessee_Warbler_0038_174760.jpg,dinov3,0.8514851485148515,0.029045643153526972,0.9254499673843384,0.0,0.029673421755433083,0.0911391900510204
179.Tennessee_Warbler/Tennessee_Warbler_0070_174962.jpg,dinov3,0.8380952380952381,0.845360824742268,0.9403897523880005,0.0,0.030034558847546577,0.1806640625
179.Tennessee_Warbler/Tennessee_Warbler_0080_167714.jpg,dinov3,0.5581395348837209,0.05858585858585859,0.9176121950149536,0.0029296875,0.04422532767057419,0.05412946428571429
180.Wilson_Warbler/Wilson_Warbler_0067_175261.jpg,dinov3,0.8138297872340425,0.8,0.9291433095932007,0.0,0.024197610095143318,0.1617705676020408
180.Wilson_Warbler/Wilson_Warbler_0012_175328.jpg,dinov3,0.7758620689655172,0.010398613518197574,0.9586440324783325,0.0,0.019732873886823654,0.09183673469387756
180.Wilson_Warbler/Wilson_Warbler_0092_175676.jpg,dinov3,0.5116279069767442,0.11239669421487604,0.9174388647079468,0.0,0.04620704427361488,0.07075095663265306
180.Wilson_Warbler/Wilson_Warbler_0109_175578.jpg,dinov3,0.7088607594936709,0.4772727272727273,0.9539315700531006,0.0,0.012117383070290089,0.16637436224489796
181.Worm_eating_Warbler/Worm_Eating_Warbler_0005_175977.jpg,dinov3,0.7748344370860927,0.0,0.9562456607818604,0.0,0.012045882642269135,0.11397879464285714
181.Worm_eating_Warbler/Worm_Eating_Warbler_0002_795533.jpg,dinov3,0.478494623655914,0.1648148148148148,0.943463921546936,0.0,0.015876805409789085,0.08502072704081633
181.Worm_eating_Warbler/Worm_Eating_Warbler_0021_795545.jpg,dinov3,0.9047619047619048,0.8736263736263736,0.9555162787437439,0.0,0.01985091343522072,0.17040019132653061
181.Worm_eating_Warbler/Worm_Eating_Warbler_0056_795547.jpg,dinov3,0.8930232558139535,0.9441624365482234,0.9504051208496094,0.0,0.011216840706765652,0.18215880102040816
181.Worm_eating_Warbler/Worm_Eating_Warbler_0019_795554.jpg,dinov3,0.9296875,0.009940357852882704,0.952664315700531,0.0,0.05064446106553078,0.23341836734693877
181.Worm_eating_Warbler/Worm_Eating_Warbler_0036_795573.jpg,dinov3,0.8811881188118812,0.8542713567839196,0.9475816488265991,0.0,0.02340209297835827,0.18349410076530612
181.Worm_eating_Warbler/Worm_Eating_Warbler_0027_176062.jpg,dinov3,0.7828282828282829,0.3169734151329243,0.9424136877059937,0.0,0.032121509313583374,0.15477519132653061
181.Worm_eating_Warbler/Worm_Eating_Warbler_0053_176079.jpg,dinov3,0.7891156462585034,0.5404255319148936,0.9207665920257568,0.0,0.03402252122759819,0.12647480867346939
182.Yellow_Warbler/Yellow_Warbler_0038_176388.jpg,dinov3,0.6420454545454546,0.2825,0.96436607837677,0.0,0.008248085156083107,0.11144770408163265
182.Yellow_Warbler/Yellow_Warbler_0080_176542.jpg,dinov3,0.7415730337078652,0.2146341463414634,0.9420034289360046,0.0,0.0239145215600729,0.1322345344387755
182.Yellow_Warbler/Yellow_Warbler_0118_176409.jpg,dinov3,0.2240566037735849,0.18446601941747573,0.9406070709228516,0.0,0.0338260717689991,0.09592235331632654
182.Yellow_Warbler/Yellow_Warbler_0093_176490.jpg,dinov3,0.16129032258064516,0.005720823798627002,0.9503544569015503,0.0,0.018829137086868286,0.03306361607142857
182.Yellow_Warbler/Yellow_Warbler_0031_176282.jpg,dinov3,0.17763157894736842,0.0,0.951034426689148,0.0,0.02156289853155613,0.03093112244897959
182.Yellow_Warbler/Yellow_Warbler_0112_176301.jpg,dinov3,0.841726618705036,0.8914728682170543,0.9282224178314209,0.0,0.05599943920969963,0.12362484056122448
182.Yellow_Warbler/Yellow_Warbler_0088_176336.jpg,dinov3,0.0,0.0016313213703099511,0.9523752927780151,0.0498046875,0.0247543565928936,0.05084103954081633
182.Yellow_Warbler/Yellow_Warbler_0026_176337.jpg,dinov3,0.8839285714285714,0.897196261682243,0.9387896060943604,0.0,0.02834560163319111,0.10226004464285714
182.Yellow_Warbler/Yellow_Warbler_0029_176855.jpg,dinov3,0.28421052631578947,0.06419753086419754,0.9599663019180298,0.0,0.010814954526722431,0.027463329081632654
183.Northern_Waterthrush/Northern_Waterthrush_0096_177007.jpg,dinov3,0.8584070796460177,0.191699604743083,0.9559392929077148,0.0,0.03580456227064133,0.1024593431122449
183.Northern_Waterthrush/Northern_Waterthrush_0042_177272.jpg,dinov3,0.7027027027027027,0.004158004158004158,0.9566372632980347,0.0,0.06104716658592224,0.05199697066326531
183.Northern_Waterthrush/Northern_Waterthrush_0093_177141.jpg,dinov3,0.7446808510638298,0.0017857142857142857,0.9394499659538269,0.0,0.06296563893556595,0.03609295280612245
184.Louisiana_Waterthrush/Louisiana_Waterthrush_0078_177444.jpg,dinov3,0.9328358208955224,0.15861214374225527,0.9590615630149841,0.0,0.013336645439267159,0.12476084183673469
184.Louisiana_Waterthrush/Louisiana_Waterthrush_0016_795240.jpg,dinov3,0.8287671232876712,0.8823529411764706,0.943730890750885,0.0,0.052077557891607285,0.13331074617346939
184.Louisiana_Waterthrush/Louisiana_Waterthrush_0076_795257.jpg,dinov3,0.8627450980392157,0.8775510204081632,0.9454793930053711,0.0,0.024264024570584297,0.2276985012755102
184.Louisiana_Waterthrush/Louisiana_Waterthrush_0094_795264.jpg,dinov3,0.37142857142857144,0.0,0.9650487899780273,0.0,0.011912955902516842,0.0428093112244898
184.Louisiana_Waterthrush/Louisiana_Waterthrush_0081_795283.jpg,dinov3,0.8172043010752689,0.290448343079922,0.9561253786087036,0.0,0.046495575457811356,0.15224410076530612
185.Bohemian_Waxwing/Bohemian_Waxwing_0001_796680.jpg,dinov3,0.6097560975609756,0.26455026455026454,0.9525229930877686,0.0,0.01865817978978157,0.15021125637755103
185.Bohemian_Waxwing/Bohemian_Waxwing_0079_796687.jpg,dinov3,0.8383233532934131,0.41529235382308843,0.9521839022636414,0.0,0.0162187647074461,0.28714923469387754
185.Bohemian_Waxwing/Bohemian_Waxwing_0099_177747.jpg,dinov3,0.8738317757009346,0.9104477611940298,0.9418033957481384,0.0,0.03698139265179634,0.18622448979591838
185.Bohemian_Waxwing/Bohemian_Waxwing_0101_796653.jpg,dinov3,0.658273381294964,0.29236499068901306,0.957842230796814,0.0,0.02054557017982006,0.18684231505102042
186.Cedar_Waxwing/Cedar_Waxwing_0042_179391.jpg,dinov3,0.8961038961038961,0.30155210643015523,0.9451205730438232,0.0,0.029170773923397064,0.13765545280612246
186.Cedar_Waxwing/Cedar_Waxwing_0074_178888.jpg,dinov3,0.8156028368794326,0.7194244604316546,0.9233158826828003,0.0,0.05165296047925949,0.12968351403061223
186.Cedar_Waxwing/Cedar_Waxwing_0051_178385.jpg,dinov3,0.8333333333333334,0.8666666666666667,0.9534180760383606,0.0,0.007392725441604853,0.26548549107142855
186.Cedar_Waxwing/Cedar_Waxwing_0113_178627.jpg,dinov3,0.7584269662921348,0.216,0.9572876691818237,0.0,0.022538626566529274,0.13333067602040816
187.American_Three_toed_Woodpecker/American_Three_Toed_Woodpecker_0028_796175.jpg,dinov3,0.5820433436532507,0.4360730593607306,0.9498869180679321,0.0,0.04643353819847107,0.20390226403061223
188.Pileated_Woodpecker/Pileated_Woodpecker_0075_180480.jpg,dinov3,0.1497175141242938,0.016556291390728478,0.9345361590385437,0.0,0.06949865072965622,0.0587531887755102
188.Pileated_Woodpecker/Pileated_Woodpecker_0093_180205.jpg,dinov3,0.010830324909747292,0.0782122905027933,0.9372683763504028,0.0205078125,0.02653253823518753,0.14142219387755103
188.Pileated_Woodpecker/Pileated_Woodpecker_0097_180392.jpg,dinov3,0.2837528604118993,0.0,0.9682897329330444,0.0,0.012903867289423943,0.12266820790816327
188.Pileated_Woodpecker/Pileated_Woodpecker_0106_180446.jpg,dinov3,0.1726027397260274,0.02005730659025788,0.9422526359558105,0.0,0.044914569705724716,0.07021285076530612
188.Pileated_Woodpecker/Pileated_Woodpecker_0027_179956.jpg,dinov3,0.5076923076923077,0.10714285714285714,0.9520581960678101,0.0,0.02497534081339836,0.25719467474489793
189.Red_bellied_Woodpecker/Red_Bellied_Woodpecker_0015_182320.jpg,dinov3,0.8613138686131386,0.00946969696969697,0.9308361411094666,0.0,0.039001721888780594,0.11517458545918367
189.Red_bellied_Woodpecker/Red_Bellied_Woodpecker_0032_181587.jpg,dinov3,0.5882352941176471,0.08305647840531562,0.9604708552360535,0.0,0.0276721753180027,0.04723373724489796
189.Red_bellied_Woodpecker/Red_Bellied_Woodpecker_0044_181122.jpg,dinov3,0.7180616740088106,0.03870967741935484,0.9526436924934387,0.0,0.023421766236424446,0.16328523596938777
189.Red_bellied_Woodpecker/Red_Bellied_Woodpecker_0070_181182.jpg,dinov3,0.7763975155279503,0.013157894736842105,0.9345616102218628,0.0,0.025644369423389435,0.12205038265306123
189.Red_bellied_Woodpecker/Red_Bellied_Woodpecker_0023_181958.jpg,dinov3,0.35201793721973096,0.3060428849902534,0.9484652280807495,0.0,0.027341658249497414,0.15361926020408162
189.Red_bellied_Woodpecker/Red_Bellied_Woodpecker_0068_180949.jpg,dinov3,0.28153564899451555,0.03302752293577982,0.948145866394043,0.0,0.037023790180683136,0.15491470025510204
190.Red_cockaded_Woodpecker/Red_Cockaded_Woodpecker_0042_182373.jpg,dinov3,0.0,0.030637254901960783,0.9623599648475647,0.0,0.04631027206778526,0.05470742984693878
190.Red_cockaded_Woodpecker/Red_Cockaded_Woodpecker_0048_182599.jpg,dinov3,0.1346578366445916,0.012269938650306749,0.9697853922843933,0.0,0.039149314165115356,0.08043686224489796
190.Red_cockaded_Woodpecker/Red_Cockaded_Woodpecker_0061_794728.jpg,dinov3,0.005319148936170213,0.003616636528028933,0.9693422913551331,0.0,0.05207878351211548,0.06670519770408163
190.Red_cockaded_Woodpecker/Red_Cockaded_Woodpecker_0051_182347.jpg,dinov3,0.07263513513513513,0.015228426395939087,0.9631161093711853,0.0,0.060727089643478394,0.16085379464285715
190.Red_cockaded_Woodpecker/Red_Cockaded_Woodpecker_0030_794711.jpg,dinov3,0.45840130505709625,0.327683615819209,0.9604255557060242,0.0,0.038997989147901535,0.2875279017857143
190.Red_cockaded_Woodpecker/Red_Cockaded_Woodpecker_0016_182493.jpg,dinov3,0.4305555555555556,0.004629629629629629,0.953117311000824,0.0,0.06945133954286575,0.09502551020408163
190.Red_cockaded_Woodpecker/Red_Cockaded_Woodpecker_0014_794718.jpg,dinov3,0.7008264462809918,0.6973684210526315,0.9570794105529785,0.0,0.053667955100536346,0.49021444515306123
191.Red_headed_Woodpecker/Red_Headed_Woodpecker_0087_183271.jpg,dinov3,0.10774410774410774,0.33480176211453744,0.9504509568214417,0.0,0.050285905599594116,0.2340361926020408
191.Red_headed_Woodpecker/Red_Headed_Woodpecker_0058_183086.jpg,dinov3,0.057815845824411134,0.04480651731160896,0.9350854158401489,0.0,0.04258421063423157,0.02564971301020408
191.Red_headed_Woodpecker/Red_Headed_Woodpecker_0042_182834.jpg,dinov3,0.8235294117647058,0.003468208092485549,0.9612417221069336,0.0,0.04397757723927498,0.05562420280612245
191.Red_headed_Woodpecker/Red_Headed_Woodpecker_0093_182925.jpg,dinov3,0.06653992395437262,0.1858267716535433,0.9540331959724426,0.0,0.03354600444436073,0.12300701530612244
191.Red_headed_Woodpecker/Red_Headed_Woodpecker_0099_183524.jpg,dinov3,0.8378378378378378,0.5709969788519638,0.9400067329406738,0.0,0.017876939848065376,0.1823780293367347
191.Red_headed_Woodpecker/Red_Headed_Woodpecker_0027_183029.jpg,dinov3,0.6216216216216216,0.3818646232439336,0.9528272747993469,0.0,0.022525276988744736,0.29530054209183676
192.Downy_Woodpecker/Downy_Woodpecker_0036_184048.jpg,dinov3,0.055445544554455446,0.1780185758513932,0.9640951156616211,0.0,0.028591236099600792,0.11734693877551021
193.Bewick_Wren/Bewick_Wren_0092_184901.jpg,dinov3,0.8888888888888888,0.8981481481481481,0.9424448013305664,0.0,0.02848130278289318,0.20593510841836735
193.Bewick_Wren/Bewick_Wren_0016_184999.jpg,dinov3,0.6190476190476191,0.0,0.9594136476516724,0.0,0.05075577646493912,0.052056760204081634
193.Bewick_Wren/Bewick_Wren_0027_185212.jpg,dinov3,0.8439306358381503,0.003667481662591687,0.945215106010437,0.0,0.027277899906039238,0.1449298469387755
194.Cactus_Wren/Cactus_Wren_0088_185873.jpg,dinov3,0.5585585585585585,0.00202020202020202,0.9483281970024109,0.0,0.028454087674617767,0.06877790178571429
194.Cactus_Wren/Cactus_Wren_0102_185902.jpg,dinov3,0.8770491803278688,0.8636363636363636,0.9451053142547607,0.0,0.02793574333190918,0.22951211734693877
194.Cactus_Wren/Cactus_Wren_0116_185927.jpg,dinov3,0.5804195804195804,0.6148148148148148,0.964365541934967,0.0,0.010593662969768047,0.15929926658163265
194.Cactus_Wren/Cactus_Wren_0120_185956.jpg,dinov3,0.8951612903225806,0.8951612903225806,0.9426316022872925,0.0,0.04304632544517517,0.11672911352040816
194.Cactus_Wren/Cactus_Wren_0046_186017.jpg,dinov3,0.05240174672489083,0.04130808950086059,0.9471530914306641,0.0,0.04140672832727432,0.025550063775510203
194.Cactus_Wren/Cactus_Wren_0085_185515.jpg,dinov3,0.9241573033707865,0.9589442815249267,0.9496301412582397,0.0,0.015329018235206604,0.3276267538265306
195.Carolina_Wren/Carolina_Wren_0130_186369.jpg,dinov3,0.7397260273972602,0.0,0.9553437232971191,0.0,0.01771760918200016,0.05239556760204082
195.Carolina_Wren/Carolina_Wren_0031_186713.jpg,dinov3,0.8252427184466019,0.5533980582524272,0.9564100503921509,0.0,0.013977964408695698,0.17592075892857142
195.Carolina_Wren/Carolina_Wren_0066_186818.jpg,dinov3,0.647887323943662,0.2713864306784661,0.9362282752990723,0.0,0.024431532248854637,0.0905014349489796
195.Carolina_Wren/Carolina_Wren_0006_186742.jpg,dinov3,0.16338582677165353,0.14209591474245115,0.9572955369949341,0.0,0.018382782116532326,0.08340640943877552
196.House_Wren/House_Wren_0004_187448.jpg,dinov3,0.6822429906542056,0.07903780068728522,0.9322500824928284,0.0,0.0599057711660862,0.07441804846938775
196.House_Wren/House_Wren_0103_187466.jpg,dinov3,0.5528455284552846,0.5491803278688525,0.9588826298713684,0.0,0.013980546966195107,0.13689811862244897
196.House_Wren/House_Wren_0064_187489.jpg,dinov3,0.25925925925925924,0.05304518664047151,0.9477865099906921,0.0146484375,0.016578827053308487,0.038584183673469385
196.House_Wren/House_Wren_0025_187160.jpg,dinov3,0.8402366863905325,0.4046242774566474,0.9535269141197205,0.0,0.02558484673500061,0.1390704719387755
196.House_Wren/House_Wren_0086_187815.jpg,dinov3,0.7777777777777778,0.44418052256532065,0.9291617274284363,0.0,0.0348629355430603,0.1962292729591837
197.Marsh_Wren/Marsh_Wren_0106_188100.jpg,dinov3,0.8088235294117647,0.009025270758122744,0.9386048316955566,0.0,0.06788291037082672,0.05542490433673469
197.Marsh_Wren/Marsh_Wren_0076_188108.jpg,dinov3,0.7211538461538461,0.18095238095238095,0.9293159246444702,0.0,0.018591944128274918,0.08474170918367346
197.Marsh_Wren/Marsh_Wren_0071_188111.jpg,dinov3,0.9298245614035088,0.9230769230769231,0.9393109083175659,0.0,0.03130383417010307,0.16352439413265307
197.Marsh_Wren/Marsh_Wren_0055_188123.jpg,dinov3,0.8,0.130568356374808,0.9330140948295593,0.0,0.018553802743554115,0.0848812181122449
197.Marsh_Wren/Marsh_Wren_0117_188676.jpg,dinov3,0.7916666666666666,0.12101910828025478,0.9543845653533936,0.0,0.03074702061712742,0.07734773596938775
197.Marsh_Wren/Marsh_Wren_0082_188699.jpg,dinov3,0.17942583732057416,0.07419898819561552,0.9544649124145508,0.0,0.02671746164560318,0.07081074617346939
197.Marsh_Wren/Marsh_Wren_0022_188280.jpg,dinov3,0.9289617486338798,0.9213483146067416,0.942113995552063,0.0,0.035900186747312546,0.1698421556122449
197.Marsh_Wren/Marsh_Wren_0048_188370.jpg,dinov3,0.5145631067961165,0.05162523900573614,0.9310629367828369,0.0,0.05362820252776146,0.053033322704081634
198.Rock_Wren/Rock_Wren_0065_188995.jpg,dinov3,0.7807017543859649,0.04240282685512368,0.9626338481903076,0.0,0.017560357227921486,0.08615672831632654
198.Rock_Wren/Rock_Wren_0025_188897.jpg,dinov3,0.003937007874015748,0.0022935779816513763,0.9700713157653809,0.0,0.02221369929611683,0.03459821428571429
198.Rock_Wren/Rock_Wren_0037_189256.jpg,dinov3,0.8364485981308412,0.38926174496644295,0.9563519954681396,0.0,0.019691307097673416,0.17580117984693877
198.Rock_Wren/Rock_Wren_0023_189075.jpg,dinov3,0.7468354430379747,0.0,0.9614306688308716,0.0,0.02053397335112095,0.0584343112244898
198.Rock_Wren/Rock_Wren_0020_188895.jpg,dinov3,0.13513513513513514,0.055989583333333336,0.9670586585998535,0.0,0.016851462423801422,0.048150510204081634
199.Winter_Wren/Winter_Wren_0122_189475.jpg,dinov3,0.5726495726495726,0.11208406304728546,0.9477740526199341,0.0,0.06327985972166061,0.07188695790816327
199.Winter_Wren/Winter_Wren_0050_189514.jpg,dinov3,0.912568306010929,0.42278481012658226,0.9366376399993896,0.0,0.03337786719202995,0.1659558354591837
199.Winter_Wren/Winter_Wren_0082_189549.jpg,dinov3,0.9117647058823529,0.9381443298969072,0.9492595195770264,0.0,0.043987855315208435,0.19013073979591838
199.Winter_Wren/Winter_Wren_0127_190091.jpg,dinov3,0.7819548872180451,0.0,0.9593111276626587,0.0,0.010899382643401623,0.10756138392857142
200.Common_Yellowthroat/Common_Yellowthroat_0099_190531.jpg,dinov3,0.40816326530612246,0.043557168784029036,0.9511476755142212,0.0048828125,0.02143312618136406,0.04125478316326531
200.Common_Yellowthroat/Common_Yellowthroat_0045_190563.jpg,dinov3,0.861244019138756,0.30357142857142855,0.953179657459259,0.0,0.01708417944610119,0.19445551658163265
200.Common_Yellowthroat/Common_Yellowthroat_0111_190569.jpg,dinov3,0.8214285714285714,0.8625592417061612,0.9448771476745605,0.0,0.018609516322612762,0.18534757653061223
200.Common_Yellowthroat/Common_Yellowthroat_0112_190571.jpg,dinov3,0.6023391812865497,0.21593291404612158,0.9637409448623657,0.0,0.007798499893397093,0.10325653698979592
200.Common_Yellowthroat/Common_Yellowthroat_0029_190403.jpg,dinov3,0.8842975206611571,0.20761904761904762,0.953641414642334,0.0,0.010169001296162605,0.10696348852040816
200.Common_Yellowthroat/Common_Yellowthroat_0070_190678.jpg,dinov3,0.26537216828478966,0.0,0.9505764245986938,0.0,0.013715218752622604,0.07892219387755102
200.Common_Yellowthroat/Common_Yellowthroat_0063_190440.jpg,dinov3,0.8671875,0.8780487804878049,0.9302928447723389,0.0,0.04636518284678459,0.11071029974489796
200.Common_Yellowthroat/Common_Yellowthroat_0008_190703.jpg,dinov3,0.8035714285714286,0.8469387755102041,0.9461430311203003,0.0,0.02924242429435253,0.0924545599489796
200.Common_Yellowthroat/Common_Yellowthroat_0055_190967.jpg,dinov3,0.8455882352941176,0.29411764705882354,0.9284759759902954,0.0,0.029294578358530998,0.11363998724489796
